{
"type": "FeatureCollection",
"name": "potensi_limbah_industri_kelapa_sawit",
"crs": { "type": "name", "properties": { "name": "urn:ogc:def:crs:OGC:1.3:CRS84" } },
"features": [
{ "type": "Feature", "properties": { "objectid": 1, "provinsi": "Aceh", "nama_pabri": "Koperasi Prima Jasa", "kapasitas": 30.0, "pot_pome": 0.822515, "pot_efb": 2.054524, "pot_fiber": 0.799555, "pot_shell": 1.475105, "jns_tek": "Biogas, Biomass Combustion", "alamat": " Bayeun", "kecamatan": "Rantau Selamat", "kab_kot": "Aceh Timur", "latitude": 4.5978, "longitude": 97.901908 }, "geometry": { "type": "Point", "coordinates": [ 97.901908300000059, 4.5978 ] } },
{ "type": "Feature", "properties": { "objectid": 2, "provinsi": "Sumatera Utara", "nama_pabri": "PT Abdi Budi Mulya", "kapasitas": 30.0, "pot_pome": 0.822515, "pot_efb": 2.054524, "pot_fiber": 0.799555, "pot_shell": 1.475105, "jns_tek": "Biogas, Biomass Combustion", "alamat": " Teluk Panjir", "kecamatan": "Desa Rakyat", "kab_kot": "Labuhan Batu Selatan", "latitude": 2.0516, "longitude": 100.251178 }, "geometry": { "type": "Point", "coordinates": [ 100.25117780000005, 2.0516 ] } },
{ "type": "Feature", "properties": { "objectid": 3, "provinsi": "Riau", "nama_pabri": "PT Adei Plantations", "kapasitas": 60.0, "pot_pome": 1.64503, "pot_efb": 4.109049, "pot_fiber": 1.599111, "pot_shell": 2.95021, "jns_tek": "Biogas, Biomass Combustion", "alamat": " Sungai Buluh", "kecamatan": "Bunut", "kab_kot": "Pelalawan", "latitude": 0.3525, "longitude": 102.094722 }, "geometry": { "type": "Point", "coordinates": [ 102.094722200000035, 0.3525 ] } },
{ "type": "Feature", "properties": { "objectid": 4, "provinsi": "Riau", "nama_pabri": "PT Adei Plantations", "kapasitas": 90.0, "pot_pome": 2.467546, "pot_efb": 6.163573, "pot_fiber": 2.398666, "pot_shell": 4.425315, "jns_tek": "Biogas, Biomass Combustion", "alamat": " Telayap", "kecamatan": "Pelalawan", "kab_kot": "Pelalawan", "latitude": 0.348056, "longitude": 101.971667 }, "geometry": { "type": "Point", "coordinates": [ 101.971666700000071, 0.34805555600002 ] } },
{ "type": "Feature", "properties": { "objectid": 5, "provinsi": "Riau", "nama_pabri": "PT Adei Plantations", "kapasitas": 60.0, "pot_pome": 1.64503, "pot_efb": 4.109049, "pot_fiber": 1.599111, "pot_shell": 2.95021, "jns_tek": "Biogas, Biomass Combustion", "alamat": " Tengganau", "kecamatan": "Pinggir", "kab_kot": "Bengkalis", "latitude": 1.082222, "longitude": 101.333056 }, "geometry": { "type": "Point", "coordinates": [ 101.33305560000008, 1.082222222000041 ] } },
{ "type": "Feature", "properties": { "objectid": 6, "provinsi": "Kalimantan Tengah", "nama_pabri": "PT Adhyaksa Dharmasatya", "kapasitas": 45.0, "pot_pome": 1.233773, "pot_efb": 3.081786, "pot_fiber": 1.199333, "pot_shell": 2.212657, "jns_tek": "Biogas, Biomass Combustion", "alamat": " Tenjung Jorong", "kecamatan": "Tualan Hulu", "kab_kot": "Kotawaringin Timur", "latitude": -1.589155, "longitude": 112.863606 }, "geometry": { "type": "Point", "coordinates": [ 112.863606, -1.589155 ] } },
{ "type": "Feature", "properties": { "objectid": 7, "provinsi": "Riau", "nama_pabri": "PT Adi Mulya Agrolestari", "kapasitas": 30.0, "pot_pome": 0.822515, "pot_efb": 2.054524, "pot_fiber": 0.799555, "pot_shell": 1.475105, "jns_tek": "Biogas, Biomass Combustion", "alamat": " Gunung Mulia", "kecamatan": "Gunung Sahilan", "kab_kot": "Kampar", "latitude": 0.110583, "longitude": 101.386944 }, "geometry": { "type": "Point", "coordinates": [ 101.386944400000061, 0.110583333000022 ] } },
{ "type": "Feature", "properties": { "objectid": 8, "provinsi": "Jambi", "nama_pabri": "PT Adimulia Palmo Lestari", "kapasitas": 30.0, "pot_pome": 0.822515, "pot_efb": 2.054524, "pot_fiber": 0.799555, "pot_shell": 1.475105, "jns_tek": "Biogas, Biomass Combustion", "alamat": " Kembang Seri", "kecamatan": "Marosebo", "kab_kot": "Batang Hari", "latitude": -1.56875, "longitude": 102.817278 }, "geometry": { "type": "Point", "coordinates": [ 102.817277800000056, -1.56875 ] } },
{ "type": "Feature", "properties": { "objectid": 9, "provinsi": "Kalimantan Tengah", "nama_pabri": "PT Aditunggal Mahajaya", "kapasitas": 80.0, "pot_pome": 2.193374, "pot_efb": 5.478731, "pot_fiber": 2.132148, "pot_shell": 3.933613, "jns_tek": "Biogas, Biomass Combustion", "alamat": " Ayawan dan  Sukamandang", "kecamatan": "Seruyan Tengah", "kab_kot": "Seruyan", "latitude": -2.076542, "longitude": 112.247211 }, "geometry": { "type": "Point", "coordinates": [ 112.247211100000072, -2.07654169999995 ] } },
{ "type": "Feature", "properties": { "objectid": 10, "provinsi": "Kalimantan Barat", "nama_pabri": "PT Aditya Agroindo", "kapasitas": 45.0, "pot_pome": 1.233773, "pot_efb": 3.081786, "pot_fiber": 1.199333, "pot_shell": 2.212657, "jns_tek": "Biogas, Biomass Combustion", "alamat": " Sekucing Labai/Kualan Hilir/Balai Pinang", "kecamatan": "Simpang Hulu", "kab_kot": "Ketapang", "latitude": -0.475922, "longitude": 110.164119 }, "geometry": { "type": "Point", "coordinates": [ 110.164119400000061, -0.475922199999957 ] } },
{ "type": "Feature", "properties": { "objectid": 11, "provinsi": "Sumatera Selatan", "nama_pabri": "PT Aek Tarum", "kapasitas": 60.0, "pot_pome": 1.64503, "pot_efb": 4.109049, "pot_fiber": 1.599111, "pot_shell": 2.95021, "jns_tek": "Biogas, Biomass Combustion", "alamat": " Sumber Baru", "kecamatan": "Mesuji Raya", "kab_kot": "Ogan Komering Ilir", "latitude": -3.837203, "longitude": 104.969394 }, "geometry": { "type": "Point", "coordinates": [ 104.969394400000056, -3.837202777999948 ] } },
{ "type": "Feature", "properties": { "objectid": 12, "provinsi": "Aceh", "nama_pabri": "PT Agra Bumi Niaga", "kapasitas": 30.0, "pot_pome": 0.822515, "pot_efb": 2.054524, "pot_fiber": 0.799555, "pot_shell": 1.475105, "jns_tek": "Biogas, Biomass Combustion", "alamat": " Arul Pinang", "kecamatan": "Peunaron", "kab_kot": "Aceh Timur", "latitude": 4.624522, "longitude": 97.633114 }, "geometry": { "type": "Point", "coordinates": [ 97.633113900000069, 4.624522200000058 ] } },
{ "type": "Feature", "properties": { "objectid": 13, "provinsi": "Kalimantan Barat", "nama_pabri": "PT Agra Jaya Bhaktitama", "kapasitas": 45.0, "pot_pome": 1.233773, "pot_efb": 3.081786, "pot_fiber": 1.199333, "pot_shell": 2.212657, "jns_tek": "Biogas, Biomass Combustion", "alamat": " Lanjut Mekar Sari", "kecamatan": "Sungai Laur", "kab_kot": "Ketapang", "latitude": -0.910936, "longitude": 110.557303 }, "geometry": { "type": "Point", "coordinates": [ 110.557302800000059, -0.910936099999958 ] } },
{ "type": "Feature", "properties": { "objectid": 14, "provinsi": "Bengkulu", "nama_pabri": "PT Agra Sawitindo", "kapasitas": 45.0, "pot_pome": 1.233773, "pot_efb": 3.081786, "pot_fiber": 1.199333, "pot_shell": 2.212657, "jns_tek": "Biogas, Biomass Combustion", "alamat": "Jl. Raya Bengkulu - Curup KM 20", "kecamatan": "Ujung Karang", "kab_kot": "Bengkulu Tengah", "latitude": -3.779542, "longitude": 102.404151 }, "geometry": { "type": "Point", "coordinates": [ 102.404151400000046, -3.779541775999974 ] } },
{ "type": "Feature", "properties": { "objectid": 15, "provinsi": "Kalimantan Timur", "nama_pabri": "PT Agri EastBorneo Kencana/ Sawit Kaltim Lestari", "kapasitas": 45.0, "pot_pome": 1.233773, "pot_efb": 3.081786, "pot_fiber": 1.199333, "pot_shell": 2.212657, "jns_tek": "Biogas, Biomass Combustion", "alamat": " Sabintulung", "kecamatan": "Muara Kaman", "kab_kot": "Kutai Kartanegara", "latitude": 0.133231, "longitude": 116.920436 }, "geometry": { "type": "Point", "coordinates": [ 116.920436100000074, 0.133230600000047 ] } },
{ "type": "Feature", "properties": { "objectid": 16, "provinsi": "Bengkulu", "nama_pabri": "PT Agriandalas", "kapasitas": 60.0, "pot_pome": 1.64503, "pot_efb": 4.109049, "pot_fiber": 1.599111, "pot_shell": 2.95021, "jns_tek": "Biogas, Biomass Combustion", "alamat": " Rawah Indah", "kecamatan": "Ilir Talo", "kab_kot": "Seluma", "latitude": -3.996586, "longitude": 102.427609 }, "geometry": { "type": "Point", "coordinates": [ 102.427608500000076, -3.996586299999933 ] } },
{ "type": "Feature", "properties": { "objectid": 17, "provinsi": "Kalimantan Barat", "nama_pabri": "PT Agrina Plantation", "kapasitas": 60.0, "pot_pome": 1.64503, "pot_efb": 4.109049, "pot_fiber": 1.599111, "pot_shell": 2.95021, "jns_tek": "Biogas, Biomass Combustion", "alamat": " Pana", "kecamatan": " Kec Kapuas", "kab_kot": "Sanggau", "latitude": 0.06995, "longitude": 110.69387 }, "geometry": { "type": "Point", "coordinates": [ 110.69387, 0.06995 ] } },
{ "type": "Feature", "properties": { "objectid": 18, "provinsi": "Sumatera Utara", "nama_pabri": "PT Agrindo Indah Persada-1", "kapasitas": 30.0, "pot_pome": 0.822515, "pot_efb": 2.054524, "pot_fiber": 0.799555, "pot_shell": 1.475105, "jns_tek": "Biogas, Biomass Combustion", "alamat": "Bandar Pasir Mandoge", "kecamatan": "Bandar Pasir Mandoge", "kab_kot": "Asahan", "latitude": 2.779952, "longitude": 99.393142 }, "geometry": { "type": "Point", "coordinates": [ 99.393142, 2.779952 ] } },
{ "type": "Feature", "properties": { "objectid": 19, "provinsi": "Jambi", "nama_pabri": "PT Agrindo Indah Persada-2", "kapasitas": 60.0, "pot_pome": 1.64503, "pot_efb": 4.109049, "pot_fiber": 1.599111, "pot_shell": 2.95021, "jns_tek": "Biogas, Biomass Combustion", "alamat": " Tambang Baru", "kecamatan": " Tabir Lintas", "kab_kot": "Merangin", "latitude": -1.963888, "longitude": 102.301339 }, "geometry": { "type": "Point", "coordinates": [ 102.301339, -1.963888 ] } },
{ "type": "Feature", "properties": { "objectid": 20, "provinsi": "Bengkulu", "nama_pabri": "PT Agrindo Indah Persada-3", "kapasitas": 30.0, "pot_pome": 0.822515, "pot_efb": 2.054524, "pot_fiber": 0.799555, "pot_shell": 1.475105, "jns_tek": "Biogas, Biomass Combustion", "alamat": " Tumbuan", "kecamatan": "Lubuk Sandi", "kab_kot": "Seluma", "latitude": -4.01263, "longitude": 102.496594 }, "geometry": { "type": "Point", "coordinates": [ 102.496594, -4.01263 ] } },
{ "type": "Feature", "properties": { "objectid": 21, "provinsi": "Riau", "nama_pabri": "PT Agrita Sari Prima", "kapasitas": 60.0, "pot_pome": 1.64503, "pot_efb": 4.109049, "pot_fiber": 1.599111, "pot_shell": 2.95021, "jns_tek": "Biogas, Biomass Combustion", "alamat": " Langkan", "kecamatan": "Langgam", "kab_kot": "Pelalawan", "latitude": 0.150594, "longitude": 101.769486 }, "geometry": { "type": "Point", "coordinates": [ 101.769486100000051, 0.150594400000045 ] } },
{ "type": "Feature", "properties": { "objectid": 22, "provinsi": "Riau", "nama_pabri": "PT Agro Abadi", "kapasitas": 45.0, "pot_pome": 1.233773, "pot_efb": 3.081786, "pot_fiber": 1.199333, "pot_shell": 2.212657, "jns_tek": "Biogas, Biomass Combustion", "alamat": " Lubuk Sakat", "kecamatan": "Perhentian Raja", "kab_kot": "Kampar", "latitude": 0.34725, "longitude": 101.47458 }, "geometry": { "type": "Point", "coordinates": [ 101.47458, 0.34725 ] } },
{ "type": "Feature", "properties": { "objectid": 23, "provinsi": "Kalimantan Tengah", "nama_pabri": "PT Agro Bukit", "kapasitas": 90.0, "pot_pome": 2.467546, "pot_efb": 6.163573, "pot_fiber": 2.398666, "pot_shell": 4.425315, "jns_tek": "Biogas, Biomass Combustion", "alamat": " Mentara Seberang", "kecamatan": "Seranau", "kab_kot": "Kotawaringin Timur", "latitude": -2.563378, "longitude": 113.0346 }, "geometry": { "type": "Point", "coordinates": [ 113.0346, -2.56337777799996 ] } },
{ "type": "Feature", "properties": { "objectid": 24, "provinsi": "Lampung", "nama_pabri": "PT Agro Bumi Mas", "kapasitas": 30.0, "pot_pome": 0.822515, "pot_efb": 2.054524, "pot_fiber": 0.799555, "pot_shell": 1.475105, "jns_tek": "Biogas, Biomass Combustion", "alamat": " Hanakau Jaya", "kecamatan": "Hulu Sungkai", "kab_kot": "Lampung Utara", "latitude": -4.574, "longitude": 104.758414 }, "geometry": { "type": "Point", "coordinates": [ 104.758414, -4.573999532999949 ] } },
{ "type": "Feature", "properties": { "objectid": 25, "provinsi": "Kalimantan Timur", "nama_pabri": "PT Agro Indomas", "kapasitas": 60.0, "pot_pome": 1.64503, "pot_efb": 4.109049, "pot_fiber": 1.599111, "pot_shell": 2.95021, "jns_tek": "Biogas, Biomass Combustion", "alamat": " Pemaluan", "kecamatan": "Sepaku", "kab_kot": "Penajam Paser Utara", "latitude": -1.019475, "longitude": 116.687083 }, "geometry": { "type": "Point", "coordinates": [ 116.68708330000004, -1.019475 ] } },
{ "type": "Feature", "properties": { "objectid": 26, "provinsi": "Kalimantan Tengah", "nama_pabri": "PT Agro Indomas", "kapasitas": 60.0, "pot_pome": 1.64503, "pot_efb": 4.109049, "pot_fiber": 1.599111, "pot_shell": 2.95021, "jns_tek": "Biogas, Biomass Combustion", "alamat": "KM. 75  Sampit", "kecamatan": " Pangkalan Bun", "kab_kot": "Seruyan", "latitude": -2.480278, "longitude": 112.443889 }, "geometry": { "type": "Point", "coordinates": [ 112.443888900000047, -2.480277777999959 ] } },
{ "type": "Feature", "properties": { "objectid": 27, "provinsi": "Kalimantan Tengah", "nama_pabri": "PT Agro Indomas", "kapasitas": 90.0, "pot_pome": 2.467546, "pot_efb": 6.163573, "pot_fiber": 2.398666, "pot_shell": 4.425315, "jns_tek": "Biogas, Biomass Combustion", "alamat": "Km.75 Sampit", "kecamatan": " Pangakalan Bun", "kab_kot": "Seruyan", "latitude": -2.559975, "longitude": 112.373611 }, "geometry": { "type": "Point", "coordinates": [ 112.373611100000062, -2.559975 ] } },
{ "type": "Feature", "properties": { "objectid": 28, "provinsi": "Kalimantan Timur", "nama_pabri": "PT Agro Inti Kencana Mas", "kapasitas": 45.0, "pot_pome": 1.233773, "pot_efb": 3.081786, "pot_fiber": 1.199333, "pot_shell": 2.212657, "jns_tek": "Biogas, Biomass Combustion", "alamat": " Riwang", "kecamatan": "Batu Engau", "kab_kot": "Paser", "latitude": -2.222778, "longitude": 116.355833 }, "geometry": { "type": "Point", "coordinates": [ 116.355833300000086, -2.222777777999966 ] } },
{ "type": "Feature", "properties": { "objectid": 29, "provinsi": "Kalimantan Timur", "nama_pabri": "PT Agro Jaya Tirta Kencana", "kapasitas": 60.0, "pot_pome": 1.64503, "pot_efb": 4.109049, "pot_fiber": 1.599111, "pot_shell": 2.95021, "jns_tek": "Biogas, Biomass Combustion", "alamat": " Sabintulung", "kecamatan": "Muara Kaman", "kab_kot": "Kutai Kartanegara", "latitude": -0.116953, "longitude": 116.773186 }, "geometry": { "type": "Point", "coordinates": [ 116.773186100000089, -0.116952799999979 ] } },
{ "type": "Feature", "properties": { "objectid": 30, "provinsi": "Kalimantan Barat", "nama_pabri": "PT Agro Lestari Mandiri", "kapasitas": 40.0, "pot_pome": 1.096687, "pot_efb": 2.739366, "pot_fiber": 1.066074, "pot_shell": 1.966806, "jns_tek": "Biogas, Biomass Combustion", "alamat": " Sungai Kelik", "kecamatan": "Nanga Tayap", "kab_kot": "Ketapang", "latitude": -1.521111, "longitude": 110.458889 }, "geometry": { "type": "Point", "coordinates": [ 110.458888900000034, -1.521111110999925 ] } },
{ "type": "Feature", "properties": { "objectid": 31, "provinsi": "Bangka-Belitung", "nama_pabri": "PT Agro Makmur Abadi", "kapasitas": 60.0, "pot_pome": 1.64503, "pot_efb": 4.109049, "pot_fiber": 1.599111, "pot_shell": 2.95021, "jns_tek": "Biogas, Biomass Combustion", "alamat": " Buding", "kecamatan": "Kelapa Kampit", "kab_kot": "Belitung Timur", "latitude": -2.738889, "longitude": 107.980556 }, "geometry": { "type": "Point", "coordinates": [ 107.980555600000059, -2.738888888999952 ] } },
{ "type": "Feature", "properties": { "objectid": 32, "provinsi": "Sumatera Barat", "nama_pabri": "PT Agro Masang Perkasa", "kapasitas": 80.0, "pot_pome": 2.193374, "pot_efb": 5.478731, "pot_fiber": 2.132148, "pot_shell": 3.933613, "jns_tek": "Biogas, Biomass Combustion", "alamat": " Tepian Kadir/Palembayan", "kecamatan": "Agam", "kab_kot": "Agam", "latitude": -0.154889, "longitude": 100.029111 }, "geometry": { "type": "Point", "coordinates": [ 100.02911110000008, -0.154888888999949 ] } },
{ "type": "Feature", "properties": { "objectid": 33, "provinsi": "Jambi", "nama_pabri": "PT Agro Mitra Madani", "kapasitas": 60.0, "pot_pome": 1.64503, "pot_efb": 4.109049, "pot_fiber": 1.599111, "pot_shell": 2.95021, "jns_tek": "Biogas, Biomass Combustion", "alamat": " Talang Makmur", "kecamatan": "Tebing Tinggi", "kab_kot": "Tanjung Jabung Barat", "latitude": -1.077015, "longitude": 103.109856 }, "geometry": { "type": "Point", "coordinates": [ 103.109856300000047, -1.077015333999952 ] } },
{ "type": "Feature", "properties": { "objectid": 34, "provinsi": "Bengkulu", "nama_pabri": "PT Agro Muko 1", "kapasitas": 60.0, "pot_pome": 1.64503, "pot_efb": 4.109049, "pot_fiber": 1.599111, "pot_shell": 2.95021, "jns_tek": "Biogas, Biomass Combustion", "alamat": " Teruntung", "kecamatan": "Teras Terunjam", "kab_kot": "Mukomuko", "latitude": -2.601, "longitude": 101.279 }, "geometry": { "type": "Point", "coordinates": [ 101.279, -2.601 ] } },
{ "type": "Feature", "properties": { "objectid": 35, "provinsi": "Bengkulu", "nama_pabri": "PT Agro Muko 2", "kapasitas": 60.0, "pot_pome": 1.64503, "pot_efb": 4.109049, "pot_fiber": 1.599111, "pot_shell": 2.95021, "jns_tek": "Biogas, Biomass Combustion", "alamat": " Berangan Mulia", "kecamatan": "Teramang Jaya", "kab_kot": "Mukomuko", "latitude": -2.716667, "longitude": 101.366667 }, "geometry": { "type": "Point", "coordinates": [ 101.366666700000053, -2.71666666699997 ] } },
{ "type": "Feature", "properties": { "objectid": 36, "provinsi": "Sulawesi Tengah", "nama_pabri": "PT Agro Nusa Abadi", "kapasitas": 45.0, "pot_pome": 1.233773, "pot_efb": 3.081786, "pot_fiber": 1.199333, "pot_shell": 2.212657, "jns_tek": "Biogas, Biomass Combustion", "alamat": " Bungintimbe", "kecamatan": "Petasia Timur", "kab_kot": "Morowali", "latitude": -2.123889, "longitude": 121.486961 }, "geometry": { "type": "Point", "coordinates": [ 121.48696110000003, -2.12388889999994 ] } },
{ "type": "Feature", "properties": { "objectid": 37, "provinsi": "Kalimantan Barat", "nama_pabri": "PT Agro Nusa Investama", "kapasitas": 30.0, "pot_pome": 0.822515, "pot_efb": 2.054524, "pot_fiber": 0.799555, "pot_shell": 1.475105, "jns_tek": "Biogas, Biomass Combustion", "alamat": " Sebatih", "kecamatan": " Sengah Temila", "kab_kot": "Landak", "latitude": 0.27533, "longitude": 109.73139 }, "geometry": { "type": "Point", "coordinates": [ 109.73139, 0.27533 ] } },
{ "type": "Feature", "properties": { "objectid": 38, "provinsi": "Kalimantan Barat", "nama_pabri": "PT Agro Nusa Investama", "kapasitas": 20.0, "pot_pome": 0.548343, "pot_efb": 1.369683, "pot_fiber": 0.533037, "pot_shell": 0.983403, "jns_tek": "Biogas, Biomass Combustion", "alamat": " Semangga", "kecamatan": "Sejangkung", "kab_kot": "Sambas", "latitude": 1.421389, "longitude": 109.512778 }, "geometry": { "type": "Point", "coordinates": [ 109.512777800000038, 1.42138888900007 ] } },
{ "type": "Feature", "properties": { "objectid": 39, "provinsi": "Sumatera Selatan", "nama_pabri": "PT Agro Palindo Sakti 1", "kapasitas": 15.0, "pot_pome": 0.411258, "pot_efb": 1.027262, "pot_fiber": 0.399778, "pot_shell": 0.737552, "jns_tek": "Biogas, Biomass Combustion", "alamat": " Meranti", "kecamatan": "Suak Tapeh", "kab_kot": "Banyuasin", "latitude": -2.711615, "longitude": 104.342388 }, "geometry": { "type": "Point", "coordinates": [ 104.34238780000004, -2.711614721999979 ] } },
{ "type": "Feature", "properties": { "objectid": 40, "provinsi": "Kalimantan Barat", "nama_pabri": "PT Agro Palindo Sakti 2", "kapasitas": 45.0, "pot_pome": 1.233773, "pot_efb": 3.081786, "pot_fiber": 1.199333, "pot_shell": 2.212657, "jns_tek": "Biogas, Biomass Combustion", "alamat": " Mandong", "kecamatan": " Tayan Hulu", "kab_kot": "Sanggau", "latitude": 0.30308, "longitude": 110.196 }, "geometry": { "type": "Point", "coordinates": [ 110.196, 0.30308 ] } },
{ "type": "Feature", "properties": { "objectid": 41, "provinsi": "Riau", "nama_pabri": "PT Agro Sarimas Indonesia", "kapasitas": 60.0, "pot_pome": 1.64503, "pot_efb": 4.109049, "pot_fiber": 1.599111, "pot_shell": 2.95021, "jns_tek": "Biogas, Biomass Combustion", "alamat": " Sei. Gantang", "kecamatan": "Kempas", "kab_kot": "Indragiri Hilir", "latitude": -0.517169, "longitude": 102.922539 }, "geometry": { "type": "Point", "coordinates": [ 102.922538900000063, -0.517169399999943 ] } },
{ "type": "Feature", "properties": { "objectid": 42, "provinsi": "Kalimantan Barat", "nama_pabri": "PT Agro Sejahtera Manunggal", "kapasitas": 45.0, "pot_pome": 1.233773, "pot_efb": 3.081786, "pot_fiber": 1.199333, "pot_shell": 2.212657, "jns_tek": "Biogas, Biomass Combustion", "alamat": " Seriam", "kecamatan": "Kendawangan", "kab_kot": "Ketapang", "latitude": -2.546111, "longitude": 110.381944 }, "geometry": { "type": "Point", "coordinates": [ 110.381944400000066, -2.546111110999959 ] } },
{ "type": "Feature", "properties": { "objectid": 43, "provinsi": "Kalimantan Barat", "nama_pabri": "PT Agro Sukses Lestari", "kapasitas": 80.0, "pot_pome": 2.193374, "pot_efb": 5.478731, "pot_fiber": 2.132148, "pot_shell": 3.933613, "jns_tek": "Biogas, Biomass Combustion", "alamat": " Nanga Lebang", "kecamatan": " Kelam Permai", "kab_kot": "Sintang", "latitude": 0.2295, "longitude": 111.6659 }, "geometry": { "type": "Point", "coordinates": [ 111.6659, 0.2295 ] } },
{ "type": "Feature", "properties": { "objectid": 44, "provinsi": "Aceh", "nama_pabri": "PT Agro Tamiang Lestari", "kapasitas": 20.0, "pot_pome": 0.548343, "pot_efb": 1.369683, "pot_fiber": 0.533037, "pot_shell": 0.983403, "jns_tek": "Biogas, Biomass Combustion", "alamat": " Selubu/Alur Selubu", "kecamatan": "Kejuruan Muda", "kab_kot": "Aceh Tamiang", "latitude": 4.156767, "longitude": 97.997436 }, "geometry": { "type": "Point", "coordinates": [ 97.997436100000073, 4.156766700000048 ] } },
{ "type": "Feature", "properties": { "objectid": 45, "provinsi": "Jambi", "nama_pabri": "PT Agro Tumbuh Gemilang Abadi", "kapasitas": 45.0, "pot_pome": 1.233773, "pot_efb": 3.081786, "pot_fiber": 1.199333, "pot_shell": 2.212657, "jns_tek": "Biogas, Biomass Combustion", "alamat": " Teluk Dawan", "kecamatan": "Sabak Barat", "kab_kot": "Tanjung Jabung Timur", "latitude": -1.272244, "longitude": 103.815428 }, "geometry": { "type": "Point", "coordinates": [ 103.815427800000066, -1.272244399999977 ] } },
{ "type": "Feature", "properties": { "objectid": 46, "provinsi": "Kalimantan Timur", "nama_pabri": "PT Agrojaya Tirta Kencana", "kapasitas": 60.0, "pot_pome": 1.64503, "pot_efb": 4.109049, "pot_fiber": 1.599111, "pot_shell": 2.95021, "jns_tek": "Biogas, Biomass Combustion", "alamat": " Puan Cepak", "kecamatan": "Muara Kaman", "kab_kot": "Kutai Kartanegara", "latitude": 0.032867, "longitude": 116.938161 }, "geometry": { "type": "Point", "coordinates": [ 116.938161100000116, 0.032866700000056 ] } },
{ "type": "Feature", "properties": { "objectid": 47, "provinsi": "Kalimantan Barat", "nama_pabri": "PT Agrowiratama", "kapasitas": 45.0, "pot_pome": 1.233773, "pot_efb": 3.081786, "pot_fiber": 1.199333, "pot_shell": 2.212657, "jns_tek": "Biogas, Biomass Combustion", "alamat": " Sambas", "kecamatan": "Sambas", "kab_kot": "Sambas", "latitude": 1.344203, "longitude": 109.306989 }, "geometry": { "type": "Point", "coordinates": [ 109.306988900000079, 1.344202800000062 ] } },
{ "type": "Feature", "properties": { "objectid": 48, "provinsi": "Sumatera Barat", "nama_pabri": "PT Agrowiratama", "kapasitas": 30.0, "pot_pome": 0.822515, "pot_efb": 2.054524, "pot_fiber": 0.799555, "pot_shell": 1.475105, "jns_tek": "Biogas, Biomass Combustion", "alamat": "Jorong Aie Aji/Nagarai Sungai Aua", "kecamatan": "Sungai Aua", "kab_kot": "Pasaman Barat", "latitude": 0.198958, "longitude": 99.626589 }, "geometry": { "type": "Point", "coordinates": [ 99.62658889000005, 0.198958333000064 ] } },
{ "type": "Feature", "properties": { "objectid": 49, "provinsi": "Jambi", "nama_pabri": "PT Agrowiyana Plantation", "kapasitas": 60.0, "pot_pome": 1.64503, "pot_efb": 4.109049, "pot_fiber": 1.599111, "pot_shell": 2.95021, "jns_tek": "Biogas, Biomass Combustion", "alamat": "Jalan utama WKS KM.11,  Tebi", "kecamatan": "Tungkal Ulu", "kab_kot": "Tanjung Jabung", "latitude": -1.129736, "longitude": 103.199321 }, "geometry": { "type": "Point", "coordinates": [ 103.199320500000056, -1.12973646599994 ] } },
{ "type": "Feature", "properties": { "objectid": 50, "provinsi": "Kalimantan Selatan", "nama_pabri": "PT Alam Tri Abadi", "kapasitas": 30.0, "pot_pome": 0.822515, "pot_efb": 2.054524, "pot_fiber": 0.799555, "pot_shell": 1.475105, "jns_tek": "Biogas, Biomass Combustion", "alamat": " Kasiau", "kecamatan": "Murung Pudak", "kab_kot": "Tabalong", "latitude": -2.158766, "longitude": 115.444964 }, "geometry": { "type": "Point", "coordinates": [ 115.444964, -2.158766 ] } },
{ "type": "Feature", "properties": { "objectid": 51, "provinsi": "Kalimantan Selatan", "nama_pabri": "PT Alamraya Kencana Mas", "kapasitas": 60.0, "pot_pome": 1.64503, "pot_efb": 4.109049, "pot_fiber": 1.599111, "pot_shell": 2.95021, "jns_tek": "Biogas, Biomass Combustion", "alamat": " Sengayam", "kecamatan": "Pamukan", "kab_kot": "Kotabaru", "latitude": -2.403444, "longitude": 115.988583 }, "geometry": { "type": "Point", "coordinates": [ 115.988583300000073, -2.403444443999945 ] } },
{ "type": "Feature", "properties": { "objectid": 52, "provinsi": "Bengkulu", "nama_pabri": "PT Alno Agro Utama", "kapasitas": 60.0, "pot_pome": 1.64503, "pot_efb": 4.109049, "pot_fiber": 1.599111, "pot_shell": 2.95021, "jns_tek": "Biogas, Biomass Combustion", "alamat": " Napal Putih", "kecamatan": "Napal Putih", "kab_kot": "Bengkulu", "latitude": -3.133583, "longitude": 101.875694 }, "geometry": { "type": "Point", "coordinates": [ 101.875694400000043, -3.133583332999933 ] } },
{ "type": "Feature", "properties": { "objectid": 53, "provinsi": "Sumatera Utara", "nama_pabri": "PT Amal Tani", "kapasitas": 30.0, "pot_pome": 0.822515, "pot_efb": 2.054524, "pot_fiber": 0.799555, "pot_shell": 1.475105, "jns_tek": "Biogas, Biomass Combustion", "alamat": " Perkebunan Amal Tani", "kecamatan": "Serapit", "kab_kot": "Langkat", "latitude": 3.587967, "longitude": 98.304417 }, "geometry": { "type": "Point", "coordinates": [ 98.30441667000008, 3.587966667000046 ] } },
{ "type": "Feature", "properties": { "objectid": 54, "provinsi": "Lampung", "nama_pabri": "PT Anaktuha Sawit Mandiri", "kapasitas": 60.0, "pot_pome": 1.64503, "pot_efb": 4.109049, "pot_fiber": 1.599111, "pot_shell": 2.95021, "jns_tek": "Biogas, Biomass Combustion", "alamat": " Bumi Arum", "kecamatan": "Ratu Nuban", "kab_kot": "Pringsewu", "latitude": -5.093692, "longitude": 105.186047 }, "geometry": { "type": "Point", "coordinates": [ 105.186047200000075, -5.093691699999965 ] } },
{ "type": "Feature", "properties": { "objectid": 55, "provinsi": "Sumatera Barat", "nama_pabri": "PT Andalas Agro Industri", "kapasitas": 60.0, "pot_pome": 1.64503, "pot_efb": 4.109049, "pot_fiber": 1.599111, "pot_shell": 2.95021, "jns_tek": "Biogas, Biomass Combustion", "alamat": "Pasaman barat", "kecamatan": " Kinali", "kab_kot": "Pasaman Barat", "latitude": -0.053707, "longitude": 99.972421 }, "geometry": { "type": "Point", "coordinates": [ 99.972421400000087, -0.05370749399998 ] } },
{ "type": "Feature", "properties": { "objectid": 56, "provinsi": "Sumatera Selatan", "nama_pabri": "PT Andira Agro", "kapasitas": 30.0, "pot_pome": 0.822515, "pot_efb": 2.054524, "pot_fiber": 0.799555, "pot_shell": 1.475105, "jns_tek": "Biogas, Biomass Combustion", "alamat": " Kerang Anyar", "kecamatan": "Muara Padang", "kab_kot": "Banyuasin", "latitude": -2.786617, "longitude": 105.098883 }, "geometry": { "type": "Point", "coordinates": [ 105.098883300000068, -2.786616666999976 ] } },
{ "type": "Feature", "properties": { "objectid": 57, "provinsi": "Riau", "nama_pabri": "PT Aneka Inti Persada", "kapasitas": 45.0, "pot_pome": 1.233773, "pot_efb": 3.081786, "pot_fiber": 1.199333, "pot_shell": 2.212657, "jns_tek": "Biogas, Biomass Combustion", "alamat": " Meredan", "kecamatan": "Tualang dan Kuto Gasib", "kab_kot": "Siak", "latitude": 0.591389, "longitude": 101.658889 }, "geometry": { "type": "Point", "coordinates": [ 101.658888900000079, 0.591388889000029 ] } },
{ "type": "Feature", "properties": { "objectid": 58, "provinsi": "Jambi", "nama_pabri": "PT Angso Duo Sawit", "kapasitas": 60.0, "pot_pome": 1.64503, "pot_efb": 4.109049, "pot_fiber": 1.599111, "pot_shell": 2.95021, "jns_tek": "Biogas, Biomass Combustion", "alamat": " Tanjung Pauh", "kecamatan": "Mestong", "kab_kot": "Muaro Jambi", "latitude": -1.784803, "longitude": 103.489989 }, "geometry": { "type": "Point", "coordinates": [ 103.489988900000071, -1.784802799999966 ] } },
{ "type": "Feature", "properties": { "objectid": 59, "provinsi": "Kalimantan Timur", "nama_pabri": "PT Anugerah Energitama", "kapasitas": 60.0, "pot_pome": 1.64503, "pot_efb": 4.109049, "pot_fiber": 1.599111, "pot_shell": 2.95021, "jns_tek": "Biogas, Biomass Combustion", "alamat": " Tepian Langsat", "kecamatan": "Bengalon", "kab_kot": "Kutai Timur", "latitude": 0.792431, "longitude": 117.278226 }, "geometry": { "type": "Point", "coordinates": [ 117.278226, 0.792431 ] } },
{ "type": "Feature", "properties": { "objectid": 60, "provinsi": "Aceh", "nama_pabri": "PT Anugerah Fajar Rezeki", "kapasitas": 20.0, "pot_pome": 0.548343, "pot_efb": 1.369683, "pot_fiber": 0.533037, "pot_shell": 0.983403, "jns_tek": "Biogas, Biomass Combustion", "alamat": " Gampong Alue Ie Itam", "kecamatan": "Birem Bayeun", "kab_kot": "Aceh Timur", "latitude": 4.574008, "longitude": 97.909303 }, "geometry": { "type": "Point", "coordinates": [ 97.909302800000034, 4.57400830000006 ] } },
{ "type": "Feature", "properties": { "objectid": 61, "provinsi": "Sumatera Utara", "nama_pabri": "PT Anugerah Langkat Makmur", "kapasitas": 30.0, "pot_pome": 0.822515, "pot_efb": 2.054524, "pot_fiber": 0.799555, "pot_shell": 1.475105, "jns_tek": "Biogas, Biomass Combustion", "alamat": "Kel.  Lama", "kecamatan": "Besitang", "kab_kot": "Langkat", "latitude": 4.013972, "longitude": 98.19475 }, "geometry": { "type": "Point", "coordinates": [ 98.19475, 4.013972222000064 ] } },
{ "type": "Feature", "properties": { "objectid": 62, "provinsi": "Bengkulu", "nama_pabri": "PT Anugerah Pelangi Sukses", "kapasitas": 45.0, "pot_pome": 1.233773, "pot_efb": 3.081786, "pot_fiber": 1.199333, "pot_shell": 2.212657, "jns_tek": "Biogas, Biomass Combustion", "alamat": " Beriang Tinggi", "kecamatan": "Tanjung Kemuning", "kab_kot": "Kaur", "latitude": -4.560542, "longitude": 103.115119 }, "geometry": { "type": "Point", "coordinates": [ 103.115119400000083, -4.560541699999931 ] } },
{ "type": "Feature", "properties": { "objectid": 63, "provinsi": "Riau", "nama_pabri": "PT Arindo Tri Sejahtera", "kapasitas": 45.0, "pot_pome": 1.233773, "pot_efb": 3.081786, "pot_fiber": 1.199333, "pot_shell": 2.212657, "jns_tek": "Biogas, Biomass Combustion", "alamat": " Senamanenek", "kecamatan": " Kec Tapung Hulu", "kab_kot": "Kampar", "latitude": 0.603333, "longitude": 100.893889 }, "geometry": { "type": "Point", "coordinates": [ 100.893888900000036, 0.603333333000023 ] } },
{ "type": "Feature", "properties": { "objectid": 64, "provinsi": "Riau", "nama_pabri": "PT Arya Rama Prakasa", "kapasitas": 30.0, "pot_pome": 0.822515, "pot_efb": 2.054524, "pot_fiber": 0.799555, "pot_shell": 1.475105, "jns_tek": "Biogas, Biomass Combustion", "alamat": " Rantau Sakti", "kecamatan": "Tambusai Utara", "kab_kot": "Rokan Hulu", "latitude": 1.222144, "longitude": 100.385339 }, "geometry": { "type": "Point", "coordinates": [ 100.385338900000079, 1.222144400000047 ] } },
{ "type": "Feature", "properties": { "objectid": 65, "provinsi": "Sumatera Utara", "nama_pabri": "PT Asam Jawa", "kapasitas": 60.0, "pot_pome": 1.64503, "pot_efb": 4.109049, "pot_fiber": 1.599111, "pot_shell": 2.95021, "jns_tek": "Biogas, Biomass Combustion", "alamat": " Asam Jawa", "kecamatan": "Torgamba", "kab_kot": "Labuhan Batu Selatan", "latitude": 1.899056, "longitude": 100.189331 }, "geometry": { "type": "Point", "coordinates": [ 100.189330600000062, 1.899055556000064 ] } },
{ "type": "Feature", "properties": { "objectid": 66, "provinsi": "Riau", "nama_pabri": "PT Asia Sawit Makmur Jaya", "kapasitas": 30.0, "pot_pome": 0.822515, "pot_efb": 2.054524, "pot_fiber": 0.799555, "pot_shell": 1.475105, "jns_tek": "Biogas, Biomass Combustion", "alamat": " Pulau Jambu", "kecamatan": "Cerenti", "kab_kot": "Kuantan Singingi", "latitude": -0.556319, "longitude": 101.849261 }, "geometry": { "type": "Point", "coordinates": [ 101.849261100000035, -0.55631939999995 ] } },
{ "type": "Feature", "properties": { "objectid": 67, "provinsi": "Jambi", "nama_pabri": "PT Asiatic Persada", "kapasitas": 60.0, "pot_pome": 1.64503, "pot_efb": 4.109049, "pot_fiber": 1.599111, "pot_shell": 2.95021, "jns_tek": "Biogas, Biomass Combustion", "alamat": " Sei Kandang, Bungku", "kecamatan": "Bajubang", "kab_kot": "Batang Hari", "latitude": -2.0, "longitude": 103.333333 }, "geometry": { "type": "Point", "coordinates": [ 103.333333300000049, -2.0 ] } },
{ "type": "Feature", "properties": { "objectid": 68, "provinsi": "Kalimantan Selatan", "nama_pabri": "PT Astra Agro Lestari", "kapasitas": 40.0, "pot_pome": 1.096687, "pot_efb": 2.739366, "pot_fiber": 1.066074, "pot_shell": 1.966806, "jns_tek": "Biogas, Biomass Combustion", "alamat": " Hayub", "kecamatan": "Haruai", "kab_kot": "Tabalong", "latitude": -1.989806, "longitude": 115.508889 }, "geometry": { "type": "Point", "coordinates": [ 115.508888900000102, -1.989805555999965 ] } },
{ "type": "Feature", "properties": { "objectid": 69, "provinsi": "Aceh", "nama_pabri": "PT Atakana Company", "kapasitas": 30.0, "pot_pome": 0.822515, "pot_efb": 2.054524, "pot_fiber": 0.799555, "pot_shell": 1.475105, "jns_tek": "Biogas, Biomass Combustion", "alamat": " Seumanah Jaya", "kecamatan": "Rantau Peureulak", "kab_kot": "Aceh Timur", "latitude": 4.689042, "longitude": 97.704067 }, "geometry": { "type": "Point", "coordinates": [ 97.704066700000055, 4.689041700000075 ] } },
{ "type": "Feature", "properties": { "objectid": 70, "provinsi": "Sumatera Utara", "nama_pabri": "PT Austindo Nusantara Jaya Agri", "kapasitas": 60.0, "pot_pome": 1.64503, "pot_efb": 4.109049, "pot_fiber": 1.599111, "pot_shell": 2.95021, "jns_tek": "Biogas, Biomass Combustion", "alamat": " Pardomuan", "kecamatan": "Angkola Selatan", "kab_kot": "Tapanuli Selatan", "latitude": 1.174579, "longitude": 99.156174 }, "geometry": { "type": "Point", "coordinates": [ 99.156174230000033, 1.174578903000054 ] } },
{ "type": "Feature", "properties": { "objectid": 71, "provinsi": "Sumatera Utara", "nama_pabri": "PT Austindo Nusantara Jaya Agri", "kapasitas": 60.0, "pot_pome": 1.64503, "pot_efb": 4.109049, "pot_fiber": 1.599111, "pot_shell": 2.95021, "jns_tek": "Biogas, Biomass Combustion", "alamat": "Padang Lawas utara", "kecamatan": " Simangambat", "kab_kot": "Padang Lawas Utara", "latitude": 1.483333, "longitude": 99.963417 }, "geometry": { "type": "Point", "coordinates": [ 99.963416670000072, 1.483333333000076 ] } },
{ "type": "Feature", "properties": { "objectid": 72, "provinsi": "Kalimantan Barat", "nama_pabri": "PT Ayu Sawit Lestari", "kapasitas": 60.0, "pot_pome": 1.64503, "pot_efb": 4.109049, "pot_fiber": 1.599111, "pot_shell": 2.95021, "jns_tek": "Biogas, Biomass Combustion", "alamat": " Manis Mata", "kecamatan": "Air Upas", "kab_kot": "Ketapang", "latitude": -2.433267, "longitude": 110.817511 }, "geometry": { "type": "Point", "coordinates": [ 110.817511100000047, -2.433266666999941 ] } },
{ "type": "Feature", "properties": { "objectid": 73, "provinsi": "Riau", "nama_pabri": "PT Bahana Nusa Interindo", "kapasitas": 45.0, "pot_pome": 1.233773, "pot_efb": 3.081786, "pot_fiber": 1.199333, "pot_shell": 2.212657, "jns_tek": "Biogas, Biomass Combustion", "alamat": "Raya Balam KM. 21/Bangko Sempurna", "kecamatan": "Bangko Pusako/ Rimba Malintang", "kab_kot": "Rokan Hilir", "latitude": 1.696172, "longitude": 100.702953 }, "geometry": { "type": "Point", "coordinates": [ 100.702952800000048, 1.69617222200003 ] } },
{ "type": "Feature", "properties": { "objectid": 74, "provinsi": "Jambi", "nama_pabri": "PT Bahari Gembira Ria", "kapasitas": 30.0, "pot_pome": 0.822515, "pot_efb": 2.054524, "pot_fiber": 0.799555, "pot_shell": 1.475105, "jns_tek": "Biogas, Biomass Combustion", "alamat": " Ladang Panjang", "kecamatan": "Sungai Gelam", "kab_kot": "Muaro Jambi", "latitude": -1.529905, "longitude": 103.726279 }, "geometry": { "type": "Point", "coordinates": [ 103.726279300000044, -1.529904598999963 ] } },
{ "type": "Feature", "properties": { "objectid": 75, "provinsi": "Kalimantan Timur", "nama_pabri": "PT Bakacak Himba Bahari", "kapasitas": 45.0, "pot_pome": 1.233773, "pot_efb": 3.081786, "pot_fiber": 1.199333, "pot_shell": 2.212657, "jns_tek": "Biogas, Biomass Combustion", "alamat": " Menamang Kanan", "kecamatan": "Muara Kaman", "kab_kot": "Kutai Kartanegara", "latitude": 0.299814, "longitude": 117.126492 }, "geometry": { "type": "Point", "coordinates": [ 117.126491700000088, 0.299813900000061 ] } },
{ "type": "Feature", "properties": { "objectid": 76, "provinsi": "Sumatera Barat", "nama_pabri": "PT Bakrie Pasaman Plantations", "kapasitas": 60.0, "pot_pome": 1.64503, "pot_efb": 4.109049, "pot_fiber": 1.599111, "pot_shell": 2.95021, "jns_tek": "Biogas, Biomass Combustion", "alamat": " Air Balam", "kecamatan": "Sei Beremas", "kab_kot": "Pasaman Barat", "latitude": 0.228958, "longitude": 99.475516 }, "geometry": { "type": "Point", "coordinates": [ 99.47551621000008, 0.228957554000033 ] } },
{ "type": "Feature", "properties": { "objectid": 77, "provinsi": "Sumatera Utara", "nama_pabri": "PT Bakrie Sumatera Plantations Kisaran", "kapasitas": 45.0, "pot_pome": 1.233773, "pot_efb": 3.081786, "pot_fiber": 1.199333, "pot_shell": 2.212657, "jns_tek": "Biogas, Biomass Combustion", "alamat": " Sei Baleh", "kecamatan": "Sei Baleh", "kab_kot": "BATU BARA", "latitude": 3.04075, "longitude": 99.581444 }, "geometry": { "type": "Point", "coordinates": [ 99.581444440000041, 3.04075 ] } },
{ "type": "Feature", "properties": { "objectid": 78, "provinsi": "Kalimantan Tengah", "nama_pabri": "PT Bangkit Giat Usaha Mandiri", "kapasitas": 45.0, "pot_pome": 1.233773, "pot_efb": 3.081786, "pot_fiber": 1.199333, "pot_shell": 2.212657, "jns_tek": "Biogas, Biomass Combustion", "alamat": " Tumbang Kalang", "kecamatan": "Antang Kalang", "kab_kot": "Kotawaringin Timur", "latitude": -1.470131, "longitude": 112.744081 }, "geometry": { "type": "Point", "coordinates": [ 112.744080600000075, -1.470130599999948 ] } },
{ "type": "Feature", "properties": { "objectid": 79, "provinsi": "Kalimantan Tengah", "nama_pabri": "PT Bangun Jaya Alam Permai 2", "kapasitas": 60.0, "pot_pome": 1.64503, "pot_efb": 4.109049, "pot_fiber": 1.599111, "pot_shell": 2.95021, "jns_tek": "Biogas, Biomass Combustion", "alamat": " Gandis", "kecamatan": "Arut Utara", "kab_kot": "Kotawaringin Barat", "latitude": -2.298409, "longitude": 111.973752 }, "geometry": { "type": "Point", "coordinates": [ 111.973751500000049, -2.298409199999981 ] } },
{ "type": "Feature", "properties": { "objectid": 80, "provinsi": "Kalimantan Tengah", "nama_pabri": "PT Bangun Jaya Alam Permai", "kapasitas": 120.0, "pot_pome": 3.290061, "pot_efb": 8.218097, "pot_fiber": 3.198222, "pot_shell": 5.900419, "jns_tek": "Biogas, Biomass Combustion", "alamat": " Pangkut", "kecamatan": "Pangkalan Banteng", "kab_kot": "Kotawaringin Barat", "latitude": -2.300016, "longitude": 111.973962 }, "geometry": { "type": "Point", "coordinates": [ 111.973962400000062, -2.300016199999959 ] } },
{ "type": "Feature", "properties": { "objectid": 81, "provinsi": "Aceh", "nama_pabri": "PT Bangun Sempurna Lestari", "kapasitas": 50.0, "pot_pome": 1.370859, "pot_efb": 3.424207, "pot_fiber": 1.332592, "pot_shell": 2.458508, "jns_tek": "Biogas, Biomass Combustion", "alamat": " Buluh Dori", "kecamatan": "Simpang Kiri", "kab_kot": "Subussalam", "latitude": 2.633139, "longitude": 97.950325 }, "geometry": { "type": "Point", "coordinates": [ 97.950325, 2.633138900000063 ] } },
{ "type": "Feature", "properties": { "objectid": 82, "provinsi": "Riau", "nama_pabri": "PT Bangun Tenera Riau", "kapasitas": 30.0, "pot_pome": 0.822515, "pot_efb": 2.054524, "pot_fiber": 0.799555, "pot_shell": 1.475105, "jns_tek": "Biogas, Biomass Combustion", "alamat": " Pantai Raja", "kecamatan": "Perhentian Raja", "kab_kot": "Kampar", "latitude": 0.29013, "longitude": 101.416991 }, "geometry": { "type": "Point", "coordinates": [ 101.416991, 0.29013 ] } },
{ "type": "Feature", "properties": { "objectid": 83, "provinsi": "Riau", "nama_pabri": "PT Banyu Bening Utama", "kapasitas": 60.0, "pot_pome": 1.64503, "pot_efb": 4.109049, "pot_fiber": 1.599111, "pot_shell": 2.95021, "jns_tek": "Biogas, Biomass Combustion", "alamat": " Kuala Mulia", "kecamatan": "Kuala Cenaku", "kab_kot": "Indragiri Hulu", "latitude": -0.479008, "longitude": 102.681411 }, "geometry": { "type": "Point", "coordinates": [ 102.681411100000048, -0.479008332999967 ] } },
{ "type": "Feature", "properties": { "objectid": 84, "provinsi": "Sumatera Selatan", "nama_pabri": "PT Banyu Kahuripan Indonesia", "kapasitas": 60.0, "pot_pome": 1.64503, "pot_efb": 4.109049, "pot_fiber": 1.599111, "pot_shell": 2.95021, "jns_tek": "Biogas, Biomass Combustion", "alamat": " Karang Agung", "kecamatan": "Lalan", "kab_kot": "Musi Banyuasin", "latitude": -2.261, "longitude": 104.313 }, "geometry": { "type": "Point", "coordinates": [ 104.313, -2.261 ] } },
{ "type": "Feature", "properties": { "objectid": 85, "provinsi": "Sumatera Utara", "nama_pabri": "PT Barumun Agro Sentosa", "kapasitas": 45.0, "pot_pome": 1.233773, "pot_efb": 3.081786, "pot_fiber": 1.199333, "pot_shell": 2.212657, "jns_tek": "Biogas, Biomass Combustion", "alamat": " Ujung Gading Jae", "kecamatan": "Simangambat", "kab_kot": "Padang Lawas Utara", "latitude": 1.621167, "longitude": 100.102444 }, "geometry": { "type": "Point", "coordinates": [ 100.102444400000081, 1.621166667000068 ] } },
{ "type": "Feature", "properties": { "objectid": 86, "provinsi": "Sumatera Selatan", "nama_pabri": "PT Bastian Olah Sawit", "kapasitas": 30.0, "pot_pome": 0.822515, "pot_efb": 2.054524, "pot_fiber": 0.799555, "pot_shell": 1.475105, "jns_tek": "Biogas, Biomass Combustion", "alamat": " Simpang Tungkal", "kecamatan": "Tungkal Jaya", "kab_kot": "Musi Banyuasin", "latitude": -2.321514, "longitude": 103.888485 }, "geometry": { "type": "Point", "coordinates": [ 103.888484900000037, -2.321514099999945 ] } },
{ "type": "Feature", "properties": { "objectid": 87, "provinsi": "Jambi", "nama_pabri": "PT Batanghari Sawit Sejahtera", "kapasitas": 30.0, "pot_pome": 0.822515, "pot_efb": 2.054524, "pot_fiber": 0.799555, "pot_shell": 1.475105, "jns_tek": "Biogas, Biomass Combustion", "alamat": " Lubuk Raman", "kecamatan": "Maro Sebo", "kab_kot": "Muaro Jambi", "latitude": -1.34854, "longitude": 103.542245 }, "geometry": { "type": "Point", "coordinates": [ 103.542245, -1.34854 ] } },
{ "type": "Feature", "properties": { "objectid": 88, "provinsi": "Bengkulu", "nama_pabri": "PT Bengkulu Sawit Lestari", "kapasitas": 30.0, "pot_pome": 0.822515, "pot_efb": 2.054524, "pot_fiber": 0.799555, "pot_shell": 1.475105, "jns_tek": "Biogas, Biomass Combustion", "alamat": " Air Sulau", "kecamatan": "Kedurang", "kab_kot": "Bengkulu Selatan", "latitude": -4.533803, "longitude": 103.056856 }, "geometry": { "type": "Point", "coordinates": [ 103.056855600000063, -4.533802799999933 ] } },
{ "type": "Feature", "properties": { "objectid": 89, "provinsi": "Sulawesi Barat", "nama_pabri": "PT Berkat Cipta Abadi", "kapasitas": 50.0, "pot_pome": 1.370859, "pot_efb": 3.424207, "pot_fiber": 1.332592, "pot_shell": 2.458508, "jns_tek": "Biogas, Biomass Combustion", "alamat": " Asiki", "kecamatan": "Boven Digul", "kab_kot": "Mamuju", "latitude": -6.671315, "longitude": 140.367809 }, "geometry": { "type": "Point", "coordinates": [ 140.367808800000034, -6.671315099999958 ] } },
{ "type": "Feature", "properties": { "objectid": 90, "provinsi": "Papua", "nama_pabri": "PT Berkat Cipta Abadi", "kapasitas": 50.0, "pot_pome": 1.370859, "pot_efb": 3.424207, "pot_fiber": 1.332592, "pot_shell": 2.458508, "jns_tek": "Biogas, Biomass Combustion", "alamat": " Selil", "kecamatan": "Ulilin", "kab_kot": "Merauke", "latitude": -6.784367, "longitude": 140.502675 }, "geometry": { "type": "Point", "coordinates": [ 140.502675, -6.784366666999972 ] } },
{ "type": "Feature", "properties": { "objectid": 91, "provinsi": "Sumatera Barat", "nama_pabri": "PT Berkat Sawit Sejahtera", "kapasitas": 45.0, "pot_pome": 1.233773, "pot_efb": 3.081786, "pot_fiber": 1.199333, "pot_shell": 2.212657, "jns_tek": "Biogas, Biomass Combustion", "alamat": " Nagari Muaro", "kecamatan": "Gunung Tuleh", "kab_kot": "Pasaman Barat", "latitude": -0.70912, "longitude": 102.659415 }, "geometry": { "type": "Point", "coordinates": [ 102.659415, -0.70912 ] } },
{ "type": "Feature", "properties": { "objectid": 92, "provinsi": "Sumatera Selatan", "nama_pabri": "PT Berkat Sawit Sejati", "kapasitas": 45.0, "pot_pome": 1.233773, "pot_efb": 3.081786, "pot_fiber": 1.199333, "pot_shell": 2.212657, "jns_tek": "Biogas, Biomass Combustion", "alamat": " Tampang Baru", "kecamatan": "Bayung Lencir", "kab_kot": "Musi Banyuasin", "latitude": -2.317836, "longitude": 103.7115 }, "geometry": { "type": "Point", "coordinates": [ 103.7115, -2.317836099999965 ] } },
{ "type": "Feature", "properties": { "objectid": 93, "provinsi": "Jambi", "nama_pabri": "PT Berkat Sawit Utama", "kapasitas": 60.0, "pot_pome": 1.64503, "pot_efb": 4.109049, "pot_fiber": 1.599111, "pot_shell": 2.95021, "jns_tek": "Biogas, Biomass Combustion", "alamat": " Bungku", "kecamatan": "Bajubang", "kab_kot": "Batang Hari", "latitude": -2.043061, "longitude": 103.343567 }, "geometry": { "type": "Point", "coordinates": [ 103.343566700000054, -2.043061099999932 ] } },
{ "type": "Feature", "properties": { "objectid": 94, "provinsi": "Riau", "nama_pabri": "PT Berlian Inti Mekar", "kapasitas": 60.0, "pot_pome": 1.64503, "pot_efb": 4.109049, "pot_fiber": 1.599111, "pot_shell": 2.95021, "jns_tek": "Biogas, Biomass Combustion", "alamat": " Sencalang", "kecamatan": "Keritang", "kab_kot": "Indragiri Hilir", "latitude": -0.708481, "longitude": 102.658513 }, "geometry": { "type": "Point", "coordinates": [ 102.658513, -0.708481 ] } },
{ "type": "Feature", "properties": { "objectid": 95, "provinsi": "Kalimantan Selatan", "nama_pabri": "PT Bersama Sejahtera Sakti", "kapasitas": 40.0, "pot_pome": 1.096687, "pot_efb": 2.739366, "pot_fiber": 1.066074, "pot_shell": 1.966806, "jns_tek": "Biogas, Biomass Combustion", "alamat": " Sejakah", "kecamatan": "Pulau Laut Timur", "kab_kot": "Kotabaru", "latitude": -3.495629, "longitude": 116.167682 }, "geometry": { "type": "Point", "coordinates": [ 116.167681800000082, -3.495628551999971 ] } },
{ "type": "Feature", "properties": { "objectid": 96, "provinsi": "Aceh", "nama_pabri": "PT Beurata Subur Persada", "kapasitas": 30.0, "pot_pome": 0.822515, "pot_efb": 2.054524, "pot_fiber": 0.799555, "pot_shell": 1.475105, "jns_tek": "Biogas, Biomass Combustion", "alamat": " Babah Dua", "kecamatan": "Tadu Raya", "kab_kot": "Aceh Barat", "latitude": 4.125148, "longitude": 96.341648 }, "geometry": { "type": "Point", "coordinates": [ 96.34164762000006, 4.125147824000067 ] } },
{ "type": "Feature", "properties": { "objectid": 97, "provinsi": "Kalimantan Utara", "nama_pabri": "PT Bhumi Simanggaris Indah", "kapasitas": 45.0, "pot_pome": 1.233773, "pot_efb": 3.081786, "pot_fiber": 1.199333, "pot_shell": 2.212657, "jns_tek": "Biogas, Biomass Combustion", "alamat": " Simanggaris (Sei Kalayan)", "kecamatan": "Simanggaris", "kab_kot": "Nunukan", "latitude": 4.238261, "longitude": 117.361202 }, "geometry": { "type": "Point", "coordinates": [ 117.361202, 4.238261400000056 ] } },
{ "type": "Feature", "properties": { "objectid": 98, "provinsi": "Riau", "nama_pabri": "PT Bhumireksa Nusa Sejati", "kapasitas": 45.0, "pot_pome": 1.233773, "pot_efb": 3.081786, "pot_fiber": 1.199333, "pot_shell": 2.212657, "jns_tek": "Biogas, Biomass Combustion", "alamat": " Bente", "kecamatan": "Mandah", "kab_kot": "Indragiri", "latitude": 0.115972, "longitude": 103.549139 }, "geometry": { "type": "Point", "coordinates": [ 103.549138900000059, 0.115972222000039 ] } },
{ "type": "Feature", "properties": { "objectid": 99, "provinsi": "Riau", "nama_pabri": "PT Bhumireksa Nusa Sejati", "kapasitas": 60.0, "pot_pome": 1.64503, "pot_efb": 4.109049, "pot_fiber": 1.599111, "pot_shell": 2.95021, "jns_tek": "Biogas, Biomass Combustion", "alamat": " Rotan Semelur", "kecamatan": "Kateman", "kab_kot": "Indragiri Hilir", "latitude": 0.2565, "longitude": 103.588833 }, "geometry": { "type": "Point", "coordinates": [ 103.588833300000033, 0.2565 ] } },
{ "type": "Feature", "properties": { "objectid": 100, "provinsi": "Kalimantan Timur", "nama_pabri": "PT Bima Agri Sawit", "kapasitas": 30.0, "pot_pome": 0.822515, "pot_efb": 2.054524, "pot_fiber": 0.799555, "pot_shell": 1.475105, "jns_tek": "Biogas, Biomass Combustion", "alamat": " Baay", "kecamatan": "Karangan Sebrang", "kab_kot": "Kutai Timur", "latitude": 1.265072, "longitude": 117.602233 }, "geometry": { "type": "Point", "coordinates": [ 117.60223330000008, 1.26507220000002 ] } },
{ "type": "Feature", "properties": { "objectid": 101, "provinsi": "Kalimantan Timur", "nama_pabri": "PT Bima Palma Nugraha", "kapasitas": 30.0, "pot_pome": 0.822515, "pot_efb": 2.054524, "pot_fiber": 0.799555, "pot_shell": 1.475105, "jns_tek": "Biogas, Biomass Combustion", "alamat": " Tepian Langsat", "kecamatan": "Bengalon", "kab_kot": "Kutai Timur", "latitude": 0.752294, "longitude": 117.404042 }, "geometry": { "type": "Point", "coordinates": [ 117.404041700000107, 0.752294444000029 ] } },
{ "type": "Feature", "properties": { "objectid": 102, "provinsi": "Riau", "nama_pabri": "PT Bina Fitri Jaya", "kapasitas": 45.0, "pot_pome": 1.233773, "pot_efb": 3.081786, "pot_fiber": 1.199333, "pot_shell": 2.212657, "jns_tek": "Biogas, Biomass Combustion", "alamat": " Kota Garo", "kecamatan": "Tapung Hilir", "kab_kot": "Kampar", "latitude": 0.809167, "longitude": 101.278889 }, "geometry": { "type": "Point", "coordinates": [ 101.278888900000084, 0.809166667000056 ] } },
{ "type": "Feature", "properties": { "objectid": 103, "provinsi": "Jambi", "nama_pabri": "PT Bina Mitra Makmur", "kapasitas": 45.0, "pot_pome": 1.233773, "pot_efb": 3.081786, "pot_fiber": 1.199333, "pot_shell": 2.212657, "jns_tek": "Biogas, Biomass Combustion", "alamat": " Sepunggur", "kecamatan": "Bathin II", "kab_kot": "Bungo", "latitude": -1.498494, "longitude": 102.240647 }, "geometry": { "type": "Point", "coordinates": [ 102.240647200000069, -1.49849439999997 ] } },
{ "type": "Feature", "properties": { "objectid": 104, "provinsi": "Sumatera Selatan", "nama_pabri": "PT Bina Sains Cemerlang", "kapasitas": 30.0, "pot_pome": 0.822515, "pot_efb": 2.054524, "pot_fiber": 0.799555, "pot_shell": 1.475105, "jns_tek": "Biogas, Biomass Combustion", "alamat": " Sungai Pinang", "kecamatan": "Muara Lakitan", "kab_kot": "Musi Rawas", "latitude": -2.985722, "longitude": 103.406028 }, "geometry": { "type": "Point", "coordinates": [ 103.406027800000061, -2.985722221999936 ] } },
{ "type": "Feature", "properties": { "objectid": 105, "provinsi": "Riau", "nama_pabri": "PT Bina Sawit Nusantara", "kapasitas": 15.0, "pot_pome": 0.411258, "pot_efb": 1.027262, "pot_fiber": 0.399778, "pot_shell": 0.737552, "jns_tek": "Biogas, Biomass Combustion", "alamat": " Simalinyang", "kecamatan": "Kampar Kiri", "kab_kot": "Kampar", "latitude": 0.16556, "longitude": 101.32619 }, "geometry": { "type": "Point", "coordinates": [ 101.32619, 0.16556 ] } },
{ "type": "Feature", "properties": { "objectid": 106, "provinsi": "Sumatera Barat", "nama_pabri": "PT Binapratama Sakatojaya", "kapasitas": 60.0, "pot_pome": 1.64503, "pot_efb": 4.109049, "pot_fiber": 1.599111, "pot_shell": 2.95021, "jns_tek": "Biogas, Biomass Combustion", "alamat": " Sei Jujuhan", "kecamatan": "Sangir Balai Janggo", "kab_kot": "Solok Selatan", "latitude": -1.393618, "longitude": 101.593031 }, "geometry": { "type": "Point", "coordinates": [ 101.593031200000041, -1.393618466999953 ] } },
{ "type": "Feature", "properties": { "objectid": 107, "provinsi": "Kalimantan Tengah", "nama_pabri": "PT Binasawit Abadipratama", "kapasitas": 80.0, "pot_pome": 2.193374, "pot_efb": 5.478731, "pot_fiber": 2.132148, "pot_shell": 3.933613, "jns_tek": "Biogas, Biomass Combustion", "alamat": " Rungau Raya", "kecamatan": "Danau Seluluk", "kab_kot": "Seruyan", "latitude": -2.320611, "longitude": 112.333889 }, "geometry": { "type": "Point", "coordinates": [ 112.333888900000034, -2.320611110999948 ] } },
{ "type": "Feature", "properties": { "objectid": 108, "provinsi": "Kalimantan Tengah", "nama_pabri": "PT Binasawit Abadipratama", "kapasitas": 80.0, "pot_pome": 2.193374, "pot_efb": 5.478731, "pot_fiber": 2.132148, "pot_shell": 3.933613, "jns_tek": "Biogas, Biomass Combustion", "alamat": " Terawan", "kecamatan": "Seruyan Raya", "kab_kot": "Seruyan", "latitude": -2.422506, "longitude": 112.359586 }, "geometry": { "type": "Point", "coordinates": [ 112.359586100000115, -2.422505555999976 ] } },
{ "type": "Feature", "properties": { "objectid": 109, "provinsi": "Kalimantan Barat", "nama_pabri": "PT Bintang Harapan Desa", "kapasitas": 45.0, "pot_pome": 1.233773, "pot_efb": 3.081786, "pot_fiber": 1.199333, "pot_shell": 2.212657, "jns_tek": "Biogas, Biomass Combustion", "alamat": " Sungai Mayam", "kecamatan": " Kecamatan Meliau", "kab_kot": "Sanggau", "latitude": -0.111664, "longitude": 110.334167 }, "geometry": { "type": "Point", "coordinates": [ 110.334166700000083, -0.111663888999942 ] } },
{ "type": "Feature", "properties": { "objectid": 110, "provinsi": "Sumatera Barat", "nama_pabri": "PT Bintara Tani Nusantara", "kapasitas": 50.0, "pot_pome": 1.370859, "pot_efb": 3.424207, "pot_fiber": 1.332592, "pot_shell": 2.458508, "jns_tek": "Biogas, Biomass Combustion", "alamat": "Jorong Air Runding/Nagari Parit", "kecamatan": "Koto Balingka", "kab_kot": "Pasaman Barat", "latitude": 0.332306, "longitude": 99.382389 }, "geometry": { "type": "Point", "coordinates": [ 99.382388890000072, 0.332305556000051 ] } },
{ "type": "Feature", "properties": { "objectid": 111, "provinsi": "Papua", "nama_pabri": "PT Bio Inti Agrindo", "kapasitas": 60.0, "pot_pome": 1.64503, "pot_efb": 4.109049, "pot_fiber": 1.599111, "pot_shell": 2.95021, "jns_tek": "Biogas, Biomass Combustion", "alamat": " Asikie", "kecamatan": "Ulilin", "kab_kot": "Merauke", "latitude": -6.960403, "longitude": 140.513503 }, "geometry": { "type": "Point", "coordinates": [ 140.513502800000083, -6.960402777999946 ] } },
{ "type": "Feature", "properties": { "objectid": 112, "provinsi": "Bengkulu", "nama_pabri": "PT Bio Nusantara Teknologi", "kapasitas": 30.0, "pot_pome": 0.822515, "pot_efb": 2.054524, "pot_fiber": 0.799555, "pot_shell": 1.475105, "jns_tek": "Biogas, Biomass Combustion", "alamat": "Jl. Lintas Utara KM.19", "kecamatan": " Desa Sunda Kelapa", "kab_kot": "Bengkulu Tengah", "latitude": -3.643653, "longitude": 102.2409 }, "geometry": { "type": "Point", "coordinates": [ 102.2409, -3.643652777999932 ] } },
{ "type": "Feature", "properties": { "objectid": 113, "provinsi": "Kalimantan Tengah", "nama_pabri": "PT Bisma Dharma Kencana", "kapasitas": 40.0, "pot_pome": 1.096687, "pot_efb": 2.739366, "pot_fiber": 1.066074, "pot_shell": 1.966806, "jns_tek": "Biogas, Biomass Combustion", "alamat": " Harapan Bisma/Hampalit", "kecamatan": "Katingan Hilir", "kab_kot": "Katingan", "latitude": -1.802556, "longitude": 113.1805 }, "geometry": { "type": "Point", "coordinates": [ 113.1805, -1.802555555999959 ] } },
{ "type": "Feature", "properties": { "objectid": 114, "provinsi": "Aceh", "nama_pabri": "PT Blang Ketumba", "kapasitas": 20.0, "pot_pome": 0.548343, "pot_efb": 1.369683, "pot_fiber": 0.533037, "pot_shell": 0.983403, "jns_tek": "Biogas, Biomass Combustion", "alamat": " Juli", "kecamatan": "Peusangan Selatan", "kab_kot": "Bireun", "latitude": 5.054353, "longitude": 96.760156 }, "geometry": { "type": "Point", "coordinates": [ 96.760155600000076, 5.054352800000061 ] } },
{ "type": "Feature", "properties": { "objectid": 115, "provinsi": "Kalimantan Timur", "nama_pabri": "PT Borneo Indah Marjaya", "kapasitas": 45.0, "pot_pome": 1.233773, "pot_efb": 3.081786, "pot_fiber": 1.199333, "pot_shell": 2.212657, "jns_tek": "Biogas, Biomass Combustion", "alamat": " Laburan", "kecamatan": "Pasir Belengkong", "kab_kot": "Paser", "latitude": -1.988889, "longitude": 116.339722 }, "geometry": { "type": "Point", "coordinates": [ 116.339722200000097, -1.988888888999952 ] } },
{ "type": "Feature", "properties": { "objectid": 116, "provinsi": "Aceh", "nama_pabri": "PT Boswa Megalopolis", "kapasitas": 45.0, "pot_pome": 1.233773, "pot_efb": 3.081786, "pot_fiber": 1.199333, "pot_shell": 2.212657, "jns_tek": "Biogas, Biomass Combustion", "alamat": " Bahagia", "kecamatan": "Krueng Sabee", "kab_kot": "Aceh Timur", "latitude": 4.697328, "longitude": 95.66315 }, "geometry": { "type": "Point", "coordinates": [ 95.663150400000063, 4.697327800000039 ] } },
{ "type": "Feature", "properties": { "objectid": 117, "provinsi": "Jambi", "nama_pabri": "PT Brahma Bina Bakti", "kapasitas": 60.0, "pot_pome": 1.64503, "pot_efb": 4.109049, "pot_fiber": 1.599111, "pot_shell": 2.95021, "jns_tek": "Biogas, Biomass Combustion", "alamat": " Bukit Baling", "kecamatan": "Sekernan", "kab_kot": "Batang Hari", "latitude": -1.348003, "longitude": 103.317556 }, "geometry": { "type": "Point", "coordinates": [ 103.317555600000048, -1.348002777999966 ] } },
{ "type": "Feature", "properties": { "objectid": 118, "provinsi": "Kalimantan Barat", "nama_pabri": "PT Buana Hijau Abadi", "kapasitas": 50.0, "pot_pome": 1.370859, "pot_efb": 3.424207, "pot_fiber": 1.332592, "pot_shell": 2.458508, "jns_tek": "Biogas, Biomass Combustion", "alamat": " Maung", "kecamatan": "Ketungau Hilir", "kab_kot": "Sintang", "latitude": 0.519903, "longitude": 111.589067 }, "geometry": { "type": "Point", "coordinates": [ 111.589066700000046, 0.519902778000073 ] } },
{ "type": "Feature", "properties": { "objectid": 119, "provinsi": "Kalimantan Selatan", "nama_pabri": "PT Buana Karya Bhakti", "kapasitas": 90.0, "pot_pome": 2.467546, "pot_efb": 6.163573, "pot_fiber": 2.398666, "pot_shell": 4.425315, "jns_tek": "Biogas, Biomass Combustion", "alamat": " Wonorejo", "kecamatan": "Satui", "kab_kot": "Batulicin", "latitude": -3.675, "longitude": 115.482056 }, "geometry": { "type": "Point", "coordinates": [ 115.482055600000081, -3.675 ] } },
{ "type": "Feature", "properties": { "objectid": 120, "provinsi": "Kalimantan Barat", "nama_pabri": "PT Buana Tunas Sejahtera", "kapasitas": 40.0, "pot_pome": 1.096687, "pot_efb": 2.739366, "pot_fiber": 1.066074, "pot_shell": 1.966806, "jns_tek": "Biogas, Biomass Combustion", "alamat": " Kekurak", "kecamatan": "Badau", "kab_kot": "Kapuas Hulu", "latitude": 0.956944, "longitude": 111.882222 }, "geometry": { "type": "Point", "coordinates": [ 111.882222200000058, 0.956944444000044 ] } },
{ "type": "Feature", "properties": { "objectid": 121, "provinsi": "Riau", "nama_pabri": "PT Buana Wira Lestari I", "kapasitas": 60.0, "pot_pome": 1.64503, "pot_efb": 4.109049, "pot_fiber": 1.599111, "pot_shell": 2.95021, "jns_tek": "Biogas, Biomass Combustion", "alamat": " Kijang Makmur", "kecamatan": "Tapung Hilir", "kab_kot": "Kampar", "latitude": 0.783217, "longitude": 101.050286 }, "geometry": { "type": "Point", "coordinates": [ 101.050286100000051, 0.783216667000033 ] } },
{ "type": "Feature", "properties": { "objectid": 122, "provinsi": "Riau", "nama_pabri": "PT Buana Wira Lestari II", "kapasitas": 60.0, "pot_pome": 1.64503, "pot_efb": 4.109049, "pot_fiber": 1.599111, "pot_shell": 2.95021, "jns_tek": "Biogas, Biomass Combustion", "alamat": " Kijang Makmur", "kecamatan": "Tapung Hilir", "kab_kot": "Kampar", "latitude": 0.833514, "longitude": 101.044903 }, "geometry": { "type": "Point", "coordinates": [ 101.044902800000045, 0.833513889000074 ] } },
{ "type": "Feature", "properties": { "objectid": 123, "provinsi": "Riau", "nama_pabri": "PT Buana Wiralestari Mas", "kapasitas": 60.0, "pot_pome": 1.64503, "pot_efb": 4.109049, "pot_fiber": 1.599111, "pot_shell": 2.95021, "jns_tek": "Biogas, Biomass Combustion", "alamat": " Talang Sukamaju", "kecamatan": "Rakit Kulim", "kab_kot": "Indragiri Hulu", "latitude": 0.570833, "longitude": 102.305 }, "geometry": { "type": "Point", "coordinates": [ 102.305, 0.570833333000053 ] } },
{ "type": "Feature", "properties": { "objectid": 124, "provinsi": "Jambi", "nama_pabri": "PT Bukit Barisan Indah Permai", "kapasitas": 45.0, "pot_pome": 1.233773, "pot_efb": 3.081786, "pot_fiber": 1.199333, "pot_shell": 2.212657, "jns_tek": "Biogas, Biomass Combustion", "alamat": " Mendahara Ulu", "kecamatan": "Mendahara", "kab_kot": "Tanjung Jabung Timur", "latitude": -1.33675, "longitude": 103.45375 }, "geometry": { "type": "Point", "coordinates": [ 103.45375, -1.33675 ] } },
{ "type": "Feature", "properties": { "objectid": 125, "provinsi": "Jambi", "nama_pabri": "PT Bukit Bintang Sawit", "kapasitas": 20.0, "pot_pome": 0.548343, "pot_efb": 1.369683, "pot_fiber": 0.533037, "pot_shell": 0.983403, "jns_tek": "Biogas, Biomass Combustion", "alamat": " Sekernan", "kecamatan": "0", "kab_kot": "Muaro Jambi", "latitude": -1.38575, "longitude": 103.495862 }, "geometry": { "type": "Point", "coordinates": [ 103.495862, -1.38575 ] } },
{ "type": "Feature", "properties": { "objectid": 126, "provinsi": "Kalimantan Utara", "nama_pabri": "PT Bukit Borneo Sejahtera", "kapasitas": 20.0, "pot_pome": 0.548343, "pot_efb": 1.369683, "pot_fiber": 0.533037, "pot_shell": 0.983403, "jns_tek": "Biogas, Biomass Combustion", "alamat": " Kuala Lapang", "kecamatan": "Malinau Barat", "kab_kot": "Malinau", "latitude": 3.496189, "longitude": 116.641149 }, "geometry": { "type": "Point", "coordinates": [ 116.641149300000052, 3.496189400000048 ] } },
{ "type": "Feature", "properties": { "objectid": 127, "provinsi": "Jambi", "nama_pabri": "PT Bukit Kausar", "kapasitas": 30.0, "pot_pome": 0.822515, "pot_efb": 2.054524, "pot_fiber": 0.799555, "pot_shell": 1.475105, "jns_tek": "Biogas, Biomass Combustion", "alamat": " Taman Raja", "kecamatan": "Tungkal Ulu", "kab_kot": "Tanjung Jabung Barat", "latitude": -1.079874, "longitude": 103.007299 }, "geometry": { "type": "Point", "coordinates": [ 103.007299300000057, -1.079873938999924 ] } },
{ "type": "Feature", "properties": { "objectid": 128, "provinsi": "Sumatera Selatan", "nama_pabri": "PT Buluh Cawang Plantation", "kapasitas": 60.0, "pot_pome": 1.64503, "pot_efb": 4.109049, "pot_fiber": 1.599111, "pot_shell": 2.95021, "jns_tek": "Biogas, Biomass Combustion", "alamat": " Dabuk Rejo", "kecamatan": "Lempuing", "kab_kot": "Ogan Komering Ilir", "latitude": -3.945833, "longitude": 104.955833 }, "geometry": { "type": "Point", "coordinates": [ 104.955833300000052, -3.945833332999939 ] } },
{ "type": "Feature", "properties": { "objectid": 129, "provinsi": "Aceh", "nama_pabri": "PT Bumi Daya Agrotamas", "kapasitas": 30.0, "pot_pome": 0.822515, "pot_efb": 2.054524, "pot_fiber": 0.799555, "pot_shell": 1.475105, "jns_tek": "Biogas, Biomass Combustion", "alamat": " Darul Aman", "kecamatan": "Longkib", "kab_kot": "Subussalam", "latitude": 2.569747, "longitude": 97.855831 }, "geometry": { "type": "Point", "coordinates": [ 97.855830600000047, 2.569747200000052 ] } },
{ "type": "Feature", "properties": { "objectid": 130, "provinsi": "Kalimantan Tengah", "nama_pabri": "PT Bumi Hutan Lestari", "kapasitas": 60.0, "pot_pome": 1.64503, "pot_efb": 4.109049, "pot_fiber": 1.599111, "pot_shell": 2.95021, "jns_tek": "Biogas, Biomass Combustion", "alamat": " Tanjung Jorong", "kecamatan": "Tualan Hulu", "kab_kot": "Kotawaringin Timur", "latitude": -1.682589, "longitude": 112.928274 }, "geometry": { "type": "Point", "coordinates": [ 112.928273700000091, -1.682589399999927 ] } },
{ "type": "Feature", "properties": { "objectid": 131, "provinsi": "Riau", "nama_pabri": "PT Bumi Palma Lestari Psd", "kapasitas": 30.0, "pot_pome": 0.822515, "pot_efb": 2.054524, "pot_fiber": 0.799555, "pot_shell": 1.475105, "jns_tek": "Biogas, Biomass Combustion", "alamat": " Bagan Jaya", "kecamatan": "Tempuling", "kab_kot": "Indragiri Hilir", "latitude": -0.598128, "longitude": 102.983597 }, "geometry": { "type": "Point", "coordinates": [ 102.983597200000077, -0.598127777999935 ] } },
{ "type": "Feature", "properties": { "objectid": 132, "provinsi": "Bangka-Belitung", "nama_pabri": "PT Bumi Permai Lestari", "kapasitas": 60.0, "pot_pome": 1.64503, "pot_efb": 4.109049, "pot_fiber": 1.599111, "pot_shell": 2.95021, "jns_tek": "Biogas, Biomass Combustion", "alamat": " Pangkal Beras", "kecamatan": "Kelapa", "kab_kot": "Bangka Barat", "latitude": -1.820444, "longitude": 105.552465 }, "geometry": { "type": "Point", "coordinates": [ 105.552465, -1.820444 ] } },
{ "type": "Feature", "properties": { "objectid": 133, "provinsi": "Kalimantan Barat", "nama_pabri": "PT Bumi Pratama Katulistiwa", "kapasitas": 30.0, "pot_pome": 0.822515, "pot_efb": 2.054524, "pot_fiber": 0.799555, "pot_shell": 1.475105, "jns_tek": "Biogas, Biomass Combustion", "alamat": " Mega Timur", "kecamatan": "Sungai Ambawang", "kab_kot": "Kubu Raya", "latitude": -0.021651, "longitude": 109.424729 }, "geometry": { "type": "Point", "coordinates": [ 109.424729300000081, -0.021650826999974 ] } },
{ "type": "Feature", "properties": { "objectid": 134, "provinsi": "Sumatera Selatan", "nama_pabri": "PT Bumi Sawindo Permai", "kapasitas": 45.0, "pot_pome": 1.233773, "pot_efb": 3.081786, "pot_fiber": 1.199333, "pot_shell": 2.212657, "jns_tek": "Biogas, Biomass Combustion", "alamat": " Penyandingan", "kecamatan": "Tanjung Agung", "kab_kot": "Muara Enim", "latitude": -3.848889, "longitude": 103.805833 }, "geometry": { "type": "Point", "coordinates": [ 103.805833300000074, -3.848888888999966 ] } },
{ "type": "Feature", "properties": { "objectid": 135, "provinsi": "Kalimantan Tengah", "nama_pabri": "PT Bumi Sawit Kencana", "kapasitas": 45.0, "pot_pome": 1.233773, "pot_efb": 3.081786, "pot_fiber": 1.199333, "pot_shell": 2.212657, "jns_tek": "Biogas, Biomass Combustion", "alamat": " Tangar", "kecamatan": "Telawang", "kab_kot": "Kotawaringin Timur", "latitude": -2.229444, "longitude": 112.494167 }, "geometry": { "type": "Point", "coordinates": [ 112.494166700000051, -2.229444443999967 ] } },
{ "type": "Feature", "properties": { "objectid": 136, "provinsi": "Sumatera Selatan", "nama_pabri": "PT Bumi Sawit Permai", "kapasitas": 30.0, "pot_pome": 0.822515, "pot_efb": 2.054524, "pot_fiber": 0.799555, "pot_shell": 1.475105, "jns_tek": "Biogas, Biomass Combustion", "alamat": " Tanjung Miring", "kecamatan": "Rambang Ruang", "kab_kot": "Ogan Komering Ilir", "latitude": -3.525569, "longitude": 104.343999 }, "geometry": { "type": "Point", "coordinates": [ 104.343998700000043, -3.525568599999929 ] } },
{ "type": "Feature", "properties": { "objectid": 137, "provinsi": "Kalimantan Barat", "nama_pabri": "PT Bumi Sentosa Lestari", "kapasitas": 45.0, "pot_pome": 1.233773, "pot_efb": 3.081786, "pot_fiber": 1.199333, "pot_shell": 2.212657, "jns_tek": "Biogas, Biomass Combustion", "alamat": " Penyak", "kecamatan": "Dedai", "kab_kot": "Sintang", "latitude": -0.062404, "longitude": 111.696788 }, "geometry": { "type": "Point", "coordinates": [ 111.696788, -0.062404 ] } },
{ "type": "Feature", "properties": { "objectid": 138, "provinsi": "Kalimantan Timur", "nama_pabri": "PT Cahaya Anugerah Plantation", "kapasitas": 30.0, "pot_pome": 0.822515, "pot_efb": 2.054524, "pot_fiber": 0.799555, "pot_shell": 1.475105, "jns_tek": "Biogas, Biomass Combustion", "alamat": " Puan Cepak", "kecamatan": "Muara Kaman", "kab_kot": "Kutai Kartanegara", "latitude": -0.090742, "longitude": 117.031081 }, "geometry": { "type": "Point", "coordinates": [ 117.031080600000109, -0.090741666999975 ] } },
{ "type": "Feature", "properties": { "objectid": 139, "provinsi": "Kalimantan Timur", "nama_pabri": "PT Cahaya Bintang Sawit Sejati 2", "kapasitas": 60.0, "pot_pome": 1.64503, "pot_efb": 4.109049, "pot_fiber": 1.599111, "pot_shell": 2.95021, "jns_tek": "Biogas, Biomass Combustion", "alamat": " Petangis", "kecamatan": "Batu Engau", "kab_kot": "Paser", "latitude": -2.090761, "longitude": 116.122658 }, "geometry": { "type": "Point", "coordinates": [ 116.122658000000115, -2.09076122099998 ] } },
{ "type": "Feature", "properties": { "objectid": 140, "provinsi": "Bengkulu", "nama_pabri": "PT Cahaya Sawit Lestari", "kapasitas": 45.0, "pot_pome": 1.233773, "pot_efb": 3.081786, "pot_fiber": 1.199333, "pot_shell": 2.212657, "jns_tek": "Biogas, Biomass Combustion", "alamat": " Pulau Panggung", "kecamatan": "Talang Empat", "kab_kot": "Bengkulu Tengah", "latitude": -3.804175, "longitude": 102.398756 }, "geometry": { "type": "Point", "coordinates": [ 102.398755600000072, -3.804175 ] } },
{ "type": "Feature", "properties": { "objectid": 141, "provinsi": "Riau", "nama_pabri": "PT Cakra Alam Sejati", "kapasitas": 45.0, "pot_pome": 1.233773, "pot_efb": 3.081786, "pot_fiber": 1.199333, "pot_shell": 2.212657, "jns_tek": "Biogas, Biomass Combustion", "alamat": " Dundangan", "kecamatan": "Pangkalan Kuras", "kab_kot": "Pelalawan", "latitude": 0.173647, "longitude": 101.991886 }, "geometry": { "type": "Point", "coordinates": [ 101.991886100000045, 0.173647200000062 ] } },
{ "type": "Feature", "properties": { "objectid": 142, "provinsi": "Kalimantan Selatan", "nama_pabri": "PT Cakung Permata Nusa 1", "kapasitas": 30.0, "pot_pome": 0.822515, "pot_efb": 2.054524, "pot_fiber": 0.799555, "pot_shell": 1.475105, "jns_tek": "Biogas, Biomass Combustion", "alamat": " Kambitin Raya", "kecamatan": "0", "kab_kot": "Tabalong", "latitude": -2.067389, "longitude": 115.394722 }, "geometry": { "type": "Point", "coordinates": [ 115.394722200000047, -2.067388888999972 ] } },
{ "type": "Feature", "properties": { "objectid": 143, "provinsi": "Sumatera Selatan", "nama_pabri": "PT Campang Tiga", "kapasitas": 30.0, "pot_pome": 0.822515, "pot_efb": 2.054524, "pot_fiber": 0.799555, "pot_shell": 1.475105, "jns_tek": "Biogas, Biomass Combustion", "alamat": " Campang Tiga", "kecamatan": "Cempaka", "kab_kot": "Ogan Komering Ulu", "latitude": -3.778739, "longitude": 104.741906 }, "geometry": { "type": "Point", "coordinates": [ 104.741905600000052, -3.778738899999951 ] } },
{ "type": "Feature", "properties": { "objectid": 144, "provinsi": "Kalimantan Selatan", "nama_pabri": "PT Candi Artha", "kapasitas": 15.0, "pot_pome": 0.411258, "pot_efb": 1.027262, "pot_fiber": 0.399778, "pot_shell": 0.737552, "jns_tek": "Biogas, Biomass Combustion", "alamat": " Jelatang", "kecamatan": "Jorong", "kab_kot": "Tanah Laut", "latitude": -3.941925, "longitude": 114.816444 }, "geometry": { "type": "Point", "coordinates": [ 114.816444400000023, -3.941925 ] } },
{ "type": "Feature", "properties": { "objectid": 145, "provinsi": "Riau", "nama_pabri": "PT Cerenti  Subur", "kapasitas": 45.0, "pot_pome": 1.233773, "pot_efb": 3.081786, "pot_fiber": 1.199333, "pot_shell": 2.212657, "jns_tek": "Biogas, Biomass Combustion", "alamat": " Sorik", "kecamatan": "Kuantan Hilir", "kab_kot": "Kuantan Singingi", "latitude": -0.516667, "longitude": 101.716667 }, "geometry": { "type": "Point", "coordinates": [ 101.716666700000076, -0.516666666999924 ] } },
{ "type": "Feature", "properties": { "objectid": 146, "provinsi": "Kalimantan Barat", "nama_pabri": "PT Ceria Prima", "kapasitas": 60.0, "pot_pome": 1.64503, "pot_efb": 4.109049, "pot_fiber": 1.599111, "pot_shell": 2.95021, "jns_tek": "Biogas, Biomass Combustion", "alamat": " Kalon", "kecamatan": "Seluas", "kab_kot": "Bengkayang", "latitude": 1.300722, "longitude": 109.668194 }, "geometry": { "type": "Point", "coordinates": [ 109.668194400000061, 1.300722222000047 ] } },
{ "type": "Feature", "properties": { "objectid": 147, "provinsi": "Kalimantan Barat", "nama_pabri": "PT Ceria Prima", "kapasitas": 60.0, "pot_pome": 1.64503, "pot_efb": 4.109049, "pot_fiber": 1.599111, "pot_shell": 2.95021, "jns_tek": "Biogas, Biomass Combustion", "alamat": " Sinar Baru", "kecamatan": "Jagoi Babang", "kab_kot": "Bengkayang", "latitude": 1.370306, "longitude": 109.684389 }, "geometry": { "type": "Point", "coordinates": [ 109.684388900000044, 1.370305556000062 ] } },
{ "type": "Feature", "properties": { "objectid": 148, "provinsi": "Riau", "nama_pabri": "PT Ciliandra Perkasa", "kapasitas": 30.0, "pot_pome": 0.822515, "pot_efb": 2.054524, "pot_fiber": 0.799555, "pot_shell": 1.475105, "jns_tek": "Biogas, Biomass Combustion", "alamat": " Siabu", "kecamatan": "0", "kab_kot": "Kampar", "latitude": 0.16049, "longitude": 101.05482 }, "geometry": { "type": "Point", "coordinates": [ 101.05482, 0.16049 ] } },
{ "type": "Feature", "properties": { "objectid": 149, "provinsi": "Sumatera Utara", "nama_pabri": "PT Cinta Raja", "kapasitas": 15.0, "pot_pome": 0.411258, "pot_efb": 1.027262, "pot_fiber": 0.399778, "pot_shell": 0.737552, "jns_tek": "Biogas, Biomass Combustion", "alamat": " Silinda", "kecamatan": " ", "kab_kot": "Serdang Bedagai", "latitude": 3.217444, "longitude": 98.781 }, "geometry": { "type": "Point", "coordinates": [ 98.781, 3.217444444000023 ] } },
{ "type": "Feature", "properties": { "objectid": 150, "provinsi": "Riau", "nama_pabri": "PT Cipta Agro Sejati", "kapasitas": 30.0, "pot_pome": 0.822515, "pot_efb": 2.054524, "pot_fiber": 0.799555, "pot_shell": 1.475105, "jns_tek": "Biogas, Biomass Combustion", "alamat": " Kota Parit", "kecamatan": "Simpang Kanan", "kab_kot": "Rokan Hilir", "latitude": 1.870928, "longitude": 100.430939 }, "geometry": { "type": "Point", "coordinates": [ 100.430938900000058, 1.870927800000061 ] } },
{ "type": "Feature", "properties": { "objectid": 151, "provinsi": "Sumatera Selatan", "nama_pabri": "PT Cipta Futura", "kapasitas": 45.0, "pot_pome": 1.233773, "pot_efb": 3.081786, "pot_fiber": 1.199333, "pot_shell": 2.212657, "jns_tek": "Biogas, Biomass Combustion", "alamat": " Ujan Mas Lama", "kecamatan": "Ujan Mas", "kab_kot": "Muara Enim", "latitude": -3.50718, "longitude": 103.70374 }, "geometry": { "type": "Point", "coordinates": [ 103.70374, -3.50718 ] } },
{ "type": "Feature", "properties": { "objectid": 152, "provinsi": "Kalimantan Barat", "nama_pabri": "PT Cipta Usaha Sejati", "kapasitas": 34.15, "pot_pome": 0.936296, "pot_efb": 2.338733, "pot_fiber": 0.910161, "pot_shell": 1.679161, "jns_tek": "Biogas, Biomass Combustion", "alamat": " Lubuk Batu", "kecamatan": "Simpang Hilir", "kab_kot": "Kayong Utara", "latitude": -0.998955, "longitude": 110.19624 }, "geometry": { "type": "Point", "coordinates": [ 110.19624, -0.998955277999926 ] } },
{ "type": "Feature", "properties": { "objectid": 153, "provinsi": "Sumatera Utara", "nama_pabri": "PT Cisadane Sawit Raya (SUC)", "kapasitas": 45.0, "pot_pome": 1.233773, "pot_efb": 3.081786, "pot_fiber": 1.199333, "pot_shell": 2.212657, "jns_tek": "Biogas, Biomass Combustion", "alamat": " Selat Beting", "kecamatan": "Panai Tengah", "kab_kot": "Labuhan Batu", "latitude": 2.244708, "longitude": 100.188831 }, "geometry": { "type": "Point", "coordinates": [ 100.188830600000074, 2.244708333000062 ] } },
{ "type": "Feature", "properties": { "objectid": 154, "provinsi": "Kalimantan Selatan", "nama_pabri": "PT Citra Putra Kebun Asri", "kapasitas": 30.0, "pot_pome": 0.822515, "pot_efb": 2.054524, "pot_fiber": 0.799555, "pot_shell": 1.475105, "jns_tek": "Biogas, Biomass Combustion", "alamat": " Jorong", "kecamatan": "Jorong", "kab_kot": "Tanah Laut", "latitude": -3.943533, "longitude": 114.953489 }, "geometry": { "type": "Point", "coordinates": [ 114.953489300000115, -3.943533169999967 ] } },
{ "type": "Feature", "properties": { "objectid": 155, "provinsi": "Riau", "nama_pabri": "PT Citra Riau Sarana", "kapasitas": 30.0, "pot_pome": 0.822515, "pot_efb": 2.054524, "pot_fiber": 0.799555, "pot_shell": 1.475105, "jns_tek": "Biogas, Biomass Combustion", "alamat": " Giri Sako", "kecamatan": "Logas Tanah Darat", "kab_kot": "Kuantan Singingi", "latitude": -0.213159, "longitude": 101.474179 }, "geometry": { "type": "Point", "coordinates": [ 101.47417930000006, -0.213158710999949 ] } },
{ "type": "Feature", "properties": { "objectid": 156, "provinsi": "Riau", "nama_pabri": "PT Citra Sardela", "kapasitas": 30.0, "pot_pome": 0.822515, "pot_efb": 2.054524, "pot_fiber": 0.799555, "pot_shell": 1.475105, "jns_tek": "Biogas, Biomass Combustion", "alamat": " Muara Dilam", "kecamatan": "Kunto Darussalam", "kab_kot": "Rokan Hilir", "latitude": 0.98668, "longitude": 100.73262 }, "geometry": { "type": "Point", "coordinates": [ 100.73262, 0.98668 ] } },
{ "type": "Feature", "properties": { "objectid": 157, "provinsi": "Kalimantan Barat", "nama_pabri": "PT Citranusa Intisawit", "kapasitas": 60.0, "pot_pome": 1.64503, "pot_efb": 4.109049, "pot_fiber": 1.599111, "pot_shell": 2.95021, "jns_tek": "Biogas, Biomass Combustion", "alamat": " Kedukul", "kecamatan": "Mukok", "kab_kot": "Sanggau", "latitude": -0.114686, "longitude": 110.759722 }, "geometry": { "type": "Point", "coordinates": [ 110.759722200000056, -0.114686110999969 ] } },
{ "type": "Feature", "properties": { "objectid": 158, "provinsi": "Jawa Barat", "nama_pabri": "PT Condong", "kapasitas": 20.0, "pot_pome": 0.548343, "pot_efb": 1.369683, "pot_fiber": 0.533037, "pot_shell": 0.983403, "jns_tek": "Biogas, Biomass Combustion", "alamat": " Cimari, Cigadong", "kecamatan": "Cikelet", "kab_kot": "Garut", "latitude": -7.483333, "longitude": 108.1 }, "geometry": { "type": "Point", "coordinates": [ 108.1, -7.483333332999962 ] } },
{ "type": "Feature", "properties": { "objectid": 159, "provinsi": "Sulawesi Tenggara", "nama_pabri": "PT Damai Jaya Lestari", "kapasitas": 30.0, "pot_pome": 0.822515, "pot_efb": 2.054524, "pot_fiber": 0.799555, "pot_shell": 1.475105, "jns_tek": "Biogas, Biomass Combustion", "alamat": " Lamonae", "kecamatan": "Wiwirano", "kab_kot": "Konawe Utara", "latitude": -3.256307, "longitude": 122.145584 }, "geometry": { "type": "Point", "coordinates": [ 122.145584, -3.256307 ] } },
{ "type": "Feature", "properties": { "objectid": 160, "provinsi": "Bengkulu", "nama_pabri": "PT Daria Dharma Pratama 1", "kapasitas": 30.0, "pot_pome": 0.822515, "pot_efb": 2.054524, "pot_fiber": 0.799555, "pot_shell": 1.475105, "jns_tek": "Biogas, Biomass Combustion", "alamat": " Sibak", "kecamatan": "Ipuh", "kab_kot": "Mukomuko", "latitude": -2.981111, "longitude": 101.506111 }, "geometry": { "type": "Point", "coordinates": [ 101.506111100000055, -2.981111110999962 ] } },
{ "type": "Feature", "properties": { "objectid": 161, "provinsi": "Bengkulu", "nama_pabri": "PT Daria Dharma Pratama 2", "kapasitas": 45.0, "pot_pome": 1.233773, "pot_efb": 3.081786, "pot_fiber": 1.199333, "pot_shell": 2.212657, "jns_tek": "Biogas, Biomass Combustion", "alamat": " Lubuk Bento", "kecamatan": "Pondok Suguh", "kab_kot": "Mukomuko", "latitude": -2.791944, "longitude": 101.402222 }, "geometry": { "type": "Point", "coordinates": [ 101.40222220000004, -2.791944443999967 ] } },
{ "type": "Feature", "properties": { "objectid": 162, "provinsi": "Jambi", "nama_pabri": "PT Dasa Anugrah Sejati", "kapasitas": 60.0, "pot_pome": 1.64503, "pot_efb": 4.109049, "pot_fiber": 1.599111, "pot_shell": 2.95021, "jns_tek": "Biogas, Biomass Combustion", "alamat": " Lubuk Bernai, Pelabuhan Dagang, Pematang Pauh", "kecamatan": "Tungkal Ulu", "kab_kot": "Tanjung Jabung", "latitude": -1.176667, "longitude": 103.007778 }, "geometry": { "type": "Point", "coordinates": [ 103.007777800000042, -1.176666666999949 ] } },
{ "type": "Feature", "properties": { "objectid": 163, "provinsi": "Sumatera Utara", "nama_pabri": "PT Daya Labuhan Indah", "kapasitas": 30.0, "pot_pome": 0.822515, "pot_efb": 2.054524, "pot_fiber": 0.799555, "pot_shell": 1.475105, "jns_tek": "Biogas, Biomass Combustion", "alamat": " Sei Tampang", "kecamatan": "Bilah Hilir", "kab_kot": "Labuhan Batu", "latitude": 2.286422, "longitude": 100.14116 }, "geometry": { "type": "Point", "coordinates": [ 100.141160100000036, 2.286422278000032 ] } },
{ "type": "Feature", "properties": { "objectid": 164, "provinsi": "Sumatera Utara", "nama_pabri": "PT Daya Labuhan Indah", "kapasitas": 30.0, "pot_pome": 0.822515, "pot_efb": 2.054524, "pot_fiber": 0.799555, "pot_shell": 1.475105, "jns_tek": "Biogas, Biomass Combustion", "alamat": "Kel. Bilah Hilir", "kecamatan": "Labuhan Batu", "kab_kot": "Labuhan Batu", "latitude": 2.286111, "longitude": 100.140833 }, "geometry": { "type": "Point", "coordinates": [ 100.140833300000054, 2.286111111000025 ] } },
{ "type": "Feature", "properties": { "objectid": 165, "provinsi": "Sumatera Selatan", "nama_pabri": "PT Daya Semesta Agro Persada", "kapasitas": 45.0, "pot_pome": 1.233773, "pot_efb": 3.081786, "pot_fiber": 1.199333, "pot_shell": 2.212657, "jns_tek": "Biogas, Biomass Combustion", "alamat": " Rambutan", "kecamatan": "Rambutan", "kab_kot": "Banyuasin", "latitude": -3.033042, "longitude": 104.892239 }, "geometry": { "type": "Point", "coordinates": [ 104.892238900000052, -3.033041699999956 ] } },
{ "type": "Feature", "properties": { "objectid": 166, "provinsi": "Aceh", "nama_pabri": "PT Delima Makmur", "kapasitas": 30.0, "pot_pome": 0.822515, "pot_efb": 2.054524, "pot_fiber": 0.799555, "pot_shell": 1.475105, "jns_tek": "Biogas, Biomass Combustion", "alamat": " Lae Tangga/Telaga Bhakti", "kecamatan": "0", "kab_kot": "Aceh Singkil", "latitude": 2.246775, "longitude": 98.030769 }, "geometry": { "type": "Point", "coordinates": [ 98.030769400000054, 2.246775 ] } },
{ "type": "Feature", "properties": { "objectid": 167, "provinsi": "Sumatera Selatan", "nama_pabri": "PT Dendy Marker Indah Lestari & PT Tebo Indah", "kapasitas": 20.0, "pot_pome": 0.548343, "pot_efb": 1.369683, "pot_fiber": 0.533037, "pot_shell": 0.983403, "jns_tek": "Biogas, Biomass Combustion", "alamat": " Karang Dapo I", "kecamatan": "Karang Dapo", "kab_kot": "Musi Rawas", "latitude": -2.795333, "longitude": 102.944833 }, "geometry": { "type": "Point", "coordinates": [ 102.944833300000084, -2.795333332999974 ] } },
{ "type": "Feature", "properties": { "objectid": 168, "provinsi": "Kalimantan Tengah", "nama_pabri": "PT Dharma Satya Nusantara", "kapasitas": 60.0, "pot_pome": 1.64503, "pot_efb": 4.109049, "pot_fiber": 1.599111, "pot_shell": 2.95021, "jns_tek": "Biogas, Biomass Combustion", "alamat": " Bakonsu", "kecamatan": "Lamandau", "kab_kot": "Lamandau", "latitude": -1.970786, "longitude": 111.352222 }, "geometry": { "type": "Point", "coordinates": [ 111.352222200000085, -1.970786110999939 ] } },
{ "type": "Feature", "properties": { "objectid": 169, "provinsi": "Kalimantan Timur", "nama_pabri": "PT Dharma Satya Nusantara", "kapasitas": 60.0, "pot_pome": 1.64503, "pot_efb": 4.109049, "pot_fiber": 1.599111, "pot_shell": 2.95021, "jns_tek": "Biogas, Biomass Combustion", "alamat": " Long Wehea", "kecamatan": "Muara Wahau", "kab_kot": "Kutai Timur", "latitude": 1.151, "longitude": 116.747 }, "geometry": { "type": "Point", "coordinates": [ 116.747, 1.151 ] } },
{ "type": "Feature", "properties": { "objectid": 170, "provinsi": "Kalimantan Timur", "nama_pabri": "PT Dharma Satya Nusantara", "kapasitas": 60.0, "pot_pome": 1.64503, "pot_efb": 4.109049, "pot_fiber": 1.599111, "pot_shell": 2.95021, "jns_tek": "Biogas, Biomass Combustion", "alamat": " Muara Wahau", "kecamatan": "Muara Wahau", "kab_kot": "Kutai Timur", "latitude": 1.151667, "longitude": 116.746111 }, "geometry": { "type": "Point", "coordinates": [ 116.7461111, 1.151666667000029 ] } },
{ "type": "Feature", "properties": { "objectid": 171, "provinsi": "Riau", "nama_pabri": "PT Dharma Wungu Guna", "kapasitas": 30.0, "pot_pome": 0.822515, "pot_efb": 2.054524, "pot_fiber": 0.799555, "pot_shell": 1.475105, "jns_tek": "Biogas, Biomass Combustion", "alamat": " Buluh Cina", "kecamatan": " Kec Bagan Sinembah", "kab_kot": "Rokan Hilir", "latitude": 1.76808, "longitude": 100.493665 }, "geometry": { "type": "Point", "coordinates": [ 100.493664900000056, 1.768080212000029 ] } },
{ "type": "Feature", "properties": { "objectid": 172, "provinsi": "Riau", "nama_pabri": "PT Dian Anggara Persada", "kapasitas": 30.0, "pot_pome": 0.822515, "pot_efb": 2.054524, "pot_fiber": 0.799555, "pot_shell": 1.475105, "jns_tek": "Biogas, Biomass Combustion", "alamat": "Jl. Lino Baru KM 18 Waduk", "kecamatan": "Kandis", "kab_kot": "Siak", "latitude": 0.980064, "longitude": 101.046144 }, "geometry": { "type": "Point", "coordinates": [ 101.04614440000006, 0.980063900000061 ] } },
{ "type": "Feature", "properties": { "objectid": 173, "provinsi": "Sulawesi Barat", "nama_pabri": "PT Diyatama Inti Pusaka", "kapasitas": 45.0, "pot_pome": 1.233773, "pot_efb": 3.081786, "pot_fiber": 1.199333, "pot_shell": 2.212657, "jns_tek": "Biogas, Biomass Combustion", "alamat": " Wulai", "kecamatan": "Bambalamotu", "kab_kot": "Mamuju Utara", "latitude": -1.071431, "longitude": 119.533969 }, "geometry": { "type": "Point", "coordinates": [ 119.533969400000046, -1.071430599999928 ] } },
{ "type": "Feature", "properties": { "objectid": 174, "provinsi": "Sumatera Selatan", "nama_pabri": "PT Djuandasawit Lestari", "kapasitas": 60.0, "pot_pome": 1.64503, "pot_efb": 4.109049, "pot_fiber": 1.599111, "pot_shell": 2.95021, "jns_tek": "Biogas, Biomass Combustion", "alamat": " Lubuk Pandan", "kecamatan": "Muara Lakitan", "kab_kot": "Musi Rawas", "latitude": -2.9, "longitude": 103.177222 }, "geometry": { "type": "Point", "coordinates": [ 103.177222200000074, -2.9 ] } },
{ "type": "Feature", "properties": { "objectid": 175, "provinsi": "Papua", "nama_pabri": "PT Dongin Prabhawa", "kapasitas": 50.0, "pot_pome": 1.370859, "pot_efb": 3.424207, "pot_fiber": 1.332592, "pot_shell": 2.458508, "jns_tek": "Biogas, Biomass Combustion", "alamat": " Tagaepe dan Nakias", "kecamatan": "Ngguti", "kab_kot": "Merauke", "latitude": -7.391294, "longitude": 139.729453 }, "geometry": { "type": "Point", "coordinates": [ 139.729452800000104, -7.391294443999925 ] } },
{ "type": "Feature", "properties": { "objectid": 176, "provinsi": "Riau", "nama_pabri": "PT Duta Palma Nusantara", "kapasitas": 60.0, "pot_pome": 1.64503, "pot_efb": 4.109049, "pot_fiber": 1.599111, "pot_shell": 2.95021, "jns_tek": "Biogas, Biomass Combustion", "alamat": " Banjar Benai", "kecamatan": "Benai", "kab_kot": "Kuantan Singingi", "latitude": -0.557372, "longitude": 101.672778 }, "geometry": { "type": "Point", "coordinates": [ 101.672777800000063, -0.557372221999969 ] } },
{ "type": "Feature", "properties": { "objectid": 177, "provinsi": "Riau", "nama_pabri": "PT Dwi Mitra Daya Riau", "kapasitas": 30.0, "pot_pome": 0.822515, "pot_efb": 2.054524, "pot_fiber": 0.799555, "pot_shell": 1.475105, "jns_tek": "Biogas, Biomass Combustion", "alamat": " Kota Parit", "kecamatan": "Simpang Kanan", "kab_kot": "Rokan Hilir", "latitude": 1.813811, "longitude": 100.398231 }, "geometry": { "type": "Point", "coordinates": [ 100.398230800000078, 1.813810901000068 ] } },
{ "type": "Feature", "properties": { "objectid": 178, "provinsi": "Kalimantan Timur", "nama_pabri": "PT Dwiwira Lestari Jaya", "kapasitas": 60.0, "pot_pome": 1.64503, "pot_efb": 4.109049, "pot_fiber": 1.599111, "pot_shell": 2.95021, "jns_tek": "Biogas, Biomass Combustion", "alamat": " Biatan Lempake", "kecamatan": "Biatan", "kab_kot": "Berau", "latitude": 1.606798, "longitude": 118.043784 }, "geometry": { "type": "Point", "coordinates": [ 118.04378440000005, 1.606798333000029 ] } },
{ "type": "Feature", "properties": { "objectid": 179, "provinsi": "Kalimantan Tengah", "nama_pabri": "PT Eagle High Plantation", "kapasitas": 60.0, "pot_pome": 1.64503, "pot_efb": 4.109049, "pot_fiber": 1.599111, "pot_shell": 2.95021, "jns_tek": "Biogas, Biomass Combustion", "alamat": " Bedaun", "kecamatan": "Kumai", "kab_kot": "Kotawaringin Barat", "latitude": -2.708333, "longitude": 111.822222 }, "geometry": { "type": "Point", "coordinates": [ 111.822222200000056, -2.708333332999928 ] } },
{ "type": "Feature", "properties": { "objectid": 180, "provinsi": "Sumatera Utara", "nama_pabri": "PT Eastern Sum. Ind.", "kapasitas": 30.0, "pot_pome": 0.822515, "pot_efb": 2.054524, "pot_fiber": 0.799555, "pot_shell": 1.475105, "jns_tek": "Biogas, Biomass Combustion", "alamat": " Pematang Syahkuda", "kecamatan": "Gunung Malela", "kab_kot": "Simalungun", "latitude": 3.012294, "longitude": 99.235572 }, "geometry": { "type": "Point", "coordinates": [ 99.235572220000051, 3.01229444400002 ] } },
{ "type": "Feature", "properties": { "objectid": 181, "provinsi": "Riau", "nama_pabri": "PT Ega Suti Nasakti", "kapasitas": 45.0, "pot_pome": 1.233773, "pot_efb": 3.081786, "pot_fiber": 1.199333, "pot_shell": 2.212657, "jns_tek": "Biogas, Biomass Combustion", "alamat": " Petapahan", "kecamatan": "Tapung", "kab_kot": "Kampar", "latitude": 0.583179, "longitude": 101.092425 }, "geometry": { "type": "Point", "coordinates": [ 101.092425, 0.583179 ] } },
{ "type": "Feature", "properties": { "objectid": 182, "provinsi": "Riau", "nama_pabri": "PT Eka Dura Indonesia", "kapasitas": 60.0, "pot_pome": 1.64503, "pot_efb": 4.109049, "pot_fiber": 1.599111, "pot_shell": 2.95021, "jns_tek": "Biogas, Biomass Combustion", "alamat": " Kota Lama", "kecamatan": " Kec Kunto Darussalam", "kab_kot": "Rokan Hulu", "latitude": 0.883567, "longitude": 100.612933 }, "geometry": { "type": "Point", "coordinates": [ 100.612933300000066, 0.883566667000025 ] } },
{ "type": "Feature", "properties": { "objectid": 183, "provinsi": "Sumatera Selatan", "nama_pabri": "PT Ekajaya Multiperkasa", "kapasitas": 45.0, "pot_pome": 1.233773, "pot_efb": 3.081786, "pot_fiber": 1.199333, "pot_shell": 2.212657, "jns_tek": "Biogas, Biomass Combustion", "alamat": " Singapura Lama", "kecamatan": "Kikim Barat", "kab_kot": "Lahat", "latitude": -3.553833, "longitude": 103.301194 }, "geometry": { "type": "Point", "coordinates": [ 103.301194400000043, -3.553833332999943 ] } },
{ "type": "Feature", "properties": { "objectid": 184, "provinsi": "Riau", "nama_pabri": "PT Eluan Mahkota", "kapasitas": 90.0, "pot_pome": 2.467546, "pot_efb": 6.163573, "pot_fiber": 2.398666, "pot_shell": 4.425315, "jns_tek": "Biogas, Biomass Combustion", "alamat": " Muara Jaya", "kecamatan": "Kepenuhan Hulu", "kab_kot": "Rokan Hulu", "latitude": 0.974306, "longitude": 102.536861 }, "geometry": { "type": "Point", "coordinates": [ 102.536861100000067, 0.974305556000047 ] } },
{ "type": "Feature", "properties": { "objectid": 185, "provinsi": "Aceh", "nama_pabri": "PT Ensem Lestari", "kapasitas": 30.0, "pot_pome": 0.822515, "pot_efb": 2.054524, "pot_fiber": 0.799555, "pot_shell": 1.475105, "jns_tek": "Biogas, Biomass Combustion", "alamat": " Gagak/Lamie", "kecamatan": "Darul Makmur", "kab_kot": "Aceh Barat", "latitude": 4.005472, "longitude": 96.484975 }, "geometry": { "type": "Point", "coordinates": [ 96.484975, 4.005472200000042 ] } },
{ "type": "Feature", "properties": { "objectid": 186, "provinsi": "Aceh", "nama_pabri": "PT Ensem Sawita", "kapasitas": 30.0, "pot_pome": 0.822515, "pot_efb": 2.054524, "pot_fiber": 0.799555, "pot_shell": 1.475105, "jns_tek": "Biogas, Biomass Combustion", "alamat": " Aramiah", "kecamatan": "Birem Bayeun", "kab_kot": "Aceh Timur", "latitude": 4.566003, "longitude": 97.917389 }, "geometry": { "type": "Point", "coordinates": [ 97.917388900000049, 4.566002800000035 ] } },
{ "type": "Feature", "properties": { "objectid": 187, "provinsi": "Jambi", "nama_pabri": "PT Erasakti Wiraforestama", "kapasitas": 45.0, "pot_pome": 1.233773, "pot_efb": 3.081786, "pot_fiber": 1.199333, "pot_shell": 2.212657, "jns_tek": "Biogas, Biomass Combustion", "alamat": "Tanjung Jabung", "kecamatan": " Kumpeh", "kab_kot": "Tanjung Jabung Timur", "latitude": -1.585833, "longitude": 103.205556 }, "geometry": { "type": "Point", "coordinates": [ 103.205555600000082, -1.585833329999957 ] } },
{ "type": "Feature", "properties": { "objectid": 188, "provinsi": "Kalimantan Timur", "nama_pabri": "PT Etam Bersama Lestari", "kapasitas": 75.0, "pot_pome": 2.056288, "pot_efb": 5.136311, "pot_fiber": 1.998889, "pot_shell": 3.687762, "jns_tek": "Biogas, Biomass Combustion", "alamat": " Pelawan", "kecamatan": "Sangkulirang", "kab_kot": "Kutai Timur", "latitude": 1.224, "longitude": 117.88 }, "geometry": { "type": "Point", "coordinates": [ 117.880000000000109, 1.224 ] } },
{ "type": "Feature", "properties": { "objectid": 189, "provinsi": "Kalimantan Timur", "nama_pabri": "PT Fairco Agro Mandiri", "kapasitas": 45.0, "pot_pome": 1.233773, "pot_efb": 3.081786, "pot_fiber": 1.199333, "pot_shell": 2.212657, "jns_tek": "Biogas, Biomass Combustion", "alamat": " Bumi Jaya", "kecamatan": "Kaliorang", "kab_kot": "Kutai Timur", "latitude": 0.965452, "longitude": 117.791834 }, "geometry": { "type": "Point", "coordinates": [ 117.791833900000029, 0.965451800000039 ] } },
{ "type": "Feature", "properties": { "objectid": 190, "provinsi": "Aceh", "nama_pabri": "PT Fajar Baizury & Brothers", "kapasitas": 30.0, "pot_pome": 0.822515, "pot_efb": 2.054524, "pot_fiber": 0.799555, "pot_shell": 1.475105, "jns_tek": "Biogas, Biomass Combustion", "alamat": " Babah Rot", "kecamatan": "Tadu Raya", "kab_kot": "Nagan Raya", "latitude": 4.115476, "longitude": 96.44463 }, "geometry": { "type": "Point", "coordinates": [ 96.444629760000055, 4.115475950000075 ] } },
{ "type": "Feature", "properties": { "objectid": 191, "provinsi": "Riau", "nama_pabri": "PT Fajar Riau Lestari", "kapasitas": 30.0, "pot_pome": 0.822515, "pot_efb": 2.054524, "pot_fiber": 0.799555, "pot_shell": 1.475105, "jns_tek": "Biogas, Biomass Combustion", "alamat": " Perhentian Luas", "kecamatan": " Logas Tanah Darat", "kab_kot": "Kuantan Singingi", "latitude": -0.380914, "longitude": 101.689753 }, "geometry": { "type": "Point", "coordinates": [ 101.689752800000065, -0.380913899999939 ] } },
{ "type": "Feature", "properties": { "objectid": 192, "provinsi": "Kalimantan Barat", "nama_pabri": "PT Fajar Saudara Kusuma", "kapasitas": 30.0, "pot_pome": 0.822515, "pot_efb": 2.054524, "pot_fiber": 0.799555, "pot_shell": 1.475105, "jns_tek": "Biogas, Biomass Combustion", "alamat": "Kec. Sebawi", "kecamatan": "0", "kab_kot": "Sambas", "latitude": 1.266946, "longitude": 109.224803 }, "geometry": { "type": "Point", "coordinates": [ 109.224803, 1.266946 ] } },
{ "type": "Feature", "properties": { "objectid": 193, "provinsi": "Kalimantan Timur", "nama_pabri": "PT Farinda Bersaudara", "kapasitas": 45.0, "pot_pome": 1.233773, "pot_efb": 3.081786, "pot_fiber": 1.199333, "pot_shell": 2.212657, "jns_tek": "Biogas, Biomass Combustion", "alamat": " Jambuk", "kecamatan": "Bongan", "kab_kot": "Kutai Barat", "latitude": -0.695446, "longitude": 116.262006 }, "geometry": { "type": "Point", "coordinates": [ 116.262006, -0.695446 ] } },
{ "type": "Feature", "properties": { "objectid": 194, "provinsi": "Riau", "nama_pabri": "PT Fetty Mina Jaya", "kapasitas": 30.0, "pot_pome": 0.822515, "pot_efb": 2.054524, "pot_fiber": 0.799555, "pot_shell": 1.475105, "jns_tek": "Biogas, Biomass Combustion", "alamat": " Minas Timur", "kecamatan": "Minas", "kab_kot": "Siak", "latitude": 0.650689, "longitude": 101.486949 }, "geometry": { "type": "Point", "coordinates": [ 101.486949, 0.650689 ] } },
{ "type": "Feature", "properties": { "objectid": 195, "provinsi": "Kalimantan Tengah", "nama_pabri": "PT First Lamandau Timber International", "kapasitas": 45.0, "pot_pome": 1.233773, "pot_efb": 3.081786, "pot_fiber": 1.199333, "pot_shell": 2.212657, "jns_tek": "Biogas, Biomass Combustion", "alamat": " Tangga Batu -  Belibi -  Bayat", "kecamatan": "Belantikan", "kab_kot": "Lamandau", "latitude": -1.84751, "longitude": 111.468734 }, "geometry": { "type": "Point", "coordinates": [ 111.468733900000075, -1.847510443999965 ] } },
{ "type": "Feature", "properties": { "objectid": 196, "provinsi": "Riau", "nama_pabri": "PT Flora Wahana Tirta", "kapasitas": 45.0, "pot_pome": 1.233773, "pot_efb": 3.081786, "pot_fiber": 1.199333, "pot_shell": 2.212657, "jns_tek": "Biogas, Biomass Combustion", "alamat": "Jl. Lintas Sumatera Km. 54/Sungai Lipay", "kecamatan": "Gunung Sahilan", "kab_kot": "Kampar", "latitude": 0.138167, "longitude": 101.267556 }, "geometry": { "type": "Point", "coordinates": [ 101.267555600000037, 0.138166667000064 ] } },
{ "type": "Feature", "properties": { "objectid": 197, "provinsi": "Bangka-Belitung", "nama_pabri": "PT Foresta Lestari Dwikarya", "kapasitas": 60.0, "pot_pome": 1.64503, "pot_efb": 4.109049, "pot_fiber": 1.599111, "pot_shell": 2.95021, "jns_tek": "Biogas, Biomass Combustion", "alamat": " Kembiri", "kecamatan": "Membalong", "kab_kot": "Belitung", "latitude": -3.031264, "longitude": 107.771833 }, "geometry": { "type": "Point", "coordinates": [ 107.771833300000083, -3.031263888999945 ] } },
{ "type": "Feature", "properties": { "objectid": 198, "provinsi": "Riau", "nama_pabri": "PT Fortius Agro Asia", "kapasitas": 60.0, "pot_pome": 1.64503, "pot_efb": 4.109049, "pot_fiber": 1.599111, "pot_shell": 2.95021, "jns_tek": "Biogas, Biomass Combustion", "alamat": " Aliantan", "kecamatan": "Kabun", "kab_kot": "Rokan Hulu", "latitude": 0.478607, "longitude": 100.75115 }, "geometry": { "type": "Point", "coordinates": [ 100.75115, 0.478607 ] } },
{ "type": "Feature", "properties": { "objectid": 199, "provinsi": "Bengkulu", "nama_pabri": "PT Gajah Sakti Sawit", "kapasitas": 45.0, "pot_pome": 1.233773, "pot_efb": 3.081786, "pot_fiber": 1.199333, "pot_shell": 2.212657, "jns_tek": "Biogas, Biomass Combustion", "alamat": " Tunggang", "kecamatan": "0", "kab_kot": "Mukomuko", "latitude": -2.87557, "longitude": 101.424103 }, "geometry": { "type": "Point", "coordinates": [ 101.424102900000037, -2.875570059999973 ] } },
{ "type": "Feature", "properties": { "objectid": 200, "provinsi": "Riau", "nama_pabri": "PT Ganda Buanindo", "kapasitas": 45.0, "pot_pome": 1.233773, "pot_efb": 3.081786, "pot_fiber": 1.199333, "pot_shell": 2.212657, "jns_tek": "Biogas, Biomass Combustion", "alamat": " Lipatkain Selatan", "kecamatan": "Kampar Kiri", "kab_kot": "Kampar", "latitude": 0.0074, "longitude": 101.23935 }, "geometry": { "type": "Point", "coordinates": [ 101.23935, 0.0074 ] } },
{ "type": "Feature", "properties": { "objectid": 201, "provinsi": "Riau", "nama_pabri": "PT Gandaherah Hendana", "kapasitas": 45.0, "pot_pome": 1.233773, "pot_efb": 3.081786, "pot_fiber": 1.199333, "pot_shell": 2.212657, "jns_tek": "Biogas, Biomass Combustion", "alamat": " Ukui II", "kecamatan": "Ukui", "kab_kot": "Pelalawan", "latitude": -0.156242, "longitude": 102.206828 }, "geometry": { "type": "Point", "coordinates": [ 102.206827800000042, -0.156241666999961 ] } },
{ "type": "Feature", "properties": { "objectid": 202, "provinsi": "Kalimantan Tengah", "nama_pabri": "PT Gawi Bahandep Sawit Mekar", "kapasitas": 75.0, "pot_pome": 2.056288, "pot_efb": 5.136311, "pot_fiber": 1.998889, "pot_shell": 3.687762, "jns_tek": "Biogas, Biomass Combustion", "alamat": " Jahitan", "kecamatan": "Seruyan Hilir", "kab_kot": "Seruyan", "latitude": -2.95, "longitude": 112.348611 }, "geometry": { "type": "Point", "coordinates": [ 112.348611100000085, -2.95 ] } },
{ "type": "Feature", "properties": { "objectid": 203, "provinsi": "Kalimantan Timur", "nama_pabri": "PT Gawi Makmur Kalimantan", "kapasitas": 45.0, "pot_pome": 1.233773, "pot_efb": 3.081786, "pot_fiber": 1.199333, "pot_shell": 2.212657, "jns_tek": "Biogas, Biomass Combustion", "alamat": " Bente Tualan/Mendik/Rintik/Babulu Barat", "kecamatan": "Long Kali dan Babulu", "kab_kot": "Paser dan Penajam Paser Utara", "latitude": -1.4395, "longitude": 116.398278 }, "geometry": { "type": "Point", "coordinates": [ 116.398277800000074, -1.4395 ] } },
{ "type": "Feature", "properties": { "objectid": 204, "provinsi": "Kalimantan Selatan", "nama_pabri": "PT Gawi Makmur Kalimantan", "kapasitas": 60.0, "pot_pome": 1.64503, "pot_efb": 4.109049, "pot_fiber": 1.599111, "pot_shell": 2.95021, "jns_tek": "Biogas, Biomass Combustion", "alamat": " Damit Hulu", "kecamatan": "Batu Kampar", "kab_kot": "Tanah Laut", "latitude": -3.821389, "longitude": 114.963139 }, "geometry": { "type": "Point", "coordinates": [ 114.963138900000104, -3.821388888999934 ] } },
{ "type": "Feature", "properties": { "objectid": 205, "provinsi": "Kalimantan Selatan", "nama_pabri": "PT Gawi makmur Kalimantan", "kapasitas": 60.0, "pot_pome": 1.64503, "pot_efb": 4.109049, "pot_fiber": 1.599111, "pot_shell": 2.95021, "jns_tek": "Biogas, Biomass Combustion", "alamat": " Satui Barat", "kecamatan": "Satui", "kab_kot": "Tanah Bumbu", "latitude": -3.737972, "longitude": 115.455194 }, "geometry": { "type": "Point", "coordinates": [ 115.455194400000096, -3.737972221999939 ] } },
{ "type": "Feature", "properties": { "objectid": 206, "provinsi": "Riau", "nama_pabri": "PT Geliga Bagan Riau", "kapasitas": 30.0, "pot_pome": 0.822515, "pot_efb": 2.054524, "pot_fiber": 0.799555, "pot_shell": 1.475105, "jns_tek": "Biogas, Biomass Combustion", "alamat": " Bakti Jaya", "kecamatan": "Bagan Sinembah", "kab_kot": "Rokan Hilir", "latitude": 1.600856, "longitude": 100.421344 }, "geometry": { "type": "Point", "coordinates": [ 100.421344400000066, 1.600855600000045 ] } },
{ "type": "Feature", "properties": { "objectid": 207, "provinsi": "Kalimantan Tengah", "nama_pabri": "PT Gemareksa Mekar Sari dan PT Satria Hupasarana", "kapasitas": 60.0, "pot_pome": 1.64503, "pot_efb": 4.109049, "pot_fiber": 1.599111, "pot_shell": 2.95021, "jns_tek": "Biogas, Biomass Combustion", "alamat": " Bunut", "kecamatan": "Bulik", "kab_kot": "Lamandau", "latitude": -2.124617, "longitude": 111.552633 }, "geometry": { "type": "Point", "coordinates": [ 111.552633300000082, -2.124616666999941 ] } },
{ "type": "Feature", "properties": { "objectid": 208, "provinsi": "Riau", "nama_pabri": "PT Gemilang Sawit Lestari", "kapasitas": 45.0, "pot_pome": 1.233773, "pot_efb": 3.081786, "pot_fiber": 1.199333, "pot_shell": 2.212657, "jns_tek": "Biogas, Biomass Combustion", "alamat": " Lebuh Lurus", "kecamatan": "Inuman", "kab_kot": "Kuantan Singingi", "latitude": -0.454419, "longitude": 101.827997 }, "geometry": { "type": "Point", "coordinates": [ 101.827997200000084, -0.454419399999949 ] } },
{ "type": "Feature", "properties": { "objectid": 209, "provinsi": "Sumatera Barat", "nama_pabri": "PT Gersindo Minang Plantations", "kapasitas": 60.0, "pot_pome": 1.64503, "pot_efb": 4.109049, "pot_fiber": 1.599111, "pot_shell": 2.95021, "jns_tek": "Biogas, Biomass Combustion", "alamat": " Jorong Tanjung Pangkal", "kecamatan": "Pasaman", "kab_kot": "Pasaman Barat", "latitude": 0.119427, "longitude": 99.719323 }, "geometry": { "type": "Point", "coordinates": [ 99.719323370000041, 0.119426693000037 ] } },
{ "type": "Feature", "properties": { "objectid": 210, "provinsi": "Kalimantan Barat", "nama_pabri": "PT Global Kalimantan Makmur", "kapasitas": 45.0, "pot_pome": 1.233773, "pot_efb": 3.081786, "pot_fiber": 1.199333, "pot_shell": 2.212657, "jns_tek": "Biogas, Biomass Combustion", "alamat": " Sotok", "kecamatan": "Sekayam", "kab_kot": "Sanggau", "latitude": 0.730556, "longitude": 110.4625 }, "geometry": { "type": "Point", "coordinates": [ 110.4625, 0.73055555600007 ] } },
{ "type": "Feature", "properties": { "objectid": 211, "provinsi": "Aceh", "nama_pabri": "PT Global Sawit Semesta", "kapasitas": 30.0, "pot_pome": 0.822515, "pot_efb": 2.054524, "pot_fiber": 0.799555, "pot_shell": 1.475105, "jns_tek": "Biogas, Biomass Combustion", "alamat": " Penanggalan", "kecamatan": "Penanggalan", "kab_kot": "Aceh Singkil", "latitude": 2.617467, "longitude": 98.027869 }, "geometry": { "type": "Point", "coordinates": [ 98.027869400000043, 2.617466700000023 ] } },
{ "type": "Feature", "properties": { "objectid": 212, "provinsi": "Sumatera Selatan", "nama_pabri": "PT Golden Blossom Sumatra", "kapasitas": 45.0, "pot_pome": 1.233773, "pot_efb": 3.081786, "pot_fiber": 1.199333, "pot_shell": 2.212657, "jns_tek": "Biogas, Biomass Combustion", "alamat": " Prambatan", "kecamatan": "Abab", "kab_kot": "Muara Enim", "latitude": -3.0682, "longitude": 104.2039 }, "geometry": { "type": "Point", "coordinates": [ 104.2039, -3.0682 ] } },
{ "type": "Feature", "properties": { "objectid": 213, "provinsi": "Kalimantan Tengah", "nama_pabri": "PT Graha Cakra Mulia", "kapasitas": 60.0, "pot_pome": 1.64503, "pot_efb": 4.109049, "pot_fiber": 1.599111, "pot_shell": 2.95021, "jns_tek": "Biogas, Biomass Combustion", "alamat": " Semantun", "kecamatan": "Permata Kecubung", "kab_kot": "Sukamara", "latitude": -2.129167, "longitude": 112.833333 }, "geometry": { "type": "Point", "coordinates": [ 112.833333300000049, -2.129166666999936 ] } },
{ "type": "Feature", "properties": { "objectid": 214, "provinsi": "Sumatera Utara", "nama_pabri": "PT Graha Dura Leidong Prima", "kapasitas": 30.0, "pot_pome": 0.822515, "pot_efb": 2.054524, "pot_fiber": 0.799555, "pot_shell": 1.475105, "jns_tek": "Biogas, Biomass Combustion", "alamat": " Sukarame Baru", "kecamatan": "Kualuh Hulu", "kab_kot": "Labuhan Batu Utara", "latitude": 2.584878, "longitude": 99.785396 }, "geometry": { "type": "Point", "coordinates": [ 99.785396210000044, 2.584877648000031 ] } },
{ "type": "Feature", "properties": { "objectid": 215, "provinsi": "Kalimantan Barat", "nama_pabri": "PT Grand Utama Mandiri", "kapasitas": 30.0, "pot_pome": 0.822515, "pot_efb": 2.054524, "pot_fiber": 0.799555, "pot_shell": 1.475105, "jns_tek": "Biogas, Biomass Combustion", "alamat": " Balai Sepuak", "kecamatan": "Belitang Hulu", "kab_kot": "Sekadau", "latitude": 0.469956, "longitude": 111.212017 }, "geometry": { "type": "Point", "coordinates": [ 111.212017, 0.469956 ] } },
{ "type": "Feature", "properties": { "objectid": 216, "provinsi": "Riau", "nama_pabri": "PT Guna Setia Pratama", "kapasitas": 45.0, "pot_pome": 1.233773, "pot_efb": 3.081786, "pot_fiber": 1.199333, "pot_shell": 2.212657, "jns_tek": "Biogas, Biomass Combustion", "alamat": " Muda Setia", "kecamatan": "Bandar Sekijang", "kab_kot": "Pelalawan", "latitude": 0.428606, "longitude": 101.596769 }, "geometry": { "type": "Point", "coordinates": [ 101.596769400000085, 0.428605600000026 ] } },
{ "type": "Feature", "properties": { "objectid": 217, "provinsi": "Kalimantan Barat", "nama_pabri": "PT Gunajaya Karya Gemilang", "kapasitas": 60.0, "pot_pome": 1.64503, "pot_efb": 4.109049, "pot_fiber": 1.599111, "pot_shell": 2.95021, "jns_tek": "Biogas, Biomass Combustion", "alamat": " Banjarsari", "kecamatan": "Kendawangan", "kab_kot": "Ketapang", "latitude": -2.358056, "longitude": 110.171389 }, "geometry": { "type": "Point", "coordinates": [ 110.171388900000068, -2.358055555999954 ] } },
{ "type": "Feature", "properties": { "objectid": 218, "provinsi": "Kalimantan Timur", "nama_pabri": "PT Gunta Samba Jaya", "kapasitas": 60.0, "pot_pome": 1.64503, "pot_efb": 4.109049, "pot_fiber": 1.599111, "pot_shell": 2.95021, "jns_tek": "Biogas, Biomass Combustion", "alamat": " Merapun", "kecamatan": "Kelay", "kab_kot": "Berau", "latitude": 1.374339, "longitude": 117.145728 }, "geometry": { "type": "Point", "coordinates": [ 117.145727800000031, 1.374338889000057 ] } },
{ "type": "Feature", "properties": { "objectid": 219, "provinsi": "Kalimantan Timur", "nama_pabri": "PT Gunta Samba", "kapasitas": 60.0, "pot_pome": 1.64503, "pot_efb": 4.109049, "pot_fiber": 1.599111, "pot_shell": 2.95021, "jns_tek": "Biogas, Biomass Combustion", "alamat": " Pangadan", "kecamatan": " Karangan", "kab_kot": "Kutai Timur", "latitude": 1.213928, "longitude": 117.808367 }, "geometry": { "type": "Point", "coordinates": [ 117.808366700000079, 1.213927778000027 ] } },
{ "type": "Feature", "properties": { "objectid": 220, "provinsi": "Riau", "nama_pabri": "PT Guntung Idaman Nusa", "kapasitas": 30.0, "pot_pome": 0.822515, "pot_efb": 2.054524, "pot_fiber": 0.799555, "pot_shell": 1.475105, "jns_tek": "Biogas, Biomass Combustion", "alamat": " Tanjung", "kecamatan": "Pelangiran", "kab_kot": "Indragiri Hilir", "latitude": 0.158889, "longitude": 103.286719 }, "geometry": { "type": "Point", "coordinates": [ 103.286719400000038, 0.158888889000025 ] } },
{ "type": "Feature", "properties": { "objectid": 221, "provinsi": "Bangka-Belitung", "nama_pabri": "PT Gunung Maras Lestari", "kapasitas": 80.0, "pot_pome": 2.193374, "pot_efb": 5.478731, "pot_fiber": 2.132148, "pot_shell": 3.933613, "jns_tek": "Biogas, Biomass Combustion", "alamat": " Mabat", "kecamatan": "Bakam", "kab_kot": "Bangka", "latitude": -1.963361, "longitude": 105.951611 }, "geometry": { "type": "Point", "coordinates": [ 105.951611100000036, -1.963361110999926 ] } },
{ "type": "Feature", "properties": { "objectid": 222, "provinsi": "Riau", "nama_pabri": "PT Gunung Mas Raya", "kapasitas": 60.0, "pot_pome": 1.64503, "pot_efb": 4.109049, "pot_fiber": 1.599111, "pot_shell": 2.95021, "jns_tek": "Biogas, Biomass Combustion", "alamat": " Bangko Mas Raya", "kecamatan": "Bangko Pusako", "kab_kot": "Rokan Hilir", "latitude": 1.58415, "longitude": 100.678469 }, "geometry": { "type": "Point", "coordinates": [ 100.67846940000004, 1.58415 ] } },
{ "type": "Feature", "properties": { "objectid": 223, "provinsi": "Sumatera Utara", "nama_pabri": "PT Gunung Melayu", "kapasitas": 30.0, "pot_pome": 0.822515, "pot_efb": 2.054524, "pot_fiber": 0.799555, "pot_shell": 1.475105, "jns_tek": "Biogas, Biomass Combustion", "alamat": " Gonting Malaha", "kecamatan": "Bandar Pulau", "kab_kot": "Asahan", "latitude": 2.749444, "longitude": 99.469722 }, "geometry": { "type": "Point", "coordinates": [ 99.469722220000051, 2.749444444000062 ] } },
{ "type": "Feature", "properties": { "objectid": 224, "provinsi": "Bangka-Belitung", "nama_pabri": "PT Gunung Pelawan Lestari", "kapasitas": 45.0, "pot_pome": 1.233773, "pot_efb": 3.081786, "pot_fiber": 1.199333, "pot_shell": 2.212657, "jns_tek": "Biogas, Biomass Combustion", "alamat": " Mapur", "kecamatan": "Riau Silip", "kab_kot": "Bangka", "latitude": -1.621667, "longitude": 105.988333 }, "geometry": { "type": "Point", "coordinates": [ 105.988333300000079, -1.621666666999943 ] } },
{ "type": "Feature", "properties": { "objectid": 225, "provinsi": "Kalimantan Tengah", "nama_pabri": "PT Gunung Sejahtera Dua Indah", "kapasitas": 60.0, "pot_pome": 1.64503, "pot_efb": 4.109049, "pot_fiber": 1.599111, "pot_shell": 2.95021, "jns_tek": "Biogas, Biomass Combustion", "alamat": " Sungai Bengkuang", "kecamatan": "Pangkalan Banteng", "kab_kot": "Kotawaringin Barat", "latitude": -2.386507, "longitude": 111.836991 }, "geometry": { "type": "Point", "coordinates": [ 111.836991300000079, -2.386507299999948 ] } },
{ "type": "Feature", "properties": { "objectid": 226, "provinsi": "Kalimantan Tengah", "nama_pabri": "PT Gunung Sejahtera Ibu Pertiwi", "kapasitas": 60.0, "pot_pome": 1.64503, "pot_efb": 4.109049, "pot_fiber": 1.599111, "pot_shell": 2.95021, "jns_tek": "Biogas, Biomass Combustion", "alamat": " Pandu Senjaya", "kecamatan": "Pangkalan", "kab_kot": "Kotawaringin Barat", "latitude": -2.422331, "longitude": 111.785183 }, "geometry": { "type": "Point", "coordinates": [ 111.785183300000085, -2.422330599999952 ] } },
{ "type": "Feature", "properties": { "objectid": 227, "provinsi": "Sumatera Selatan", "nama_pabri": "PT Gunung Tua Abadi", "kapasitas": 60.0, "pot_pome": 1.64503, "pot_efb": 4.109049, "pot_fiber": 1.599111, "pot_shell": 2.95021, "jns_tek": "Biogas, Biomass Combustion", "alamat": " Balian", "kecamatan": "Mesuji", "kab_kot": "Ogan Komering Ilir", "latitude": -3.808178, "longitude": 105.172 }, "geometry": { "type": "Point", "coordinates": [ 105.172, -3.808177777999958 ] } },
{ "type": "Feature", "properties": { "objectid": 228, "provinsi": "Sumatera Selatan", "nama_pabri": "PT Guthrie Pecconina Indonesia", "kapasitas": 80.0, "pot_pome": 2.193374, "pot_efb": 5.478731, "pot_fiber": 2.132148, "pot_shell": 3.933613, "jns_tek": "Biogas, Biomass Combustion", "alamat": " Rantau Panjang", "kecamatan": "Babat Toman", "kab_kot": "Musi Banyuasin", "latitude": -2.916389, "longitude": 103.747825 }, "geometry": { "type": "Point", "coordinates": [ 103.747825, -2.916388888999961 ] } },
{ "type": "Feature", "properties": { "objectid": 229, "provinsi": "Sumatera Selatan", "nama_pabri": "PT Hamita Utama Karsa", "kapasitas": 45.0, "pot_pome": 1.233773, "pot_efb": 3.081786, "pot_fiber": 1.199333, "pot_shell": 2.212657, "jns_tek": "Biogas, Biomass Combustion", "alamat": " Tenggulung Jaya", "kecamatan": "Babat Supat", "kab_kot": "Banyuasin", "latitude": -2.666722, "longitude": 104.230206 }, "geometry": { "type": "Point", "coordinates": [ 104.230205600000033, -2.666722199999924 ] } },
{ "type": "Feature", "properties": { "objectid": 230, "provinsi": "Kalimantan Tengah", "nama_pabri": "PT Hamparan Masawit Bangun Persada", "kapasitas": 60.0, "pot_pome": 1.64503, "pot_efb": 4.109049, "pot_fiber": 1.599111, "pot_shell": 2.95021, "jns_tek": "Biogas, Biomass Combustion", "alamat": " Bangkal", "kecamatan": "Seruyan Raya", "kab_kot": "Seruyan", "latitude": -2.558333, "longitude": 112.458333 }, "geometry": { "type": "Point", "coordinates": [ 112.458333300000049, -2.55833333299995 ] } },
{ "type": "Feature", "properties": { "objectid": 231, "provinsi": "Kalimantan Barat", "nama_pabri": "PT Harapan Hibrida Kalbar", "kapasitas": 90.0, "pot_pome": 2.467546, "pot_efb": 6.163573, "pot_fiber": 2.398666, "pot_shell": 4.425315, "jns_tek": "Biogas, Biomass Combustion", "alamat": " Lupu Peruca", "kecamatan": "Balai Riam", "kab_kot": "Ketapang", "latitude": -2.331667, "longitude": 111.279167 }, "geometry": { "type": "Point", "coordinates": [ 111.279166700000076, -2.331666666999979 ] } },
{ "type": "Feature", "properties": { "objectid": 232, "provinsi": "Kalimantan Barat", "nama_pabri": "PT Harapan Sawit Lestari", "kapasitas": 80.0, "pot_pome": 2.193374, "pot_efb": 5.478731, "pot_fiber": 2.132148, "pot_shell": 3.933613, "jns_tek": "Biogas, Biomass Combustion", "alamat": " Manis Mata", "kecamatan": "Manis Mata", "kab_kot": "Ketapang", "latitude": -2.483053, "longitude": 111.017994 }, "geometry": { "type": "Point", "coordinates": [ 111.017994400000077, -2.483052777999944 ] } },
{ "type": "Feature", "properties": { "objectid": 233, "provinsi": "Sulawesi Tengah", "nama_pabri": "PT Hardaya Inti Plantation", "kapasitas": 90.0, "pot_pome": 2.467546, "pot_efb": 6.163573, "pot_fiber": 2.398666, "pot_shell": 4.425315, "jns_tek": "Biogas, Biomass Combustion", "alamat": " Jatimulya", "kecamatan": "Tiloan", "kab_kot": "Buol", "latitude": 1.026194, "longitude": 121.426861 }, "geometry": { "type": "Point", "coordinates": [ 121.42686110000011, 1.026194444000055 ] } },
{ "type": "Feature", "properties": { "objectid": 234, "provinsi": "Sumatera Utara", "nama_pabri": "PT Hari Sawit Jaya", "kapasitas": 30.0, "pot_pome": 0.822515, "pot_efb": 2.054524, "pot_fiber": 0.799555, "pot_shell": 1.475105, "jns_tek": "Biogas, Biomass Combustion", "alamat": " Negeri Lama", "kecamatan": "Bilah Hilir", "kab_kot": "Labuhan Batu", "latitude": 2.359722, "longitude": 100.041944 }, "geometry": { "type": "Point", "coordinates": [ 100.041944400000034, 2.359722222000073 ] } },
{ "type": "Feature", "properties": { "objectid": 235, "provinsi": "Riau", "nama_pabri": "PT Hasil Karya Bumi Sejati", "kapasitas": 45.0, "pot_pome": 1.233773, "pot_efb": 3.081786, "pot_fiber": 1.199333, "pot_shell": 2.212657, "jns_tek": "Biogas, Biomass Combustion", "alamat": " Kasang Bangsawan", "kecamatan": "Pujud", "kab_kot": "Rokan Hilir", "latitude": 1.451218, "longitude": 100.615568 }, "geometry": { "type": "Point", "coordinates": [ 100.615567900000087, 1.451217808000024 ] } },
{ "type": "Feature", "properties": { "objectid": 236, "provinsi": "Sumatera Selatan", "nama_pabri": "PT Hasil Musi Lestari", "kapasitas": 30.0, "pot_pome": 0.822515, "pot_efb": 2.054524, "pot_fiber": 0.799555, "pot_shell": 1.475105, "jns_tek": "Biogas, Biomass Combustion", "alamat": " Sungai Kungku", "kecamatan": "Jaya Loka", "kab_kot": "Musi Rawas", "latitude": -3.253381, "longitude": 103.238914 }, "geometry": { "type": "Point", "coordinates": [ 103.238913900000057, -3.253380599999957 ] } },
{ "type": "Feature", "properties": { "objectid": 237, "provinsi": "Kalimantan Selatan", "nama_pabri": "PT Hasnur Citra Terpadu", "kapasitas": 45.0, "pot_pome": 1.233773, "pot_efb": 3.081786, "pot_fiber": 1.199333, "pot_shell": 2.212657, "jns_tek": "Biogas, Biomass Combustion", "alamat": " Pandahan", "kecamatan": "Tapin Tengah", "kab_kot": "Tapin", "latitude": -2.961639, "longitude": 114.987167 }, "geometry": { "type": "Point", "coordinates": [ 114.987166700000103, -2.961638888999971 ] } },
{ "type": "Feature", "properties": { "objectid": 238, "provinsi": "Irian Jaya Barat", "nama_pabri": "PT Henrison Inti Persada", "kapasitas": 30.0, "pot_pome": 0.822515, "pot_efb": 2.054524, "pot_fiber": 0.799555, "pot_shell": 1.475105, "jns_tek": "Biogas, Biomass Combustion", "alamat": " Gisim Darat", "kecamatan": "Klamono", "kab_kot": "Sorong", "latitude": -1.075556, "longitude": 131.561389 }, "geometry": { "type": "Point", "coordinates": [ 131.561388900000111, -1.075555555999927 ] } },
{ "type": "Feature", "properties": { "objectid": 239, "provinsi": "Sumatera Utara", "nama_pabri": "PT Herfinta F &  P", "kapasitas": 30.0, "pot_pome": 0.822515, "pot_efb": 2.054524, "pot_fiber": 0.799555, "pot_shell": 1.475105, "jns_tek": "Biogas, Biomass Combustion", "alamat": " Aek Batu", "kecamatan": "Torgamba", "kab_kot": "Labuhan Batu Selatan", "latitude": 1.854167, "longitude": 100.166667 }, "geometry": { "type": "Point", "coordinates": [ 100.166666700000064, 1.854166667000072 ] } },
{ "type": "Feature", "properties": { "objectid": 240, "provinsi": "Sumatera Selatan", "nama_pabri": "PT Hindoli", "kapasitas": 60.0, "pot_pome": 1.64503, "pot_efb": 4.109049, "pot_fiber": 1.599111, "pot_shell": 2.95021, "jns_tek": "Biogas, Biomass Combustion", "alamat": " Dawas", "kecamatan": "Keluang", "kab_kot": "Musi Banyuasin", "latitude": -2.5496, "longitude": 103.944 }, "geometry": { "type": "Point", "coordinates": [ 103.944, -2.5496 ] } },
{ "type": "Feature", "properties": { "objectid": 241, "provinsi": "Sumatera Selatan", "nama_pabri": "PT Hindoli", "kapasitas": 60.0, "pot_pome": 1.64503, "pot_efb": 4.109049, "pot_fiber": 1.599111, "pot_shell": 2.95021, "jns_tek": "Biogas, Biomass Combustion", "alamat": " Mukut", "kecamatan": "Pulau Rimau", "kab_kot": "Banyuasin", "latitude": -2.441389, "longitude": 104.419444 }, "geometry": { "type": "Point", "coordinates": [ 104.419444400000089, -2.441388888999938 ] } },
{ "type": "Feature", "properties": { "objectid": 242, "provinsi": "Sumatera Selatan", "nama_pabri": "PT Hindoli", "kapasitas": 110.0, "pot_pome": 3.015889, "pot_efb": 7.533256, "pot_fiber": 2.931703, "pot_shell": 5.408718, "jns_tek": "Biogas, Biomass Combustion", "alamat": "Sungai Lilin", "kecamatan": "Keluang", "kab_kot": "Musi Banyuasin", "latitude": -2.612778, "longitude": 104.128242 }, "geometry": { "type": "Point", "coordinates": [ 104.128241700000046, -2.612777777999952 ] } },
{ "type": "Feature", "properties": { "objectid": 243, "provinsi": "Riau", "nama_pabri": "PT Hutahean", "kapasitas": 60.0, "pot_pome": 1.64503, "pot_efb": 4.109049, "pot_fiber": 1.599111, "pot_shell": 2.95021, "jns_tek": "Biogas, Biomass Combustion", "alamat": " Daludalu", "kecamatan": "Tambusai", "kab_kot": "Rokan Hulu", "latitude": 1.08248, "longitude": 100.29495 }, "geometry": { "type": "Point", "coordinates": [ 100.29495, 1.08248 ] } },
{ "type": "Feature", "properties": { "objectid": 244, "provinsi": "Kalimantan Timur", "nama_pabri": "PT Hutan Hijau Mas", "kapasitas": 90.0, "pot_pome": 2.467546, "pot_efb": 6.163573, "pot_fiber": 2.398666, "pot_shell": 4.425315, "jns_tek": "Biogas, Biomass Combustion", "alamat": " Gunung Sari", "kecamatan": "Tabur", "kab_kot": "Berau", "latitude": 2.218056, "longitude": 117.154167 }, "geometry": { "type": "Point", "coordinates": [ 117.154166700000019, 2.218055556000024 ] } },
{ "type": "Feature", "properties": { "objectid": 245, "provinsi": "Kalimantan Tengah", "nama_pabri": "PT Hutan Sawit Lestari", "kapasitas": 45.0, "pot_pome": 1.233773, "pot_efb": 3.081786, "pot_fiber": 1.199333, "pot_shell": 2.212657, "jns_tek": "Biogas, Biomass Combustion", "alamat": " Damar Makmur", "kecamatan": "Tualan Hulu", "kab_kot": "Kotawaringin Timur", "latitude": -1.698472, "longitude": 112.877 }, "geometry": { "type": "Point", "coordinates": [ 112.877, -1.698472221999964 ] } },
{ "type": "Feature", "properties": { "objectid": 246, "provinsi": "Kalimantan Barat", "nama_pabri": "PT Ikhtiar Gusti Pudi", "kapasitas": 60.0, "pot_pome": 1.64503, "pot_efb": 4.109049, "pot_fiber": 1.599111, "pot_shell": 2.95021, "jns_tek": "Biogas, Biomass Combustion", "alamat": " Amboyo Selatan", "kecamatan": "Ngabang", "kab_kot": "Landak", "latitude": 0.23512, "longitude": 109.852131 }, "geometry": { "type": "Point", "coordinates": [ 109.852131, 0.23512 ] } },
{ "type": "Feature", "properties": { "objectid": 247, "provinsi": "Sumatera Utara", "nama_pabri": "PT Indah Pontjan", "kapasitas": 40.0, "pot_pome": 1.096687, "pot_efb": 2.739366, "pot_fiber": 1.066074, "pot_shell": 1.966806, "jns_tek": "Biogas, Biomass Combustion", "alamat": " Deli Muda Hilir", "kecamatan": "Perbaungan", "kab_kot": "Serdang Bedagai", "latitude": 3.564244, "longitude": 99.014203 }, "geometry": { "type": "Point", "coordinates": [ 99.014202780000062, 3.564244444000053 ] } },
{ "type": "Feature", "properties": { "objectid": 248, "provinsi": "Riau", "nama_pabri": "PT Indo Makmur Sawit Berjaya", "kapasitas": 45.0, "pot_pome": 1.233773, "pot_efb": 3.081786, "pot_fiber": 1.199333, "pot_shell": 2.212657, "jns_tek": "Biogas, Biomass Combustion", "alamat": " Rambah/Surau", "kecamatan": "Rambah Hilir", "kab_kot": "Rokan Hulu", "latitude": 0.936833, "longitude": 100.352611 }, "geometry": { "type": "Point", "coordinates": [ 100.352611100000047, 0.936833333000038 ] } },
{ "type": "Feature", "properties": { "objectid": 249, "provinsi": "Kalimantan Barat", "nama_pabri": "PT Indo Sawit Kekal", "kapasitas": 100.0, "pot_pome": 2.741717, "pot_efb": 6.848414, "pot_fiber": 2.665185, "pot_shell": 4.917016, "jns_tek": "Biogas, Biomass Combustion", "alamat": " Danau Buntar", "kecamatan": "Kendawangan", "kab_kot": "Ketapang", "latitude": -2.514814, "longitude": 110.914694 }, "geometry": { "type": "Point", "coordinates": [ 110.914694400000087, -2.514813888999925 ] } },
{ "type": "Feature", "properties": { "objectid": 250, "provinsi": "Sumatera Utara", "nama_pabri": "PT Indo Sepadan Jaya", "kapasitas": 45.0, "pot_pome": 1.233773, "pot_efb": 3.081786, "pot_fiber": 1.199333, "pot_shell": 2.212657, "jns_tek": "Biogas, Biomass Combustion", "alamat": "  Padang", "kecamatan": "Bilah Hilir", "kab_kot": "Labuhan Batu", "latitude": 2.128334, "longitude": 100.002498 }, "geometry": { "type": "Point", "coordinates": [ 100.002498400000036, 2.128333534000035 ] } },
{ "type": "Feature", "properties": { "objectid": 251, "provinsi": "Riau", "nama_pabri": "PT Indogreen Jaya Abadi", "kapasitas": 90.0, "pot_pome": 2.467546, "pot_efb": 6.163573, "pot_fiber": 2.398666, "pot_shell": 4.425315, "jns_tek": "Biogas, Biomass Combustion", "alamat": " Sungai Bela", "kecamatan": "Kuala Indragiri", "kab_kot": "Indragiri Hilir", "latitude": -0.312225, "longitude": 103.669206 }, "geometry": { "type": "Point", "coordinates": [ 103.669205600000055, -0.312225 ] } },
{ "type": "Feature", "properties": { "objectid": 252, "provinsi": "Kalimantan Timur", "nama_pabri": "PT Indonesia Plantation Synergy", "kapasitas": 60.0, "pot_pome": 1.64503, "pot_efb": 4.109049, "pot_fiber": 1.599111, "pot_shell": 2.95021, "jns_tek": "Biogas, Biomass Combustion", "alamat": " Maloy", "kecamatan": "Sangkulirang", "kab_kot": "Kutai Timur", "latitude": 0.775, "longitude": 117.991386 }, "geometry": { "type": "Point", "coordinates": [ 117.991386100000113, 0.775 ] } },
{ "type": "Feature", "properties": { "objectid": 253, "provinsi": "Kalimantan Tengah", "nama_pabri": "PT Indotruba Tengah", "kapasitas": 45.0, "pot_pome": 1.233773, "pot_efb": 3.081786, "pot_fiber": 1.199333, "pot_shell": 2.212657, "jns_tek": "Biogas, Biomass Combustion", "alamat": " Amin Jaya", "kecamatan": "Pangkalan Banteng", "kab_kot": "Kotawaringin Barat", "latitude": -2.375, "longitude": 111.0375 }, "geometry": { "type": "Point", "coordinates": [ 111.0375, -2.375 ] } },
{ "type": "Feature", "properties": { "objectid": 254, "provinsi": "Riau", "nama_pabri": "PT Indri Plant", "kapasitas": 30.0, "pot_pome": 0.822515, "pot_efb": 2.054524, "pot_fiber": 0.799555, "pot_shell": 1.475105, "jns_tek": "Biogas, Biomass Combustion", "alamat": " Pauh Ranap", "kecamatan": "Peranap", "kab_kot": "Indragiri Hulu", "latitude": -0.648611, "longitude": 101.9375 }, "geometry": { "type": "Point", "coordinates": [ 101.9375, -0.64861111099998 ] } },
{ "type": "Feature", "properties": { "objectid": 255, "provinsi": "Riau", "nama_pabri": "PT Inecda Plantations", "kapasitas": 30.0, "pot_pome": 0.822515, "pot_efb": 2.054524, "pot_fiber": 0.799555, "pot_shell": 1.475105, "jns_tek": "Biogas, Biomass Combustion", "alamat": " Petala Bumi", "kecamatan": "Seberida", "kab_kot": "Indragiri Hulu", "latitude": -0.491972, "longitude": 102.366667 }, "geometry": { "type": "Point", "coordinates": [ 102.366666700000053, -0.491972221999958 ] } },
{ "type": "Feature", "properties": { "objectid": 256, "provinsi": "Riau", "nama_pabri": "PT Intan Sejati Andalan", "kapasitas": 45.0, "pot_pome": 1.233773, "pot_efb": 3.081786, "pot_fiber": 1.199333, "pot_shell": 2.212657, "jns_tek": "Biogas, Biomass Combustion", "alamat": "Jl Duri-Dumai/Bathin Sobaga", "kecamatan": "0", "kab_kot": "Bengkalis", "latitude": 1.434144, "longitude": 101.284569 }, "geometry": { "type": "Point", "coordinates": [ 101.284569400000066, 1.434144400000037 ] } },
{ "type": "Feature", "properties": { "objectid": 257, "provinsi": "Riau", "nama_pabri": "PT Inti Indo Sawit", "kapasitas": 75.0, "pot_pome": 2.056288, "pot_efb": 5.136311, "pot_fiber": 1.998889, "pot_shell": 3.687762, "jns_tek": "Biogas, Biomass Combustion", "alamat": " Air Putih", "kecamatan": "Lubuk Batu Jaya", "kab_kot": "Pelalawan", "latitude": -0.276944, "longitude": 102.116944 }, "geometry": { "type": "Point", "coordinates": [ 102.116944400000079, -0.27694444399998 ] } },
{ "type": "Feature", "properties": { "objectid": 258, "provinsi": "Riau", "nama_pabri": "PT Inti Indo Sawit Buatan I", "kapasitas": 30.0, "pot_pome": 0.822515, "pot_efb": 2.054524, "pot_fiber": 0.799555, "pot_shell": 1.475105, "jns_tek": "Biogas, Biomass Combustion", "alamat": " Delik dan Pangkalan Kerinci", "kecamatan": "Bunut Langgam", "kab_kot": "Pelalawan", "latitude": 0.434444, "longitude": 101.825 }, "geometry": { "type": "Point", "coordinates": [ 101.825, 0.434444444000064 ] } },
{ "type": "Feature", "properties": { "objectid": 259, "provinsi": "Riau", "nama_pabri": "PT Inti Indo Sawit Buatan II", "kapasitas": 60.0, "pot_pome": 1.64503, "pot_efb": 4.109049, "pot_fiber": 1.599111, "pot_shell": 2.95021, "jns_tek": "Biogas, Biomass Combustion", "alamat": " Delik & Pangkalan Kerinci", "kecamatan": " Bunut", "kab_kot": "Pelalawan", "latitude": 0.45978, "longitude": 101.86792 }, "geometry": { "type": "Point", "coordinates": [ 101.86792, 0.45978 ] } },
{ "type": "Feature", "properties": { "objectid": 260, "provinsi": "Riau", "nama_pabri": "PT Inti Indo Sawit", "kapasitas": 90.0, "pot_pome": 2.467546, "pot_efb": 6.163573, "pot_fiber": 2.398666, "pot_shell": 4.425315, "jns_tek": "Biogas, Biomass Combustion", "alamat": " Silikuan Hulu", "kecamatan": "Ukui", "kab_kot": "Pelalawan", "latitude": -0.226111, "longitude": 102.0925 }, "geometry": { "type": "Point", "coordinates": [ 102.0925, -0.226111110999966 ] } },
{ "type": "Feature", "properties": { "objectid": 261, "provinsi": "Jambi", "nama_pabri": "PT Inti Indo Sawit Subur", "kapasitas": 30.0, "pot_pome": 0.822515, "pot_efb": 2.054524, "pot_fiber": 0.799555, "pot_shell": 1.475105, "jns_tek": "Biogas, Biomass Combustion", "alamat": " Bulian Jaya", "kecamatan": "Muara Bulian dan Pemayung", "kab_kot": "Batang Hari", "latitude": -1.585833, "longitude": 103.205556 }, "geometry": { "type": "Point", "coordinates": [ 103.205555600000082, -1.585833332999925 ] } },
{ "type": "Feature", "properties": { "objectid": 262, "provinsi": "Jambi", "nama_pabri": "PT Inti Indo Sawit Subur", "kapasitas": 60.0, "pot_pome": 1.64503, "pot_efb": 4.109049, "pot_fiber": 1.599111, "pot_shell": 2.95021, "jns_tek": "Biogas, Biomass Combustion", "alamat": " Pulau Pauh/Penyabungan/Merlung", "kecamatan": "Tungkal Ulu", "kab_kot": "Tanjung Jabung", "latitude": -1.307519, "longitude": 102.98169 }, "geometry": { "type": "Point", "coordinates": [ 102.98169, -1.307519 ] } },
{ "type": "Feature", "properties": { "objectid": 263, "provinsi": "Riau", "nama_pabri": "PT Inti Indo Sawit Subur", "kapasitas": 60.0, "pot_pome": 1.64503, "pot_efb": 4.109049, "pot_fiber": 1.599111, "pot_shell": 2.95021, "jns_tek": "Biogas, Biomass Combustion", "alamat": " Tanjung Pauh", "kecamatan": "Singingi Hilir", "kab_kot": "Kuantan Singingi", "latitude": -0.10029, "longitude": 101.29769 }, "geometry": { "type": "Point", "coordinates": [ 101.29769, -0.10029 ] } },
{ "type": "Feature", "properties": { "objectid": 264, "provinsi": "Irian Jaya Barat", "nama_pabri": "PT Inti Kebun Sejahtera", "kapasitas": 20.0, "pot_pome": 0.548343, "pot_efb": 1.369683, "pot_fiber": 0.533037, "pot_shell": 0.983403, "jns_tek": "Biogas, Biomass Combustion", "alamat": "Jl. Petrochina KM.12", "kecamatan": "Moisegen", "kab_kot": "Sorong", "latitude": -1.288583, "longitude": 131.249306 }, "geometry": { "type": "Point", "coordinates": [ 131.249305600000071, -1.288583332999963 ] } },
{ "type": "Feature", "properties": { "objectid": 265, "provinsi": "Kalimantan Tengah", "nama_pabri": "PT Intiga Prabhakara Kahuripan", "kapasitas": 45.0, "pot_pome": 1.233773, "pot_efb": 3.081786, "pot_fiber": 1.199333, "pot_shell": 2.212657, "jns_tek": "Biogas, Biomass Combustion", "alamat": " Satiung", "kecamatan": "Mentaya Hulu", "kab_kot": "Kotawaringin Timur", "latitude": -2.095081, "longitude": 112.530475 }, "geometry": { "type": "Point", "coordinates": [ 112.530475, -2.09508059999996 ] } },
{ "type": "Feature", "properties": { "objectid": 266, "provinsi": "Riau", "nama_pabri": "PT Ivo Mas Tunggal II", "kapasitas": 60.0, "pot_pome": 1.64503, "pot_efb": 4.109049, "pot_fiber": 1.599111, "pot_shell": 2.95021, "jns_tek": "Biogas, Biomass Combustion", "alamat": " Jambai Makmur", "kecamatan": "Kandis", "kab_kot": "Siak", "latitude": 0.97, "longitude": 101.265 }, "geometry": { "type": "Point", "coordinates": [ 101.265, 0.97 ] } },
{ "type": "Feature", "properties": { "objectid": 267, "provinsi": "Riau", "nama_pabri": "PT Ivo Mas Tunggal", "kapasitas": 60.0, "pot_pome": 1.64503, "pot_efb": 4.109049, "pot_fiber": 1.599111, "pot_shell": 2.95021, "jns_tek": "Biogas, Biomass Combustion", "alamat": " Samsam", "kecamatan": "Kandis", "kab_kot": "Siak", "latitude": 0.928611, "longitude": 101.206389 }, "geometry": { "type": "Point", "coordinates": [ 101.206388900000036, 0.928611111000066 ] } },
{ "type": "Feature", "properties": { "objectid": 268, "provinsi": "Riau", "nama_pabri": "PT Ivomas Tunggal", "kapasitas": 60.0, "pot_pome": 1.64503, "pot_efb": 4.109049, "pot_fiber": 1.599111, "pot_shell": 2.95021, "jns_tek": "Biogas, Biomass Combustion", "alamat": " Bekalar", "kecamatan": "Kandis", "kab_kot": "Siak", "latitude": 0.937222, "longitude": 101.3 }, "geometry": { "type": "Point", "coordinates": [ 101.3, 0.937222222000059 ] } },
{ "type": "Feature", "properties": { "objectid": 269, "provinsi": "Riau", "nama_pabri": "PT Jabel Perkasa", "kapasitas": 30.0, "pot_pome": 0.822515, "pot_efb": 2.054524, "pot_fiber": 0.799555, "pot_shell": 1.475105, "jns_tek": "Biogas, Biomass Combustion", "alamat": " Tambusai Barat", "kecamatan": "Tambusai", "kab_kot": "Rokan Hulu", "latitude": 1.062689, "longitude": 100.130536 }, "geometry": { "type": "Point", "coordinates": [ 100.130536100000086, 1.062688900000069 ] } },
{ "type": "Feature", "properties": { "objectid": 270, "provinsi": "Kalimantan Timur", "nama_pabri": "PT Jabontara Eka Karsa", "kapasitas": 60.0, "pot_pome": 1.64503, "pot_efb": 4.109049, "pot_fiber": 1.599111, "pot_shell": 2.95021, "jns_tek": "Biogas, Biomass Combustion", "alamat": " Batu Putih", "kecamatan": "Batu Putih", "kab_kot": "Berau", "latitude": 1.235778, "longitude": 118.318472 }, "geometry": { "type": "Point", "coordinates": [ 118.318472200000087, 1.235777778000056 ] } },
{ "type": "Feature", "properties": { "objectid": 271, "provinsi": "Riau", "nama_pabri": "PT Jalur Pusaka Sakti Kumala", "kapasitas": 5.0, "pot_pome": 0.137086, "pot_efb": 0.342421, "pot_fiber": 0.133259, "pot_shell": 0.245851, "jns_tek": "Biogas, Biomass Combustion", "alamat": "Jalan Lintas Timur Km. 55/Lubuk Ogung", "kecamatan": "Bandar Seikijang", "kab_kot": "Pelalawan", "latitude": 0.400117, "longitude": 101.796431 }, "geometry": { "type": "Point", "coordinates": [ 101.796430600000065, 0.400116700000069 ] } },
{ "type": "Feature", "properties": { "objectid": 272, "provinsi": "Jambi", "nama_pabri": "PT Jamika Raya", "kapasitas": 60.0, "pot_pome": 1.64503, "pot_efb": 4.109049, "pot_fiber": 1.599111, "pot_shell": 2.95021, "jns_tek": "Biogas, Biomass Combustion", "alamat": " Sekar Mengkuang", "kecamatan": "Limbur Lubuk Mengkuang", "kab_kot": "Bungo", "latitude": -1.443111, "longitude": 101.751889 }, "geometry": { "type": "Point", "coordinates": [ 101.75188890000004, -1.443111110999951 ] } },
{ "type": "Feature", "properties": { "objectid": 273, "provinsi": "Riau", "nama_pabri": "PT Jatim Jaya Perkasa", "kapasitas": 45.0, "pot_pome": 1.233773, "pot_efb": 3.081786, "pot_fiber": 1.199333, "pot_shell": 2.212657, "jns_tek": "Biogas, Biomass Combustion", "alamat": " Sungai Majo", "kecamatan": "Kubu Babussalam", "kab_kot": "Rokan Hilir", "latitude": 1.946033, "longitude": 100.738346 }, "geometry": { "type": "Point", "coordinates": [ 100.738345600000059, 1.946032630000047 ] } },
{ "type": "Feature", "properties": { "objectid": 274, "provinsi": "Sumatera Utara", "nama_pabri": "PT Jaya Baru  I", "kapasitas": 20.0, "pot_pome": 0.548343, "pot_efb": 1.369683, "pot_fiber": 0.533037, "pot_shell": 0.983403, "jns_tek": "Biogas, Biomass Combustion", "alamat": " Kuala", "kecamatan": "Tiga Binanga", "kab_kot": "Karo", "latitude": 3.065133, "longitude": 98.2177 }, "geometry": { "type": "Point", "coordinates": [ 98.2177, 3.065133333000063 ] } },
{ "type": "Feature", "properties": { "objectid": 275, "provinsi": "Riau", "nama_pabri": "PT Jaya Gemilang Sukses", "kapasitas": 30.0, "pot_pome": 0.822515, "pot_efb": 2.054524, "pot_fiber": 0.799555, "pot_shell": 1.475105, "jns_tek": "Biogas, Biomass Combustion", "alamat": " Sei Kerang KM 3", "kecamatan": "Manggala", "kab_kot": "Rokan Hilir", "latitude": 1.600975, "longitude": 100.905381 }, "geometry": { "type": "Point", "coordinates": [ 100.905380900000068, 1.600974800000074 ] } },
{ "type": "Feature", "properties": { "objectid": 276, "provinsi": "Kalimantan Timur", "nama_pabri": "PT Jaya Mandiri Sukses", "kapasitas": 60.0, "pot_pome": 1.64503, "pot_efb": 4.109049, "pot_fiber": 1.599111, "pot_shell": 2.95021, "jns_tek": "Biogas, Biomass Combustion", "alamat": " Perian", "kecamatan": "Muara Muntai", "kab_kot": "Kutai Kartanegara", "latitude": -0.563333, "longitude": 116.373889 }, "geometry": { "type": "Point", "coordinates": [ 116.373888900000111, -0.563333332999946 ] } },
{ "type": "Feature", "properties": { "objectid": 277, "provinsi": "Riau", "nama_pabri": "PT Johan Sentosa (Duta Palma)", "kapasitas": 60.0, "pot_pome": 1.64503, "pot_efb": 4.109049, "pot_fiber": 1.599111, "pot_shell": 2.95021, "jns_tek": "Biogas, Biomass Combustion", "alamat": " Sungai Jernih/Pasir Sialang", "kecamatan": "Bangkinang", "kab_kot": "Kampar", "latitude": 0.42775, "longitude": 100.921778 }, "geometry": { "type": "Point", "coordinates": [ 100.921777800000086, 0.42775 ] } },
{ "type": "Feature", "properties": { "objectid": 278, "provinsi": "Kalimantan Barat", "nama_pabri": "PT Kalimantan Agro Pusaka", "kapasitas": 60.0, "pot_pome": 1.64503, "pot_efb": 4.109049, "pot_fiber": 1.599111, "pot_shell": 2.95021, "jns_tek": "Biogas, Biomass Combustion", "alamat": " Sungai Sepeti", "kecamatan": "Seponti", "kab_kot": "Kayong Utara", "latitude": -0.829194, "longitude": 109.886222 }, "geometry": { "type": "Point", "coordinates": [ 109.886222200000077, -0.829194443999938 ] } },
{ "type": "Feature", "properties": { "objectid": 279, "provinsi": "Kalimantan Barat", "nama_pabri": "PT Kalimantan Sanggar Pusaka", "kapasitas": 60.0, "pot_pome": 1.64503, "pot_efb": 4.109049, "pot_fiber": 1.599111, "pot_shell": 2.95021, "jns_tek": "Biogas, Biomass Combustion", "alamat": " Entabuk", "kecamatan": " Belitang Hilir", "kab_kot": "Sekadau", "latitude": 0.079444, "longitude": 111.191667 }, "geometry": { "type": "Point", "coordinates": [ 111.191667, 0.079444 ] } },
{ "type": "Feature", "properties": { "objectid": 280, "provinsi": "Kalimantan Tengah", "nama_pabri": "PT Kalimantan Sawit Abadi", "kapasitas": 60.0, "pot_pome": 1.64503, "pot_efb": 4.109049, "pot_fiber": 1.599111, "pot_shell": 2.95021, "jns_tek": "Biogas, Biomass Combustion", "alamat": " Natai Baru", "kecamatan": "Arut Selatan", "kab_kot": "Kotawaringin Barat", "latitude": -2.606111, "longitude": 111.666944 }, "geometry": { "type": "Point", "coordinates": [ 111.666944400000034, -2.606111110999962 ] } },
{ "type": "Feature", "properties": { "objectid": 281, "provinsi": "Kalimantan Tengah", "nama_pabri": "PT Kalimantan Sawit Kusuma", "kapasitas": 90.0, "pot_pome": 2.467546, "pot_efb": 6.163573, "pot_fiber": 2.398666, "pot_shell": 4.425315, "jns_tek": "Biogas, Biomass Combustion", "alamat": " Air Dua", "kecamatan": "Balai Riam", "kab_kot": "Sukamara", "latitude": -2.29246, "longitude": 111.167224 }, "geometry": { "type": "Point", "coordinates": [ 111.167224200000078, -2.292460032999941 ] } },
{ "type": "Feature", "properties": { "objectid": 282, "provinsi": "Lampung", "nama_pabri": "PT Kalirejo Lestari", "kapasitas": 30.0, "pot_pome": 0.822515, "pot_efb": 2.054524, "pot_fiber": 0.799555, "pot_shell": 1.475105, "jns_tek": "Biogas, Biomass Combustion", "alamat": " Kalirejo", "kecamatan": "Kokap", "kab_kot": "Lampung Tengah", "latitude": -5.227964, "longitude": 104.948378 }, "geometry": { "type": "Point", "coordinates": [ 104.94837780000006, -5.227963899999963 ] } },
{ "type": "Feature", "properties": { "objectid": 283, "provinsi": "Aceh", "nama_pabri": "PT Kallista Alam", "kapasitas": 30.0, "pot_pome": 0.822515, "pot_efb": 2.054524, "pot_fiber": 0.799555, "pot_shell": 1.475105, "jns_tek": "Biogas, Biomass Combustion", "alamat": " Suak Bahong", "kecamatan": "Darul Makmur", "kab_kot": "Nagan Raya", "latitude": 3.871372, "longitude": 96.582406 }, "geometry": { "type": "Point", "coordinates": [ 96.582405600000072, 3.871372200000053 ] } },
{ "type": "Feature", "properties": { "objectid": 284, "provinsi": "Riau", "nama_pabri": "PT Kamparindo Agro Industri", "kapasitas": 45.0, "pot_pome": 1.233773, "pot_efb": 3.081786, "pot_fiber": 1.199333, "pot_shell": 2.212657, "jns_tek": "Biogas, Biomass Combustion", "alamat": " Simpang Belutu", "kecamatan": "Kandis", "kab_kot": "Siak", "latitude": 0.8483, "longitude": 101.30164 }, "geometry": { "type": "Point", "coordinates": [ 101.30164, 0.8483 ] } },
{ "type": "Feature", "properties": { "objectid": 285, "provinsi": "Kalimantan Utara", "nama_pabri": "PT Karang Joang Hijau Lestari", "kapasitas": 45.0, "pot_pome": 1.233773, "pot_efb": 3.081786, "pot_fiber": 1.199333, "pot_shell": 2.212657, "jns_tek": "Biogas, Biomass Combustion", "alamat": " Sei Sebuku", "kecamatan": "Sebuku", "kab_kot": "Nunukan", "latitude": 4.112518, "longitude": 117.041358 }, "geometry": { "type": "Point", "coordinates": [ 117.041357900000094, 4.112517500000024 ] } },
{ "type": "Feature", "properties": { "objectid": 286, "provinsi": "Sumatera Utara", "nama_pabri": "PT Karimun Aromatic", "kapasitas": 30.0, "pot_pome": 0.822515, "pot_efb": 2.054524, "pot_fiber": 0.799555, "pot_shell": 1.475105, "jns_tek": "Biogas, Biomass Combustion", "alamat": " Pangkalansiata", "kecamatan": "Pangkalan Susu", "kab_kot": "Langkat", "latitude": 4.012018, "longitude": 98.147781 }, "geometry": { "type": "Point", "coordinates": [ 98.147781300000076, 4.012018 ] } },
{ "type": "Feature", "properties": { "objectid": 287, "provinsi": "Kalimantan Tengah", "nama_pabri": "PT Karunia Kencana Permaisejati", "kapasitas": 45.0, "pot_pome": 1.233773, "pot_efb": 3.081786, "pot_fiber": 1.199333, "pot_shell": 2.212657, "jns_tek": "Biogas, Biomass Combustion", "alamat": " Kenyala", "kecamatan": "Telawang", "kab_kot": "Kotawaringin Timur", "latitude": -2.261889, "longitude": 112.525472 }, "geometry": { "type": "Point", "coordinates": [ 112.525472200000081, -2.261888888999977 ] } },
{ "type": "Feature", "properties": { "objectid": 288, "provinsi": "Bengkulu", "nama_pabri": "PT Karya Agro Sawitindo", "kapasitas": 45.0, "pot_pome": 1.233773, "pot_efb": 3.081786, "pot_fiber": 1.199333, "pot_shell": 2.212657, "jns_tek": "Biogas, Biomass Combustion", "alamat": " Pernyah", "kecamatan": "Teramang Jaya", "kab_kot": "Mukomuko", "latitude": -2.735997, "longitude": 101.345944 }, "geometry": { "type": "Point", "coordinates": [ 101.345944400000064, -2.735997199999929 ] } },
{ "type": "Feature", "properties": { "objectid": 289, "provinsi": "Kalimantan Tengah", "nama_pabri": "PT Karya Dewi Putra", "kapasitas": 90.0, "pot_pome": 2.467546, "pot_efb": 6.163573, "pot_fiber": 2.398666, "pot_shell": 4.425315, "jns_tek": "Biogas, Biomass Combustion", "alamat": " Tumbang Marak", "kecamatan": "Katingan Tengah", "kab_kot": "Katingan", "latitude": -1.438521, "longitude": 112.874327 }, "geometry": { "type": "Point", "coordinates": [ 112.874327400000084, -1.438521487999935 ] } },
{ "type": "Feature", "properties": { "objectid": 290, "provinsi": "Riau", "nama_pabri": "PT Karya Indorata Persada", "kapasitas": 45.0, "pot_pome": 1.233773, "pot_efb": 3.081786, "pot_fiber": 1.199333, "pot_shell": 2.212657, "jns_tek": "Biogas, Biomass Combustion", "alamat": " Kebun Durian", "kecamatan": "Gunung Sahilan", "kab_kot": "Kampar", "latitude": 0.112883, "longitude": 101.2359 }, "geometry": { "type": "Point", "coordinates": [ 101.2359, 0.112883 ] } },
{ "type": "Feature", "properties": { "objectid": 291, "provinsi": "Kalimantan Tengah", "nama_pabri": "PT Karya Makmur Abadi", "kapasitas": 60.0, "pot_pome": 1.64503, "pot_efb": 4.109049, "pot_fiber": 1.599111, "pot_shell": 2.95021, "jns_tek": "Biogas, Biomass Combustion", "alamat": " Pemantang", "kecamatan": "Mentaya Hulu", "kab_kot": "Kotawaringin Timur", "latitude": -2.042335, "longitude": 112.489793 }, "geometry": { "type": "Point", "coordinates": [ 112.489792800000032, -2.042334721999964 ] } },
{ "type": "Feature", "properties": { "objectid": 292, "provinsi": "Kalimantan Tengah", "nama_pabri": "PT Karya Makmur Bahagia", "kapasitas": 75.0, "pot_pome": 2.056288, "pot_efb": 5.136311, "pot_fiber": 1.998889, "pot_shell": 3.687762, "jns_tek": "Biogas, Biomass Combustion", "alamat": " Rantau Tampang", "kecamatan": "Telaga Antang", "kab_kot": "Kotawaringin Timur", "latitude": -1.76, "longitude": 112.599722 }, "geometry": { "type": "Point", "coordinates": [ 112.599722200000087, -1.76 ] } },
{ "type": "Feature", "properties": { "objectid": 293, "provinsi": "Sumatera Selatan", "nama_pabri": "PT Karya Sawit Lestari", "kapasitas": 100.0, "pot_pome": 2.741717, "pot_efb": 6.848414, "pot_fiber": 2.665185, "pot_shell": 4.917016, "jns_tek": "Biogas, Biomass Combustion", "alamat": " Lubuk Karet", "kecamatan": "Betung", "kab_kot": "Banyuasin", "latitude": -2.763208, "longitude": 104.306686 }, "geometry": { "type": "Point", "coordinates": [ 104.306686100000036, -2.763208299999974 ] } },
{ "type": "Feature", "properties": { "objectid": 294, "provinsi": "Aceh", "nama_pabri": "PT Karya Tanah Subur", "kapasitas": 20.0, "pot_pome": 0.548343, "pot_efb": 1.369683, "pot_fiber": 0.533037, "pot_shell": 0.983403, "jns_tek": "Biogas, Biomass Combustion", "alamat": " Glee Siblah", "kecamatan": "Woyla", "kab_kot": "Aceh Barat", "latitude": 4.349781, "longitude": 96.165 }, "geometry": { "type": "Point", "coordinates": [ 96.165, 4.349780556000042 ] } },
{ "type": "Feature", "properties": { "objectid": 295, "provinsi": "Kalimantan Timur", "nama_pabri": "PT Karyanusa Eka Daya I", "kapasitas": 60.0, "pot_pome": 1.64503, "pot_efb": 4.109049, "pot_fiber": 1.599111, "pot_shell": 2.95021, "jns_tek": "Biogas, Biomass Combustion", "alamat": " Marahaloq", "kecamatan": "Telen", "kab_kot": "Kutai Timur", "latitude": 0.991853, "longitude": 116.753692 }, "geometry": { "type": "Point", "coordinates": [ 116.753691700000104, 0.991852778000066 ] } },
{ "type": "Feature", "properties": { "objectid": 296, "provinsi": "Kalimantan Tengah", "nama_pabri": "PT Katingan Indah Utama", "kapasitas": 90.0, "pot_pome": 2.467546, "pot_efb": 6.163573, "pot_fiber": 2.398666, "pot_shell": 4.425315, "jns_tek": "Biogas, Biomass Combustion", "alamat": " Karya Bersama", "kecamatan": "Parenggean", "kab_kot": "Kotawaringin Timur", "latitude": -2.107839, "longitude": 112.746697 }, "geometry": { "type": "Point", "coordinates": [ 112.746697200000085, -2.107838899999933 ] } },
{ "type": "Feature", "properties": { "objectid": 297, "provinsi": "Kalimantan Barat", "nama_pabri": "PT Kayung Agro Lestari", "kapasitas": 15.0, "pot_pome": 0.411258, "pot_efb": 1.027262, "pot_fiber": 0.399778, "pot_shell": 0.737552, "jns_tek": "Biogas, Biomass Combustion", "alamat": " Laman Satong", "kecamatan": "Matan Hilir Utara", "kab_kot": "Ketapang", "latitude": -1.448417, "longitude": 110.230722 }, "geometry": { "type": "Point", "coordinates": [ 110.230722200000059, -1.448416666999947 ] } },
{ "type": "Feature", "properties": { "objectid": 298, "provinsi": "Kalimantan Timur", "nama_pabri": "PT Kebun Mandiri Sejahtera", "kapasitas": 45.0, "pot_pome": 1.233773, "pot_efb": 3.081786, "pot_fiber": 1.199333, "pot_shell": 2.212657, "jns_tek": "Biogas, Biomass Combustion", "alamat": "Kel. Buluminung", "kecamatan": "Penajam", "kab_kot": "Penajam Paser Utara", "latitude": -1.281635, "longitude": 116.63811 }, "geometry": { "type": "Point", "coordinates": [ 116.638109500000041, -1.281634666999935 ] } },
{ "type": "Feature", "properties": { "objectid": 299, "provinsi": "Riau", "nama_pabri": "PT Kebun Pantai Raja", "kapasitas": 45.0, "pot_pome": 1.233773, "pot_efb": 3.081786, "pot_fiber": 1.199333, "pot_shell": 2.212657, "jns_tek": "Biogas, Biomass Combustion", "alamat": " Tanjung Pauh", "kecamatan": "Singingi Hilir", "kab_kot": "Kuantan Singingi", "latitude": -0.0575, "longitude": 101.243611 }, "geometry": { "type": "Point", "coordinates": [ 101.243611100000066, -0.0575 ] } },
{ "type": "Feature", "properties": { "objectid": 300, "provinsi": "Kalimantan Timur", "nama_pabri": "PT Kemilau Indah Nusantara", "kapasitas": 45.0, "pot_pome": 1.233773, "pot_efb": 3.081786, "pot_fiber": 1.199333, "pot_shell": 2.212657, "jns_tek": "Biogas, Biomass Combustion", "alamat": " Sepaso", "kecamatan": "Bengalon", "kab_kot": "Kutai Timur", "latitude": 0.664675, "longitude": 117.643783 }, "geometry": { "type": "Point", "coordinates": [ 117.643783300000109, 0.664675 ] } },
{ "type": "Feature", "properties": { "objectid": 301, "provinsi": "Riau", "nama_pabri": "PT Kencana Amal Tani", "kapasitas": 90.0, "pot_pome": 2.467546, "pot_efb": 6.163573, "pot_fiber": 2.398666, "pot_shell": 4.425315, "jns_tek": "Biogas, Biomass Combustion", "alamat": " Kelesa", "kecamatan": "Seberida", "kab_kot": "Indragiri Hulu", "latitude": -0.638889, "longitude": 102.492778 }, "geometry": { "type": "Point", "coordinates": [ 102.492777800000056, -0.638888888999929 ] } },
{ "type": "Feature", "properties": { "objectid": 302, "provinsi": "Riau", "nama_pabri": "PT Kencana Andalan Nusantara", "kapasitas": 60.0, "pot_pome": 1.64503, "pot_efb": 4.109049, "pot_fiber": 1.599111, "pot_shell": 2.95021, "jns_tek": "Biogas, Biomass Combustion", "alamat": " Jayantri", "kecamatan": "Bagansinembah Raya", "kab_kot": "Rokan Hilir", "latitude": 1.783935, "longitude": 100.392415 }, "geometry": { "type": "Point", "coordinates": [ 100.392415, 1.783935188000044 ] } },
{ "type": "Feature", "properties": { "objectid": 303, "provinsi": "Kalimantan Barat", "nama_pabri": "PT Kencana Graha Permai", "kapasitas": 80.0, "pot_pome": 2.193374, "pot_efb": 5.478731, "pot_fiber": 2.132148, "pot_shell": 3.933613, "jns_tek": "Biogas, Biomass Combustion", "alamat": " Randai", "kecamatan": "Marau", "kab_kot": "Ketapang", "latitude": -2.119939, "longitude": 110.594 }, "geometry": { "type": "Point", "coordinates": [ 110.594, -2.119938888999968 ] } },
{ "type": "Feature", "properties": { "objectid": 304, "provinsi": "Bengkulu", "nama_pabri": "PT Kencana Ketara Kewala", "kapasitas": 30.0, "pot_pome": 0.822515, "pot_efb": 2.054524, "pot_fiber": 0.799555, "pot_shell": 1.475105, "jns_tek": "Biogas, Biomass Combustion", "alamat": " Penyangi", "kecamatan": "Kerkap", "kab_kot": "Bengkulu Utara", "latitude": -3.529261, "longitude": 102.312081 }, "geometry": { "type": "Point", "coordinates": [ 102.312080600000058, -3.529261099999928 ] } },
{ "type": "Feature", "properties": { "objectid": 305, "provinsi": "Sumatera Barat", "nama_pabri": "PT Kencana Sawit Indonesia", "kapasitas": 45.0, "pot_pome": 1.233773, "pot_efb": 3.081786, "pot_fiber": 1.199333, "pot_shell": 2.212657, "jns_tek": "Biogas, Biomass Combustion", "alamat": " Sei Kunyit", "kecamatan": "Sangir Balai Janggo", "kab_kot": "Solok Selatan", "latitude": -1.468227, "longitude": 101.514846 }, "geometry": { "type": "Point", "coordinates": [ 101.51484570000008, -1.468227222999928 ] } },
{ "type": "Feature", "properties": { "objectid": 306, "provinsi": "Riau", "nama_pabri": "PT Kencana Utama Sejati", "kapasitas": 30.0, "pot_pome": 0.822515, "pot_efb": 2.054524, "pot_fiber": 0.799555, "pot_shell": 1.475105, "jns_tek": "Biogas, Biomass Combustion", "alamat": " Gunung Intan/Tambusai Barat", "kecamatan": "Tambusai", "kab_kot": "Rokan Hulu", "latitude": 1.069692, "longitude": 100.116644 }, "geometry": { "type": "Point", "coordinates": [ 100.116644400000041, 1.069691700000021 ] } },
{ "type": "Feature", "properties": { "objectid": 307, "provinsi": "Kalimantan Tengah", "nama_pabri": "PT Kerry Sawit Indonesia I", "kapasitas": 90.0, "pot_pome": 2.467546, "pot_efb": 6.163573, "pot_fiber": 2.398666, "pot_shell": 4.425315, "jns_tek": "Biogas, Biomass Combustion", "alamat": " Danau Sembuluh 1", "kecamatan": "Danau Sembuluh", "kab_kot": "Seruyan", "latitude": -2.785056, "longitude": 112.508944 }, "geometry": { "type": "Point", "coordinates": [ 112.508944400000019, -2.785055555999975 ] } },
{ "type": "Feature", "properties": { "objectid": 308, "provinsi": "Kalimantan Tengah", "nama_pabri": "PT Kerry Sawit Indonesia II", "kapasitas": 90.0, "pot_pome": 2.467546, "pot_efb": 6.163573, "pot_fiber": 2.398666, "pot_shell": 4.425315, "jns_tek": "Biogas, Biomass Combustion", "alamat": " Tabiku", "kecamatan": "Seruyan Raya", "kab_kot": "Seruyan", "latitude": -2.784611, "longitude": 112.508944 }, "geometry": { "type": "Point", "coordinates": [ 112.508944400000019, -2.784611110999947 ] } },
{ "type": "Feature", "properties": { "objectid": 309, "provinsi": "Kalimantan Timur", "nama_pabri": "PT Khaleda Agroprima Malindo", "kapasitas": 90.0, "pot_pome": 2.467546, "pot_efb": 6.163573, "pot_fiber": 2.398666, "pot_shell": 4.425315, "jns_tek": "Biogas, Biomass Combustion", "alamat": " Puan Cepak", "kecamatan": "Muara Kaman", "kab_kot": "Kutai Kartanegara", "latitude": 0.015333, "longitude": 116.968417 }, "geometry": { "type": "Point", "coordinates": [ 116.968416700000034, 0.015333333000058 ] } },
{ "type": "Feature", "properties": { "objectid": 310, "provinsi": "Kalimantan Selatan", "nama_pabri": "PT Kharisma Alam Persada", "kapasitas": 45.0, "pot_pome": 1.233773, "pot_efb": 3.081786, "pot_fiber": 1.199333, "pot_shell": 2.212657, "jns_tek": "Biogas, Biomass Combustion", "alamat": " Candi Laras Selatan", "kecamatan": "0", "kab_kot": "Tapin", "latitude": -2.929433, "longitude": 114.951811 }, "geometry": { "type": "Point", "coordinates": [ 114.9518111000001, -2.929433299999971 ] } },
{ "type": "Feature", "properties": { "objectid": 311, "provinsi": "Riau", "nama_pabri": "PT Kimia Tirta Utama", "kapasitas": 40.0, "pot_pome": 1.096687, "pot_efb": 2.739366, "pot_fiber": 1.066074, "pot_shell": 1.966806, "jns_tek": "Biogas, Biomass Combustion", "alamat": " Pangkalan Pisang", "kecamatan": "Koto Gasib", "kab_kot": "Siak", "latitude": 0.675456, "longitude": 101.726761 }, "geometry": { "type": "Point", "coordinates": [ 101.726760600000034, 0.675455859000067 ] } },
{ "type": "Feature", "properties": { "objectid": 312, "provinsi": "Kalimantan Selatan", "nama_pabri": "PT Kintap Jaya Wattindo", "kapasitas": 45.0, "pot_pome": 1.233773, "pot_efb": 3.081786, "pot_fiber": 1.199333, "pot_shell": 2.212657, "jns_tek": "Biogas, Biomass Combustion", "alamat": " Kintap", "kecamatan": "Kintap", "kab_kot": "Tanah Laut", "latitude": -3.898722, "longitude": 115.206083 }, "geometry": { "type": "Point", "coordinates": [ 115.206083300000046, -3.898722221999947 ] } },
{ "type": "Feature", "properties": { "objectid": 313, "provinsi": "Kalimantan Selatan", "nama_pabri": "PT Kodeco Agrojaya Mandiri", "kapasitas": 30.0, "pot_pome": 0.822515, "pot_efb": 2.054524, "pot_fiber": 0.799555, "pot_shell": 1.475105, "jns_tek": "Biogas, Biomass Combustion", "alamat": " Maju Bersama", "kecamatan": "Batulicin", "kab_kot": "Tanah Bumbu", "latitude": -3.443453, "longitude": 115.950697 }, "geometry": { "type": "Point", "coordinates": [ 115.950697200000036, -3.443452799999932 ] } },
{ "type": "Feature", "properties": { "objectid": 314, "provinsi": "Jambi", "nama_pabri": "PT Kresna Duta Agroindo", "kapasitas": 60.0, "pot_pome": 1.64503, "pot_efb": 4.109049, "pot_fiber": 1.599111, "pot_shell": 2.95021, "jns_tek": "Biogas, Biomass Combustion", "alamat": " Jelatang", "kecamatan": "Pamenang", "kab_kot": "Merangin", "latitude": -2.097222, "longitude": 102.366111 }, "geometry": { "type": "Point", "coordinates": [ 102.366111100000069, -2.097222221999971 ] } },
{ "type": "Feature", "properties": { "objectid": 315, "provinsi": "Jambi", "nama_pabri": "PT Kresna Duta Agroindo", "kapasitas": 60.0, "pot_pome": 1.64503, "pot_efb": 4.109049, "pot_fiber": 1.599111, "pot_shell": 2.95021, "jns_tek": "Biogas, Biomass Combustion", "alamat": " Langling", "kecamatan": "Bangko", "kab_kot": "Merangin", "latitude": -2.101389, "longitude": 102.375278 }, "geometry": { "type": "Point", "coordinates": [ 102.375277800000049, -2.101388888999963 ] } },
{ "type": "Feature", "properties": { "objectid": 316, "provinsi": "Kalimantan Timur", "nama_pabri": "PT Kresna Duta Agroindo", "kapasitas": 30.0, "pot_pome": 0.822515, "pot_efb": 2.054524, "pot_fiber": 0.799555, "pot_shell": 1.475105, "jns_tek": "Biogas, Biomass Combustion", "alamat": " Rantau Panjang", "kecamatan": "Muara Wahau", "kab_kot": "Kutai Timur", "latitude": 0.918797, "longitude": 116.855694 }, "geometry": { "type": "Point", "coordinates": [ 116.855694400000061, 0.918797200000029 ] } },
{ "type": "Feature", "properties": { "objectid": 317, "provinsi": "Kalimantan Timur", "nama_pabri": "PT Kresna Duta Agroindo", "kapasitas": 60.0, "pot_pome": 1.64503, "pot_efb": 4.109049, "pot_fiber": 1.599111, "pot_shell": 2.95021, "jns_tek": "Biogas, Biomass Combustion", "alamat": " Sukamaju", "kecamatan": "Kongbeng", "kab_kot": "Kutai Timur", "latitude": 1.109444, "longitude": 117.022222 }, "geometry": { "type": "Point", "coordinates": [ 117.022222200000101, 1.109444444000076 ] } },
{ "type": "Feature", "properties": { "objectid": 318, "provinsi": "Jambi", "nama_pabri": "PT Kresna Duta Agroindo", "kapasitas": 60.0, "pot_pome": 1.64503, "pot_efb": 4.109049, "pot_fiber": 1.599111, "pot_shell": 2.95021, "jns_tek": "Biogas, Biomass Combustion", "alamat": " Tanjung", "kecamatan": "Bathin VIII", "kab_kot": "Sarolangun", "latitude": -2.185278, "longitude": 102.642222 }, "geometry": { "type": "Point", "coordinates": [ 102.642222200000049, -2.185277777999943 ] } },
{ "type": "Feature", "properties": { "objectid": 319, "provinsi": "Kalimantan Tengah", "nama_pabri": "PT Kridatama Lancar", "kapasitas": 40.0, "pot_pome": 1.096687, "pot_efb": 2.739366, "pot_fiber": 1.066074, "pot_shell": 1.966806, "jns_tek": "Biogas, Biomass Combustion", "alamat": " Sukamandang", "kecamatan": "Seruyan Tengah", "kab_kot": "Seruyan", "latitude": -1.094444, "longitude": 112.308333 }, "geometry": { "type": "Point", "coordinates": [ 112.308333300000072, -1.094444443999976 ] } },
{ "type": "Feature", "properties": { "objectid": 320, "provinsi": "Lampung", "nama_pabri": "PT Kriya Swarna Pubian", "kapasitas": 30.0, "pot_pome": 0.822515, "pot_efb": 2.054524, "pot_fiber": 0.799555, "pot_shell": 1.475105, "jns_tek": "Biogas, Biomass Combustion", "alamat": " Segala Mider", "kecamatan": "Pubian", "kab_kot": "Lampung Tengah", "latitude": -5.063886, "longitude": 104.876825 }, "geometry": { "type": "Point", "coordinates": [ 104.876825, -5.063886099999934 ] } },
{ "type": "Feature", "properties": { "objectid": 321, "provinsi": "Kalimantan Timur", "nama_pabri": "PT Kruing Lestari Jaya", "kapasitas": 45.0, "pot_pome": 1.233773, "pot_efb": 3.081786, "pot_fiber": 1.199333, "pot_shell": 2.212657, "jns_tek": "Biogas, Biomass Combustion", "alamat": " Besiq", "kecamatan": "Damai Kutai Barat", "kab_kot": "Kutai Barat", "latitude": -0.766264, "longitude": 115.497097 }, "geometry": { "type": "Point", "coordinates": [ 115.497097200000098, -0.766263899999956 ] } },
{ "type": "Feature", "properties": { "objectid": 322, "provinsi": "Sumatera Utara", "nama_pabri": "PT Kuala Mas Sawit Abadi", "kapasitas": 30.0, "pot_pome": 0.822515, "pot_efb": 2.054524, "pot_fiber": 0.799555, "pot_shell": 1.475105, "jns_tek": "Biogas, Biomass Combustion", "alamat": " Mampang", "kecamatan": "Mandala Sena", "kab_kot": "Labuhan Batu Selatan", "latitude": 1.811668, "longitude": 100.025683 }, "geometry": { "type": "Point", "coordinates": [ 100.025682900000049, 1.811667526000065 ] } },
{ "type": "Feature", "properties": { "objectid": 323, "provinsi": "Sumatera Utara", "nama_pabri": "PT Kwala Gunung", "kapasitas": 20.0, "pot_pome": 0.548343, "pot_efb": 1.369683, "pot_fiber": 0.533037, "pot_shell": 0.983403, "jns_tek": "Biogas, Biomass Combustion", "alamat": " Antara", "kecamatan": "Limapuluh", "kab_kot": "BATU BARA", "latitude": 3.163789, "longitude": 99.482578 }, "geometry": { "type": "Point", "coordinates": [ 99.482577780000042, 3.163788889000045 ] } },
{ "type": "Feature", "properties": { "objectid": 324, "provinsi": "Kalimantan Selatan", "nama_pabri": "PT Ladang Rumpun Subur Abadi", "kapasitas": 60.0, "pot_pome": 1.64503, "pot_efb": 4.109049, "pot_fiber": 1.599111, "pot_shell": 2.95021, "jns_tek": "Biogas, Biomass Combustion", "alamat": " Sebamban Baru", "kecamatan": "Sei Loban", "kab_kot": "Tanah Bumbu", "latitude": -3.611944, "longitude": 115.443056 }, "geometry": { "type": "Point", "coordinates": [ 115.443055600000093, -3.61194444399996 ] } },
{ "type": "Feature", "properties": { "objectid": 325, "provinsi": "Kalimantan Selatan", "nama_pabri": "PT Laguna Mandiri", "kapasitas": 45.0, "pot_pome": 1.233773, "pot_efb": 3.081786, "pot_fiber": 1.199333, "pot_shell": 2.212657, "jns_tek": "Biogas, Biomass Combustion", "alamat": " Betung", "kecamatan": "Pamukan Utara", "kab_kot": "Kotabaru", "latitude": -2.378587, "longitude": 116.205174 }, "geometry": { "type": "Point", "coordinates": [ 116.20517360000008, -2.378587301999971 ] } },
{ "type": "Feature", "properties": { "objectid": 326, "provinsi": "Kalimantan Selatan", "nama_pabri": "PT Laguna Mandiri", "kapasitas": 60.0, "pot_pome": 1.64503, "pot_efb": 4.109049, "pot_fiber": 1.599111, "pot_shell": 2.95021, "jns_tek": "Biogas, Biomass Combustion", "alamat": " Rantau Bda", "kecamatan": "Pamukan Utara", "kab_kot": "Kotabaru", "latitude": -2.439167, "longitude": 116.114167 }, "geometry": { "type": "Point", "coordinates": [ 116.114166700000055, -2.439166666999938 ] } },
{ "type": "Feature", "properties": { "objectid": 327, "provinsi": "Riau", "nama_pabri": "PT Lahan Tani Sakti", "kapasitas": 15.0, "pot_pome": 0.411258, "pot_efb": 1.027262, "pot_fiber": 0.399778, "pot_shell": 0.737552, "jns_tek": "Biogas, Biomass Combustion", "alamat": " Pondok Kresek", "kecamatan": "Pujud", "kab_kot": "Rokan Hilir", "latitude": 1.561111, "longitude": 100.541667 }, "geometry": { "type": "Point", "coordinates": [ 100.541666700000064, 1.561111111000059 ] } },
{ "type": "Feature", "properties": { "objectid": 328, "provinsi": "Jambi", "nama_pabri": "PT Lambang Sawit Perkasa", "kapasitas": 60.0, "pot_pome": 1.64503, "pot_efb": 4.109049, "pot_fiber": 1.599111, "pot_shell": 2.95021, "jns_tek": "Biogas, Biomass Combustion", "alamat": " Kukus", "kecamatan": "Bathin", "kab_kot": "Sarolangun", "latitude": -2.223333, "longitude": 102.482086 }, "geometry": { "type": "Point", "coordinates": [ 102.48208610000006, -2.223333299999979 ] } },
{ "type": "Feature", "properties": { "objectid": 329, "provinsi": "Lampung", "nama_pabri": "PT Lampung Inter Pertiwi", "kapasitas": 45.0, "pot_pome": 1.233773, "pot_efb": 3.081786, "pot_fiber": 1.199333, "pot_shell": 2.212657, "jns_tek": "Biogas, Biomass Combustion", "alamat": " Kagungan Dalam", "kecamatan": "Panca Jaya", "kab_kot": "Mesuji", "latitude": -3.8652, "longitude": 105.28621 }, "geometry": { "type": "Point", "coordinates": [ 105.28621, -3.8652 ] } },
{ "type": "Feature", "properties": { "objectid": 330, "provinsi": "Riau", "nama_pabri": "PT Langgak Inti Lestari", "kapasitas": 30.0, "pot_pome": 0.822515, "pot_efb": 2.054524, "pot_fiber": 0.799555, "pot_shell": 1.475105, "jns_tek": "Biogas, Biomass Combustion", "alamat": " Koto Tandun", "kecamatan": "Tandun", "kab_kot": "Rokan Hulu", "latitude": 0.601483, "longitude": 100.605336 }, "geometry": { "type": "Point", "coordinates": [ 100.605336100000045, 0.601483333000033 ] } },
{ "type": "Feature", "properties": { "objectid": 331, "provinsi": "Kalimantan Selatan", "nama_pabri": "PT Langgeng Muara Makmur", "kapasitas": 60.0, "pot_pome": 1.64503, "pot_efb": 4.109049, "pot_fiber": 1.599111, "pot_shell": 2.95021, "jns_tek": "Biogas, Biomass Combustion", "alamat": " Binturung", "kecamatan": "Pamukan Utara", "kab_kot": "Kotabaru", "latitude": -2.373833, "longitude": 116.329722 }, "geometry": { "type": "Point", "coordinates": [ 116.329722200000106, -2.373833332999936 ] } },
{ "type": "Feature", "properties": { "objectid": 332, "provinsi": "Sumatera Utara", "nama_pabri": "PT Langkat Nusantara Kepong", "kapasitas": 70.0, "pot_pome": 1.919202, "pot_efb": 4.79389, "pot_fiber": 1.865629, "pot_shell": 3.441911, "jns_tek": "Biogas, Biomass Combustion", "alamat": " Gohor Lama", "kecamatan": "Wampu", "kab_kot": "Langkat", "latitude": 3.759722, "longitude": 98.393056 }, "geometry": { "type": "Point", "coordinates": [ 98.39305556000005, 3.75972222200005 ] } },
{ "type": "Feature", "properties": { "objectid": 333, "provinsi": "Bangka-Belitung", "nama_pabri": "PT Leidong West Indonesia", "kapasitas": 60.0, "pot_pome": 1.64503, "pot_efb": 4.109049, "pot_fiber": 1.599111, "pot_shell": 2.95021, "jns_tek": "Biogas, Biomass Combustion", "alamat": " Ibul", "kecamatan": "Simpang Teritip", "kab_kot": "Bangka Barat", "latitude": -1.901936, "longitude": 105.476394 }, "geometry": { "type": "Point", "coordinates": [ 105.476394, -1.901936 ] } },
{ "type": "Feature", "properties": { "objectid": 334, "provinsi": "Sulawesi Tengah", "nama_pabri": "PT Lestari Tani Teladan", "kapasitas": 60.0, "pot_pome": 1.64503, "pot_efb": 4.109049, "pot_fiber": 1.599111, "pot_shell": 2.95021, "jns_tek": "Biogas, Biomass Combustion", "alamat": " Taviora", "kecamatan": "Rio Pakava", "kab_kot": "Donggala", "latitude": -1.37157, "longitude": 119.486516 }, "geometry": { "type": "Point", "coordinates": [ 119.486515900000086, -1.371570473999952 ] } },
{ "type": "Feature", "properties": { "objectid": 335, "provinsi": "Sulawesi Barat", "nama_pabri": "PT Letawa", "kapasitas": 30.0, "pot_pome": 0.822515, "pot_efb": 2.054524, "pot_fiber": 0.799555, "pot_shell": 1.475105, "jns_tek": "Biogas, Biomass Combustion", "alamat": " Makmur Jaya", "kecamatan": "Tikke aya", "kab_kot": "Mamuju Utara", "latitude": -1.332592, "longitude": 119.42743 }, "geometry": { "type": "Point", "coordinates": [ 119.427429500000017, -1.332592021999972 ] } },
{ "type": "Feature", "properties": { "objectid": 336, "provinsi": "Kalimantan Barat", "nama_pabri": "PT Limpah Sejahtera", "kapasitas": 45.0, "pot_pome": 1.233773, "pot_efb": 3.081786, "pot_fiber": 1.199333, "pot_shell": 2.212657, "jns_tek": "Biogas, Biomass Combustion", "alamat": " Makmur Abadi", "kecamatan": "Sungai Melayu Rayak", "kab_kot": "Ketapang", "latitude": -1.7175, "longitude": 110.354194 }, "geometry": { "type": "Point", "coordinates": [ 110.35419440000004, -1.7175 ] } },
{ "type": "Feature", "properties": { "objectid": 337, "provinsi": "Riau", "nama_pabri": "PT Lubuk Bendahara Palma", "kapasitas": 30.0, "pot_pome": 0.822515, "pot_efb": 2.054524, "pot_fiber": 0.799555, "pot_shell": 1.475105, "jns_tek": "Biogas, Biomass Combustion", "alamat": " Lubuk Bendara", "kecamatan": "Rokan", "kab_kot": "Rokan Hulu", "latitude": 0.667469, "longitude": 100.508883 }, "geometry": { "type": "Point", "coordinates": [ 100.508883300000036, 0.667469400000073 ] } },
{ "type": "Feature", "properties": { "objectid": 338, "provinsi": "Sumatera Selatan", "nama_pabri": "PT Mahkota Andalan Sawit", "kapasitas": 45.0, "pot_pome": 1.233773, "pot_efb": 3.081786, "pot_fiber": 1.199333, "pot_shell": 2.212657, "jns_tek": "Biogas, Biomass Combustion", "alamat": " Suka Menang", "kecamatan": "Gelumbang", "kab_kot": "Muara Enim", "latitude": -3.225489, "longitude": 104.471656 }, "geometry": { "type": "Point", "coordinates": [ 104.471655600000076, -3.225488899999959 ] } },
{ "type": "Feature", "properties": { "objectid": 339, "provinsi": "Kalimantan Tengah", "nama_pabri": "PT Maju Aneka Sawit", "kapasitas": 45.0, "pot_pome": 1.233773, "pot_efb": 3.081786, "pot_fiber": 1.199333, "pot_shell": 2.212657, "jns_tek": "Biogas, Biomass Combustion", "alamat": " Tanah Putih", "kecamatan": "Telawang", "kab_kot": "Kotawaringin Timur", "latitude": -2.478167, "longitude": 112.647611 }, "geometry": { "type": "Point", "coordinates": [ 112.647611100000063, -2.478166666999925 ] } },
{ "type": "Feature", "properties": { "objectid": 340, "provinsi": "Riau", "nama_pabri": "PT Makmur Andalan Sawit", "kapasitas": 45.0, "pot_pome": 1.233773, "pot_efb": 3.081786, "pot_fiber": 1.199333, "pot_shell": 2.212657, "jns_tek": "Biogas, Biomass Combustion", "alamat": " Tua", "kecamatan": "Pangkalan Lesung", "kab_kot": "Pelalawan", "latitude": 0.06564, "longitude": 102.03201 }, "geometry": { "type": "Point", "coordinates": [ 102.03201, 0.06564 ] } },
{ "type": "Feature", "properties": { "objectid": 341, "provinsi": "Sulawesi Barat", "nama_pabri": "PT Manakarra Unggul Lestari", "kapasitas": 45.0, "pot_pome": 1.233773, "pot_efb": 3.081786, "pot_fiber": 1.199333, "pot_shell": 2.212657, "jns_tek": "Biogas, Biomass Combustion", "alamat": " Kakullasan", "kecamatan": "Tommo", "kab_kot": "Mamuju", "latitude": -2.199794, "longitude": 119.431248 }, "geometry": { "type": "Point", "coordinates": [ 119.431248, -2.199794 ] } },
{ "type": "Feature", "properties": { "objectid": 342, "provinsi": "Sumatera Utara", "nama_pabri": "PT Mandiri Sawit Bersama", "kapasitas": 30.0, "pot_pome": 0.822515, "pot_efb": 2.054524, "pot_fiber": 0.799555, "pot_shell": 1.475105, "jns_tek": "Biogas, Biomass Combustion", "alamat": " Lubuk Bunut", "kecamatan": "Huta Raja Tinggi", "kab_kot": "Padang Lawas", "latitude": 1.075136, "longitude": 99.994994 }, "geometry": { "type": "Point", "coordinates": [ 99.994994, 1.075136 ] } },
{ "type": "Feature", "properties": { "objectid": 343, "provinsi": "Kalimantan Barat", "nama_pabri": "PT Mar Kubu Raya", "kapasitas": 45.0, "pot_pome": 1.233773, "pot_efb": 3.081786, "pot_fiber": 1.199333, "pot_shell": 2.212657, "jns_tek": "Biogas, Biomass Combustion", "alamat": " Ambawang", "kecamatan": "Kubu", "kab_kot": "Kubu Raya", "latitude": -0.3639, "longitude": 109.297254 }, "geometry": { "type": "Point", "coordinates": [ 109.297254, -0.3639 ] } },
{ "type": "Feature", "properties": { "objectid": 344, "provinsi": "Irian Jaya Barat", "nama_pabri": "PT Medcopapua Hijau Selaras", "kapasitas": 30.0, "pot_pome": 0.822515, "pot_efb": 2.054524, "pot_fiber": 0.799555, "pot_shell": 1.475105, "jns_tek": "Biogas, Biomass Combustion", "alamat": " Sidey", "kecamatan": "Sidey", "kab_kot": "Manokwari", "latitude": -0.810126, "longitude": 133.596098 }, "geometry": { "type": "Point", "coordinates": [ 133.596098200000029, -0.810126232999949 ] } },
{ "type": "Feature", "properties": { "objectid": 345, "provinsi": "Kalimantan Timur", "nama_pabri": "PT Megah Hijau Lestari", "kapasitas": 60.0, "pot_pome": 1.64503, "pot_efb": 4.109049, "pot_fiber": 1.599111, "pot_shell": 2.95021, "jns_tek": "Biogas, Biomass Combustion", "alamat": "Jl. Propinsi Km.14 RT 04/Buluminung", "kecamatan": "Penajam", "kab_kot": "Penajam Paser Utara", "latitude": -1.2418, "longitude": 116.644402 }, "geometry": { "type": "Point", "coordinates": [ 116.644402, -1.2418 ] } },
{ "type": "Feature", "properties": { "objectid": 346, "provinsi": "Sumatera Utara", "nama_pabri": "PT Megah Pusaka Andalas", "kapasitas": 30.0, "pot_pome": 0.822515, "pot_efb": 2.054524, "pot_fiber": 0.799555, "pot_shell": 1.475105, "jns_tek": "Biogas, Biomass Combustion", "alamat": " Sei Musam", "kecamatan": "Batang Serangan", "kab_kot": "Langkat", "latitude": 3.649575, "longitude": 98.14965 }, "geometry": { "type": "Point", "coordinates": [ 98.14965, 3.649575 ] } },
{ "type": "Feature", "properties": { "objectid": 347, "provinsi": "Jambi", "nama_pabri": "PT Megasawindo Perkasa", "kapasitas": 120.0, "pot_pome": 3.290061, "pot_efb": 8.218097, "pot_fiber": 3.198222, "pot_shell": 5.900419, "jns_tek": "Biogas, Biomass Combustion", "alamat": " Danau", "kecamatan": "Pelapat Ilir", "kab_kot": "Bungo", "latitude": -1.684739, "longitude": 102.234805 }, "geometry": { "type": "Point", "coordinates": [ 102.234805, -1.684739 ] } },
{ "type": "Feature", "properties": { "objectid": 348, "provinsi": "Riau", "nama_pabri": "PT Mekar Sari Alam Lestari", "kapasitas": 60.0, "pot_pome": 1.64503, "pot_efb": 4.109049, "pot_fiber": 1.599111, "pot_shell": 2.95021, "jns_tek": "Biogas, Biomass Combustion", "alamat": " Pangkalan Pandu", "kecamatan": "Kerumutan", "kab_kot": "Pelalawan", "latitude": 0.187469, "longitude": 102.349008 }, "geometry": { "type": "Point", "coordinates": [ 102.349008300000037, 0.187469400000055 ] } },
{ "type": "Feature", "properties": { "objectid": 349, "provinsi": "Kalimantan Barat", "nama_pabri": "PT Mempawah Permai Lestari", "kapasitas": 30.0, "pot_pome": 0.822515, "pot_efb": 2.054524, "pot_fiber": 0.799555, "pot_shell": 1.475105, "jns_tek": "Biogas, Biomass Combustion", "alamat": " Ansiap & Suak Barangan", "kecamatan": "Sadaniang", "kab_kot": "Mempawah", "latitude": 0.621611, "longitude": 109.211783 }, "geometry": { "type": "Point", "coordinates": [ 109.211783300000036, 0.621611100000052 ] } },
{ "type": "Feature", "properties": { "objectid": 350, "provinsi": "Lampung", "nama_pabri": "PT Menggala Sawitindo", "kapasitas": 45.0, "pot_pome": 1.233773, "pot_efb": 3.081786, "pot_fiber": 1.199333, "pot_shell": 2.212657, "jns_tek": "Biogas, Biomass Combustion", "alamat": " Linggai", "kecamatan": "Menggala", "kab_kot": "Tulang Bawang", "latitude": -4.35145, "longitude": 105.2705 }, "geometry": { "type": "Point", "coordinates": [ 105.2705, -4.35145 ] } },
{ "type": "Feature", "properties": { "objectid": 351, "provinsi": "Jambi", "nama_pabri": "PT Mentari", "kapasitas": 52.0, "pot_pome": 1.425693, "pot_efb": 3.561175, "pot_fiber": 1.385896, "pot_shell": 2.556848, "jns_tek": "Biogas, Biomass Combustion", "alamat": " Karang Anyar", "kecamatan": "Pamenang Barat", "kab_kot": "Merangin", "latitude": -2.08373, "longitude": 102.43813 }, "geometry": { "type": "Point", "coordinates": [ 102.43813, -2.08373 ] } },
{ "type": "Feature", "properties": { "objectid": 352, "provinsi": "Sumatera Selatan", "nama_pabri": "PT Mentari Suburabadi", "kapasitas": 60.0, "pot_pome": 1.64503, "pot_efb": 4.109049, "pot_fiber": 1.599111, "pot_shell": 2.95021, "jns_tek": "Biogas, Biomass Combustion", "alamat": " Muara Merang", "kecamatan": "Baung Lencir", "kab_kot": "Musi Banyuasin", "latitude": -2.142357, "longitude": 104.199446 }, "geometry": { "type": "Point", "coordinates": [ 104.199445600000047, -2.142356719999952 ] } },
{ "type": "Feature", "properties": { "objectid": 353, "provinsi": "Kalimantan Tengah", "nama_pabri": "PT Mentaya Sawit Mas", "kapasitas": 45.0, "pot_pome": 1.233773, "pot_efb": 3.081786, "pot_fiber": 1.199333, "pot_shell": 2.212657, "jns_tek": "Biogas, Biomass Combustion", "alamat": " Tangar", "kecamatan": "Mentaya", "kab_kot": "Kotawaringin Timur", "latitude": -2.164444, "longitude": 112.569444 }, "geometry": { "type": "Point", "coordinates": [ 112.569444400000066, -2.164444443999969 ] } },
{ "type": "Feature", "properties": { "objectid": 354, "provinsi": "Riau", "nama_pabri": "PT Merangkai Artha Nusantara", "kapasitas": 30.0, "pot_pome": 0.822515, "pot_efb": 2.054524, "pot_fiber": 0.799555, "pot_shell": 1.475105, "jns_tek": "Biogas, Biomass Combustion", "alamat": " Bangun Jaya", "kecamatan": "Tambusai Utara", "kab_kot": "Rokan Hulu", "latitude": 1.278825, "longitude": 100.334114 }, "geometry": { "type": "Point", "coordinates": [ 100.334113900000034, 1.278825 ] } },
{ "type": "Feature", "properties": { "objectid": 355, "provinsi": "Sumatera Utara", "nama_pabri": "PT Merbaujaya Indahraya", "kapasitas": 30.0, "pot_pome": 0.822515, "pot_efb": 2.054524, "pot_fiber": 0.799555, "pot_shell": 1.475105, "jns_tek": "Biogas, Biomass Combustion", "alamat": " Pulo Jantan", "kecamatan": "0", "kab_kot": "Labuhan Batu", "latitude": 2.283222, "longitude": 99.780139 }, "geometry": { "type": "Point", "coordinates": [ 99.780138890000046, 2.283222222000063 ] } },
{ "type": "Feature", "properties": { "objectid": 356, "provinsi": "Riau", "nama_pabri": "PT Meridan Sejati Surya Plant", "kapasitas": 45.0, "pot_pome": 1.233773, "pot_efb": 3.081786, "pot_fiber": 1.199333, "pot_shell": 2.212657, "jns_tek": "Biogas, Biomass Combustion", "alamat": " Kerinci Kanan", "kecamatan": "Kerinci Kanan", "kab_kot": "Siak", "latitude": 0.53567, "longitude": 101.73062 }, "geometry": { "type": "Point", "coordinates": [ 101.73062, 0.53567 ] } },
{ "type": "Feature", "properties": { "objectid": 357, "provinsi": "Riau", "nama_pabri": "PT Meskom Agro Sarimas", "kapasitas": 45.0, "pot_pome": 1.233773, "pot_efb": 3.081786, "pot_fiber": 1.199333, "pot_shell": 2.212657, "jns_tek": "Biogas, Biomass Combustion", "alamat": " Pangkalan Batang", "kecamatan": "Bengkalis", "kab_kot": "Bengkalis", "latitude": 1.548611, "longitude": 102.089722 }, "geometry": { "type": "Point", "coordinates": [ 102.08972220000004, 1.548611111000071 ] } },
{ "type": "Feature", "properties": { "objectid": 358, "provinsi": "Kalimantan Tengah", "nama_pabri": "PT Meta Epsi Agro", "kapasitas": 60.0, "pot_pome": 1.64503, "pot_efb": 4.109049, "pot_fiber": 1.599111, "pot_shell": 2.95021, "jns_tek": "Biogas, Biomass Combustion", "alamat": " Medang Sari", "kecamatan": "Arut Selatan", "kab_kot": "Kotawaringin Barat", "latitude": -2.608523, "longitude": 111.780488 }, "geometry": { "type": "Point", "coordinates": [ 111.780488, -2.608523 ] } },
{ "type": "Feature", "properties": { "objectid": 359, "provinsi": "Sumatera Selatan", "nama_pabri": "PT Minanga Ogan", "kapasitas": 60.0, "pot_pome": 1.64503, "pot_efb": 4.109049, "pot_fiber": 1.599111, "pot_shell": 2.95021, "jns_tek": "Biogas, Biomass Combustion", "alamat": " Batu Kuning", "kecamatan": "Baturaja", "kab_kot": "Ogan Komering Ulu", "latitude": -4.063333, "longitude": 104.13 }, "geometry": { "type": "Point", "coordinates": [ 104.13, -4.063333332999946 ] } },
{ "type": "Feature", "properties": { "objectid": 360, "provinsi": "Sumatera Selatan", "nama_pabri": "PT Minanga Ogan", "kapasitas": 30.0, "pot_pome": 0.822515, "pot_efb": 2.054524, "pot_fiber": 0.799555, "pot_shell": 1.475105, "jns_tek": "Biogas, Biomass Combustion", "alamat": " Lubuk Batang", "kecamatan": "Lubuk Batang", "kab_kot": "Ogan Komering Ulu", "latitude": -4.056944, "longitude": 104.198333 }, "geometry": { "type": "Point", "coordinates": [ 104.198333300000058, -4.056944443999953 ] } },
{ "type": "Feature", "properties": { "objectid": 361, "provinsi": "Kalimantan Barat", "nama_pabri": "PT Mitra Abadimas Sejahtera", "kapasitas": 45.0, "pot_pome": 1.233773, "pot_efb": 3.081786, "pot_fiber": 1.199333, "pot_shell": 2.212657, "jns_tek": "Biogas, Biomass Combustion", "alamat": " Sungai Sapak", "kecamatan": "Subah", "kab_kot": "Sambas", "latitude": 1.177481, "longitude": 109.4812 }, "geometry": { "type": "Point", "coordinates": [ 109.4812, 1.177480600000024 ] } },
{ "type": "Feature", "properties": { "objectid": 362, "provinsi": "Sumatera Selatan", "nama_pabri": "PT Mitra Agrolika Sejahtera", "kapasitas": 45.0, "pot_pome": 1.233773, "pot_efb": 3.081786, "pot_fiber": 1.199333, "pot_shell": 2.212657, "jns_tek": "Biogas, Biomass Combustion", "alamat": " Muara Bahar", "kecamatan": "Bayung Lencir", "kab_kot": "Musi Banyuasin", "latitude": -1.962778, "longitude": 103.615472 }, "geometry": { "type": "Point", "coordinates": [ 103.615472200000056, -1.962777777999975 ] } },
{ "type": "Feature", "properties": { "objectid": 363, "provinsi": "Sumatera Utara", "nama_pabri": "PT Mitra Agung Sawita Sejati", "kapasitas": 43.75, "pot_pome": 1.199501, "pot_efb": 2.996181, "pot_fiber": 1.166018, "pot_shell": 2.151195, "jns_tek": "Biogas, Biomass Combustion", "alamat": " Huta I/Bandar Sakti/Bandar Tinggi", "kecamatan": " Bandar Masilam", "kab_kot": "Simalungun", "latitude": 3.296758, "longitude": 99.305861 }, "geometry": { "type": "Point", "coordinates": [ 99.30586111000008, 3.296758333000071 ] } },
{ "type": "Feature", "properties": { "objectid": 364, "provinsi": "Riau", "nama_pabri": "PT Mitra Agung Swadaya", "kapasitas": 30.0, "pot_pome": 0.822515, "pot_efb": 2.054524, "pot_fiber": 0.799555, "pot_shell": 1.475105, "jns_tek": "Biogas, Biomass Combustion", "alamat": " Sungai Golang", "kecamatan": "Kelayang", "kab_kot": "Indragiri Hulu", "latitude": -0.4946, "longitude": 102.066311 }, "geometry": { "type": "Point", "coordinates": [ 102.066311100000064, -0.4946 ] } },
{ "type": "Feature", "properties": { "objectid": 365, "provinsi": "Kalimantan Barat", "nama_pabri": "PT Mitra Andalan Sejahtera", "kapasitas": 30.0, "pot_pome": 0.822515, "pot_efb": 2.054524, "pot_fiber": 0.799555, "pot_shell": 1.475105, "jns_tek": "Biogas, Biomass Combustion", "alamat": " Wajok Hulu", "kecamatan": "Siantan", "kab_kot": "Pontianak", "latitude": 0.080056, "longitude": 109.277247 }, "geometry": { "type": "Point", "coordinates": [ 109.277247200000033, 0.080055600000037 ] } },
{ "type": "Feature", "properties": { "objectid": 366, "provinsi": "Kalimantan Barat", "nama_pabri": "PT Mitra Austral Sejahtera", "kapasitas": 30.0, "pot_pome": 0.822515, "pot_efb": 2.054524, "pot_fiber": 0.799555, "pot_shell": 1.475105, "jns_tek": "Biogas, Biomass Combustion", "alamat": " Modah/Rahayu", "kecamatan": "Parindu", "kab_kot": "Sanggau", "latitude": 0.358775, "longitude": 110.430703 }, "geometry": { "type": "Point", "coordinates": [ 110.430702800000063, 0.358775 ] } },
{ "type": "Feature", "properties": { "objectid": 367, "provinsi": "Kalimantan Barat", "nama_pabri": "PT Mitra Inti Sejati Plantation", "kapasitas": 60.0, "pot_pome": 1.64503, "pot_efb": 4.109049, "pot_fiber": 1.599111, "pot_shell": 2.95021, "jns_tek": "Biogas, Biomass Combustion", "alamat": " Danti", "kecamatan": "Sanggau Ledo", "kab_kot": "Bengkayang", "latitude": 1.167522, "longitude": 109.586086 }, "geometry": { "type": "Point", "coordinates": [ 109.586086, 1.167522 ] } },
{ "type": "Feature", "properties": { "objectid": 368, "provinsi": "Kalimantan Barat", "nama_pabri": "PT Mitra Karya Sentosa", "kapasitas": 60.0, "pot_pome": 1.64503, "pot_efb": 4.109049, "pot_fiber": 1.599111, "pot_shell": 2.95021, "jns_tek": "Biogas, Biomass Combustion", "alamat": " Kampar", "kecamatan": "Kampar Timur", "kab_kot": "Kampar", "latitude": 0.352899, "longitude": 101.120447 }, "geometry": { "type": "Point", "coordinates": [ 101.12044730000008, 0.352898800000048 ] } },
{ "type": "Feature", "properties": { "objectid": 369, "provinsi": "Kalimantan Tengah", "nama_pabri": "PT Mitra Mendawai Sejati", "kapasitas": 45.0, "pot_pome": 1.233773, "pot_efb": 3.081786, "pot_fiber": 1.199333, "pot_shell": 2.212657, "jns_tek": "Biogas, Biomass Combustion", "alamat": " Suayap", "kecamatan": "Arut Selatan", "kab_kot": "Kotawaringin Barat", "latitude": -2.265253, "longitude": 111.723078 }, "geometry": { "type": "Point", "coordinates": [ 111.723077800000056, -2.265252777999933 ] } },
{ "type": "Feature", "properties": { "objectid": 370, "provinsi": "Sumatera Selatan", "nama_pabri": "PT Mitra Ogan", "kapasitas": 60.0, "pot_pome": 1.64503, "pot_efb": 4.109049, "pot_fiber": 1.599111, "pot_shell": 2.95021, "jns_tek": "Biogas, Biomass Combustion", "alamat": " Karangdapo", "kecamatan": "Peninjauan", "kab_kot": "Ogan Komering Ulu", "latitude": -3.895492, "longitude": 104.355214 }, "geometry": { "type": "Point", "coordinates": [ 104.355213900000081, -3.89549169999998 ] } },
{ "type": "Feature", "properties": { "objectid": 371, "provinsi": "Bengkulu", "nama_pabri": "PT Mitra Puding Mas", "kapasitas": 60.0, "pot_pome": 1.64503, "pot_efb": 4.109049, "pot_fiber": 1.599111, "pot_shell": 2.95021, "jns_tek": "Biogas, Biomass Combustion", "alamat": " Talang Arah", "kecamatan": "Muko-muko Selatan", "kab_kot": "Bengkulu", "latitude": -3.133783, "longitude": 101.601628 }, "geometry": { "type": "Point", "coordinates": [ 101.601627800000074, -3.13378333299994 ] } },
{ "type": "Feature", "properties": { "objectid": 372, "provinsi": "Riau", "nama_pabri": "PT Mitra Unggul Pusaka", "kapasitas": 30.0, "pot_pome": 0.822515, "pot_efb": 2.054524, "pot_fiber": 0.799555, "pot_shell": 1.475105, "jns_tek": "Biogas, Biomass Combustion", "alamat": " Langkan", "kecamatan": "Langgam", "kab_kot": "Pelalawan", "latitude": 0.141389, "longitude": 101.646667 }, "geometry": { "type": "Point", "coordinates": [ 101.646666700000083, 0.141388889000041 ] } },
{ "type": "Feature", "properties": { "objectid": 373, "provinsi": "Riau", "nama_pabri": "PT Mitrasari Prima", "kapasitas": 60.0, "pot_pome": 1.64503, "pot_efb": 4.109049, "pot_fiber": 1.599111, "pot_shell": 2.95021, "jns_tek": "Biogas, Biomass Combustion", "alamat": " Segati", "kecamatan": "Langgam", "kab_kot": "Pelalawan", "latitude": 0.135969, "longitude": 101.703969 }, "geometry": { "type": "Point", "coordinates": [ 101.703969400000062, 0.135969400000022 ] } },
{ "type": "Feature", "properties": { "objectid": 374, "provinsi": "Kalimantan Timur", "nama_pabri": "PT Muara Toyu Subur Lestari", "kapasitas": 60.0, "pot_pome": 1.64503, "pot_efb": 4.109049, "pot_fiber": 1.599111, "pot_shell": 2.95021, "jns_tek": "Biogas, Biomass Combustion", "alamat": " Muaratoyu", "kecamatan": "Longkali", "kab_kot": "Paser", "latitude": -1.352222, "longitude": 116.382778 }, "geometry": { "type": "Point", "coordinates": [ 116.382777800000099, -1.352222221999966 ] } },
{ "type": "Feature", "properties": { "objectid": 375, "provinsi": "Bengkulu", "nama_pabri": "PT Muko-muko Indah Lestari", "kapasitas": 45.0, "pot_pome": 1.233773, "pot_efb": 3.081786, "pot_fiber": 1.199333, "pot_shell": 2.212657, "jns_tek": "Biogas, Biomass Combustion", "alamat": "lestari/", "kecamatan": "0", "kab_kot": "Mukomuko", "latitude": -2.677875, "longitude": 101.319822 }, "geometry": { "type": "Point", "coordinates": [ 101.319822200000033, -2.677875 ] } },
{ "type": "Feature", "properties": { "objectid": 376, "provinsi": "Kalimantan Tengah", "nama_pabri": "PT Mulia Agro Permai", "kapasitas": 60.0, "pot_pome": 1.64503, "pot_efb": 4.109049, "pot_fiber": 1.599111, "pot_shell": 2.95021, "jns_tek": "Biogas, Biomass Combustion", "alamat": " Pasir Putih", "kecamatan": "Telawang", "kab_kot": "Kotawaringin Timur", "latitude": -2.433609, "longitude": 112.754253 }, "geometry": { "type": "Point", "coordinates": [ 112.754252800000017, -2.43360888899997 ] } },
{ "type": "Feature", "properties": { "objectid": 377, "provinsi": "Kalimantan Timur", "nama_pabri": "PT Mulia Sawit Agro Lestari", "kapasitas": 60.0, "pot_pome": 1.64503, "pot_efb": 4.109049, "pot_fiber": 1.599111, "pot_shell": 2.95021, "jns_tek": "Biogas, Biomass Combustion", "alamat": " Bereng Jun", "kecamatan": "Manuhing", "kab_kot": "Gunung Mas", "latitude": -1.511944, "longitude": 113.4675 }, "geometry": { "type": "Point", "coordinates": [ 113.4675, -1.511944443999937 ] } },
{ "type": "Feature", "properties": { "objectid": 378, "provinsi": "Riau", "nama_pabri": "PT Multi Agri Sentosa", "kapasitas": 45.0, "pot_pome": 1.233773, "pot_efb": 3.081786, "pot_fiber": 1.199333, "pot_shell": 2.212657, "jns_tek": "Biogas, Biomass Combustion", "alamat": " Danau Lancang", "kecamatan": "Tapung Hulu", "kab_kot": "Kampar", "latitude": 0.772667, "longitude": 100.887389 }, "geometry": { "type": "Point", "coordinates": [ 100.887388900000076, 0.772666667000067 ] } },
{ "type": "Feature", "properties": { "objectid": 379, "provinsi": "Kalimantan Barat", "nama_pabri": "PT Multi Jaya Perkasa", "kapasitas": 30.0, "pot_pome": 0.822515, "pot_efb": 2.054524, "pot_fiber": 0.799555, "pot_shell": 1.475105, "jns_tek": "Biogas, Biomass Combustion", "alamat": " Sungai Ringin", "kecamatan": "Sekadau Hilir", "kab_kot": "Sekadau", "latitude": -0.040723, "longitude": 110.808049 }, "geometry": { "type": "Point", "coordinates": [ 110.808049, -0.040723 ] } },
{ "type": "Feature", "properties": { "objectid": 380, "provinsi": "Kalimantan Timur", "nama_pabri": "PT Multi Makmur Mitra Alam", "kapasitas": 90.0, "pot_pome": 2.467546, "pot_efb": 6.163573, "pot_fiber": 2.398666, "pot_shell": 4.425315, "jns_tek": "Biogas, Biomass Combustion", "alamat": " Petangis", "kecamatan": "Batu Engau", "kab_kot": "Paser", "latitude": -2.149639, "longitude": 116.082056 }, "geometry": { "type": "Point", "coordinates": [ 116.082055600000103, -2.149638888999959 ] } },
{ "type": "Feature", "properties": { "objectid": 381, "provinsi": "Kalimantan Timur", "nama_pabri": "PT Multi Pacific International", "kapasitas": 45.0, "pot_pome": 1.233773, "pot_efb": 3.081786, "pot_fiber": 1.199333, "pot_shell": 2.212657, "jns_tek": "Biogas, Biomass Combustion", "alamat": " Peridan", "kecamatan": "Sangkulirang", "kab_kot": "Kutai Timur", "latitude": 1.000711, "longitude": 117.767446 }, "geometry": { "type": "Point", "coordinates": [ 117.767445700000053, 1.000710800000036 ] } },
{ "type": "Feature", "properties": { "objectid": 382, "provinsi": "Riau", "nama_pabri": "PT Multi Palma Sejahtera", "kapasitas": 45.0, "pot_pome": 1.233773, "pot_efb": 3.081786, "pot_fiber": 1.199333, "pot_shell": 2.212657, "jns_tek": "Biogas, Biomass Combustion", "alamat": " Sekijang", "kecamatan": "Sei Sekijang", "kab_kot": "Pelalawan", "latitude": 0.414761, "longitude": 101.667002 }, "geometry": { "type": "Point", "coordinates": [ 101.667002400000058, 0.414761405000036 ] } },
{ "type": "Feature", "properties": { "objectid": 383, "provinsi": "Kalimantan Barat", "nama_pabri": "PT Multi Prima Entakai", "kapasitas": 60.0, "pot_pome": 1.64503, "pot_efb": 4.109049, "pot_fiber": 1.599111, "pot_shell": 2.95021, "jns_tek": "Biogas, Biomass Combustion", "alamat": " Semuntai", "kecamatan": "Mukok", "kab_kot": "Sanggau", "latitude": 0.061528, "longitude": 110.749139 }, "geometry": { "type": "Point", "coordinates": [ 110.749138900000048, 0.061527778000027 ] } },
{ "type": "Feature", "properties": { "objectid": 384, "provinsi": "Riau", "nama_pabri": "PT Multiguna Lestari Abadi", "kapasitas": 35.0, "pot_pome": 0.959601, "pot_efb": 2.396945, "pot_fiber": 0.932815, "pot_shell": 1.720956, "jns_tek": "Biogas, Biomass Combustion", "alamat": " Selensen", "kecamatan": "Kemuning", "kab_kot": "Indragiri Hilir", "latitude": -0.9594, "longitude": 102.74902 }, "geometry": { "type": "Point", "coordinates": [ 102.74902, -0.9594 ] } },
{ "type": "Feature", "properties": { "objectid": 385, "provinsi": "Sumatera Utara", "nama_pabri": "PT Multimas Nabati Asahan", "kapasitas": 60.0, "pot_pome": 1.64503, "pot_efb": 4.109049, "pot_fiber": 1.599111, "pot_shell": 2.95021, "jns_tek": "Biogas, Biomass Combustion", "alamat": " Kuala Tanjung", "kecamatan": "Sei Suka", "kab_kot": "BATU BARA", "latitude": 3.34328, "longitude": 99.4592 }, "geometry": { "type": "Point", "coordinates": [ 99.4592, 3.34328 ] } },
{ "type": "Feature", "properties": { "objectid": 386, "provinsi": "Kalimantan Tengah", "nama_pabri": "PT Multipersada Gatramegah", "kapasitas": 45.0, "pot_pome": 1.233773, "pot_efb": 3.081786, "pot_fiber": 1.199333, "pot_shell": 2.212657, "jns_tek": "Biogas, Biomass Combustion", "alamat": "Jl. Raya Muara Teweh - Puruk Cahu KM. 32/ Karamuan", "kecamatan": "Lahei", "kab_kot": "Barito Utara", "latitude": -0.770833, "longitude": 114.741222 }, "geometry": { "type": "Point", "coordinates": [ 114.741222200000038, -0.770833332999928 ] } },
{ "type": "Feature", "properties": { "objectid": 387, "provinsi": "Riau", "nama_pabri": "PT Murini Sam Sam", "kapasitas": 90.0, "pot_pome": 2.467546, "pot_efb": 6.163573, "pot_fiber": 2.398666, "pot_shell": 4.425315, "jns_tek": "Biogas, Biomass Combustion", "alamat": " Pangkalan Libut", "kecamatan": "Pinggir", "kab_kot": "Bengkalis", "latitude": 1.060278, "longitude": 101.239464 }, "geometry": { "type": "Point", "coordinates": [ 101.239464400000088, 1.060277778000057 ] } },
{ "type": "Feature", "properties": { "objectid": 388, "provinsi": "Riau", "nama_pabri": "PT Murini Sam Sam", "kapasitas": 60.0, "pot_pome": 1.64503, "pot_efb": 4.109049, "pot_fiber": 1.599111, "pot_shell": 2.95021, "jns_tek": "Biogas, Biomass Combustion", "alamat": "Jl. Dumai Sungai Pak NING KM 20/Pelintung", "kecamatan": " Kawasan Industri Dumai (K.I.D)", "kab_kot": "Dumai", "latitude": 1.600281, "longitude": 101.590937 }, "geometry": { "type": "Point", "coordinates": [ 101.590937, 1.600281 ] } },
{ "type": "Feature", "properties": { "objectid": 389, "provinsi": "Riau", "nama_pabri": "PT Muriniwood Indah Industri", "kapasitas": 45.0, "pot_pome": 1.233773, "pot_efb": 3.081786, "pot_fiber": 1.199333, "pot_shell": 2.212657, "jns_tek": "Biogas, Biomass Combustion", "alamat": " Bumbung dan Sebangar", "kecamatan": "Duri", "kab_kot": "Bengkalis", "latitude": 1.39225, "longitude": 101.301472 }, "geometry": { "type": "Point", "coordinates": [ 101.301472200000035, 1.39225 ] } },
{ "type": "Feature", "properties": { "objectid": 390, "provinsi": "Sumatera Selatan", "nama_pabri": "PT Musi Banyuasin Indah", "kapasitas": 60.0, "pot_pome": 1.64503, "pot_efb": 4.109049, "pot_fiber": 1.599111, "pot_shell": 2.95021, "jns_tek": "Biogas, Biomass Combustion", "alamat": " Talang Leban", "kecamatan": "Batang Hari Leko", "kab_kot": "Musi Banyuasin", "latitude": -2.626092, "longitude": 103.818155 }, "geometry": { "type": "Point", "coordinates": [ 103.818155, -2.626091666999969 ] } },
{ "type": "Feature", "properties": { "objectid": 391, "provinsi": "Riau", "nama_pabri": "PT Musim Mas Group", "kapasitas": 90.0, "pot_pome": 2.467546, "pot_efb": 6.163573, "pot_fiber": 2.398666, "pot_shell": 4.425315, "jns_tek": "Biogas, Biomass Combustion", "alamat": " Batang Kulim", "kecamatan": "Pangkalan Kuras", "kab_kot": "Pelalawan", "latitude": -0.077042, "longitude": 102.030838 }, "geometry": { "type": "Point", "coordinates": [ 102.030837800000086, -0.077041666999946 ] } },
{ "type": "Feature", "properties": { "objectid": 392, "provinsi": "Riau", "nama_pabri": "PT Musim Mas Group", "kapasitas": 60.0, "pot_pome": 1.64503, "pot_efb": 4.109049, "pot_fiber": 1.599111, "pot_shell": 2.95021, "jns_tek": "Biogas, Biomass Combustion", "alamat": "Kel. Pangkalan Lesung/Tanjung Beringin", "kecamatan": "Pangkalan Lesung", "kab_kot": "Pelalawan", "latitude": -0.05, "longitude": 102.075 }, "geometry": { "type": "Point", "coordinates": [ 102.075, -0.05 ] } },
{ "type": "Feature", "properties": { "objectid": 393, "provinsi": "Riau", "nama_pabri": "PT Musim Mas Group", "kapasitas": 35.0, "pot_pome": 0.959601, "pot_efb": 2.396945, "pot_fiber": 0.932815, "pot_shell": 1.720956, "jns_tek": "Biogas, Biomass Combustion", "alamat": "Kelurahan Pangkalan Lesung", "kecamatan": " Kecamatan Pangkalan Lesung", "kab_kot": "Pelalawan", "latitude": -0.05958, "longitude": 102.08085 }, "geometry": { "type": "Point", "coordinates": [ 102.08085, -0.05958 ] } },
{ "type": "Feature", "properties": { "objectid": 394, "provinsi": "Kalimantan Tengah", "nama_pabri": "PT Musirawas Citraharpindo", "kapasitas": 30.0, "pot_pome": 0.822515, "pot_efb": 2.054524, "pot_fiber": 0.799555, "pot_shell": 1.475105, "jns_tek": "Biogas, Biomass Combustion", "alamat": "Jalan Sampit - Pangkalan Bun Km. 120,  Asam Baru", "kecamatan": "Danau Seluluk", "kab_kot": "Seruyan", "latitude": -2.397528, "longitude": 112.222056 }, "geometry": { "type": "Point", "coordinates": [ 112.22205560000009, -2.397527777999926 ] } },
{ "type": "Feature", "properties": { "objectid": 395, "provinsi": "Riau", "nama_pabri": "PT Mustika Agro Sari", "kapasitas": 45.0, "pot_pome": 1.233773, "pot_efb": 3.081786, "pot_fiber": 1.199333, "pot_shell": 2.212657, "jns_tek": "Biogas, Biomass Combustion", "alamat": " Tanjung Pauh", "kecamatan": "Singingi Hilir", "kab_kot": "Kuantan Singingi", "latitude": -0.113392, "longitude": 101.291844 }, "geometry": { "type": "Point", "coordinates": [ 101.291844400000059, -0.113391666999973 ] } },
{ "type": "Feature", "properties": { "objectid": 396, "provinsi": "Riau", "nama_pabri": "PT Mustika Agung Sarana Sejahtera", "kapasitas": 30.0, "pot_pome": 0.822515, "pot_efb": 2.054524, "pot_fiber": 0.799555, "pot_shell": 1.475105, "jns_tek": "Biogas, Biomass Combustion", "alamat": " Balairaja", "kecamatan": "Pinggir", "kab_kot": "Rokan Hilir", "latitude": 1.20182, "longitude": 101.2141 }, "geometry": { "type": "Point", "coordinates": [ 101.2141, 1.20182 ] } },
{ "type": "Feature", "properties": { "objectid": 397, "provinsi": "Riau", "nama_pabri": "PT Mustika Agung Sawit", "kapasitas": 35.0, "pot_pome": 0.959601, "pot_efb": 2.396945, "pot_fiber": 0.932815, "pot_shell": 1.720956, "jns_tek": "Biogas, Biomass Combustion", "alamat": " Balairaja", "kecamatan": "Pinggir", "kab_kot": "Bengkalis", "latitude": 1.222708, "longitude": 101.242358 }, "geometry": { "type": "Point", "coordinates": [ 101.242358300000035, 1.222708300000022 ] } },
{ "type": "Feature", "properties": { "objectid": 398, "provinsi": "Sumatera Utara", "nama_pabri": "PT Mustika Sawit Inti Jaya", "kapasitas": 30.0, "pot_pome": 0.822515, "pot_efb": 2.054524, "pot_fiber": 0.799555, "pot_shell": 1.475105, "jns_tek": "Biogas, Biomass Combustion", "alamat": " Pematang Seleng", "kecamatan": "Bilah Hulu", "kab_kot": "Labuhan Batu", "latitude": 2.049533, "longitude": 99.996814 }, "geometry": { "type": "Point", "coordinates": [ 99.996813900000063, 2.049533300000064 ] } },
{ "type": "Feature", "properties": { "objectid": 399, "provinsi": "Kalimantan Tengah", "nama_pabri": "PT Mustika Sembuluh I", "kapasitas": 120.0, "pot_pome": 3.290061, "pot_efb": 8.218097, "pot_fiber": 3.198222, "pot_shell": 5.900419, "jns_tek": "Biogas, Biomass Combustion", "alamat": " Pondok Damar", "kecamatan": "Mentaya Hilir Utara", "kab_kot": "Kotawaringin", "latitude": -2.591111, "longitude": 112.5125 }, "geometry": { "type": "Point", "coordinates": [ 112.5125, -2.591111110999975 ] } },
{ "type": "Feature", "properties": { "objectid": 400, "provinsi": "Kalimantan Tengah", "nama_pabri": "PT Mustika Sembuluh II", "kapasitas": 90.0, "pot_pome": 2.467546, "pot_efb": 6.163573, "pot_fiber": 2.398666, "pot_shell": 4.425315, "jns_tek": "Biogas, Biomass Combustion", "alamat": " Sebabi", "kecamatan": "Telawang", "kab_kot": "Kotawaringin", "latitude": -2.457, "longitude": 112.501194 }, "geometry": { "type": "Point", "coordinates": [ 112.501194400000031, -2.457 ] } },
{ "type": "Feature", "properties": { "objectid": 401, "provinsi": "Sumatera Barat", "nama_pabri": "PT Mutiara Agam", "kapasitas": 30.0, "pot_pome": 0.822515, "pot_efb": 2.054524, "pot_fiber": 0.799555, "pot_shell": 1.475105, "jns_tek": "Biogas, Biomass Combustion", "alamat": " Tiku Limo Jorong", "kecamatan": "Tanjung Mutiara", "kab_kot": "Agam", "latitude": -0.317851, "longitude": 99.875855 }, "geometry": { "type": "Point", "coordinates": [ 99.875855470000033, -0.317851209999958 ] } },
{ "type": "Feature", "properties": { "objectid": 402, "provinsi": "Sumatera Selatan", "nama_pabri": "PT Mutiara Bunda Jaya", "kapasitas": 60.0, "pot_pome": 1.64503, "pot_efb": 4.109049, "pot_fiber": 1.599111, "pot_shell": 2.95021, "jns_tek": "Biogas, Biomass Combustion", "alamat": " Margo Bhakti", "kecamatan": "Mesuji", "kab_kot": "Ogan Komering Ilir", "latitude": -3.942594, "longitude": 105.110339 }, "geometry": { "type": "Point", "coordinates": [ 105.110338900000045, -3.942594443999951 ] } },
{ "type": "Feature", "properties": { "objectid": 403, "provinsi": "Aceh", "nama_pabri": "PT Nafasindo Ex Ubertraco", "kapasitas": 30.0, "pot_pome": 0.822515, "pot_efb": 2.054524, "pot_fiber": 0.799555, "pot_shell": 1.475105, "jns_tek": "Biogas, Biomass Combustion", "alamat": " Ladang Bisik", "kecamatan": "Kuta Baharu", "kab_kot": "Aceh Singkil", "latitude": 2.436622, "longitude": 97.906275 }, "geometry": { "type": "Point", "coordinates": [ 97.906275, 2.436622200000045 ] } },
{ "type": "Feature", "properties": { "objectid": 404, "provinsi": "Sumatera Utara", "nama_pabri": "PT Nauli Sawit", "kapasitas": 45.0, "pot_pome": 1.233773, "pot_efb": 3.081786, "pot_fiber": 1.199333, "pot_shell": 2.212657, "jns_tek": "Biogas, Biomass Combustion", "alamat": "Bajamas", "kecamatan": "Sirandorung", "kab_kot": "Tapanuli Tengah", "latitude": 2.084008, "longitude": 98.312261 }, "geometry": { "type": "Point", "coordinates": [ 98.312261100000057, 2.08400830000005 ] } },
{ "type": "Feature", "properties": { "objectid": 405, "provinsi": "Kalimantan Timur", "nama_pabri": "PT Niaga Mas Gemilang", "kapasitas": 30.0, "pot_pome": 0.822515, "pot_efb": 2.054524, "pot_fiber": 0.799555, "pot_shell": 1.475105, "jns_tek": "Biogas, Biomass Combustion", "alamat": " Sungai Payang", "kecamatan": "Loakulu", "kab_kot": "Kutai Kartanegara", "latitude": -0.592778, "longitude": 116.820803 }, "geometry": { "type": "Point", "coordinates": [ 116.820802800000024, -0.592777799999965 ] } },
{ "type": "Feature", "properties": { "objectid": 406, "provinsi": "Riau", "nama_pabri": "PT Nikmat Halona Reksa", "kapasitas": 45.0, "pot_pome": 1.233773, "pot_efb": 3.081786, "pot_fiber": 1.199333, "pot_shell": 2.212657, "jns_tek": "Biogas, Biomass Combustion", "alamat": " Siberida", "kecamatan": "Batanggangsal", "kab_kot": "Indragiri Hulu", "latitude": -0.732903, "longitude": 102.523383 }, "geometry": { "type": "Point", "coordinates": [ 102.523383300000035, -0.732902799999977 ] } },
{ "type": "Feature", "properties": { "objectid": 407, "provinsi": "Sumatera Utara", "nama_pabri": "PT Nubika Jaya", "kapasitas": 60.0, "pot_pome": 1.64503, "pot_efb": 4.109049, "pot_fiber": 1.599111, "pot_shell": 2.95021, "jns_tek": "Biogas, Biomass Combustion", "alamat": " Sisumut", "kecamatan": "Kota Pinang", "kab_kot": "Labuhan Batu Selatan", "latitude": 1.947494, "longitude": 100.097919 }, "geometry": { "type": "Point", "coordinates": [ 100.09791940000008, 1.947494444000029 ] } },
{ "type": "Feature", "properties": { "objectid": 408, "provinsi": "Kalimantan Utara", "nama_pabri": "PT Nunukan Jaya Lestari", "kapasitas": 60.0, "pot_pome": 1.64503, "pot_efb": 4.109049, "pot_fiber": 1.599111, "pot_shell": 2.95021, "jns_tek": "Biogas, Biomass Combustion", "alamat": " Tabur Lestari", "kecamatan": "Sei Menggaris", "kab_kot": "Nunukan", "latitude": 4.204427, "longitude": 117.252591 }, "geometry": { "type": "Point", "coordinates": [ 117.252591100000018, 4.204426921000049 ] } },
{ "type": "Feature", "properties": { "objectid": 409, "provinsi": "Kalimantan Utara", "nama_pabri": "PT Nunukan Sawit Mas", "kapasitas": 30.0, "pot_pome": 0.822515, "pot_efb": 2.054524, "pot_fiber": 0.799555, "pot_shell": 1.475105, "jns_tek": "Biogas, Biomass Combustion", "alamat": " Sei Sebuluan", "kecamatan": "Sembakung", "kab_kot": "Nunukan", "latitude": 3.82885, "longitude": 116.762408 }, "geometry": { "type": "Point", "coordinates": [ 116.762408300000061, 3.82885 ] } },
{ "type": "Feature", "properties": { "objectid": 410, "provinsi": "Aceh", "nama_pabri": "PT Padang Palma Permai", "kapasitas": 25.0, "pot_pome": 0.685429, "pot_efb": 1.712104, "pot_fiber": 0.666296, "pot_shell": 1.229254, "jns_tek": "Biogas, Biomass Combustion", "alamat": " Kebun Tanah Terban", "kecamatan": " Kecamatan Karang Baru", "kab_kot": "Aceh Tamiang", "latitude": 4.3056, "longitude": 98.026822 }, "geometry": { "type": "Point", "coordinates": [ 98.026822220000042, 4.3056 ] } },
{ "type": "Feature", "properties": { "objectid": 411, "provinsi": "Riau", "nama_pabri": "PT Padasa Enam Utama", "kapasitas": 90.0, "pot_pome": 2.467546, "pot_efb": 6.163573, "pot_fiber": 2.398666, "pot_shell": 4.425315, "jns_tek": "Biogas, Biomass Combustion", "alamat": " Aliantan", "kecamatan": "Kabun", "kab_kot": "Rokan Hulu", "latitude": 0.527044, "longitude": 100.779367 }, "geometry": { "type": "Point", "coordinates": [ 100.779366700000082, 0.527044400000023 ] } },
{ "type": "Feature", "properties": { "objectid": 412, "provinsi": "Riau", "nama_pabri": "PT Padasa Enam Utama", "kapasitas": 60.0, "pot_pome": 1.64503, "pot_efb": 4.109049, "pot_fiber": 1.599111, "pot_shell": 2.95021, "jns_tek": "Biogas, Biomass Combustion", "alamat": " Tandun", "kecamatan": "Tandun", "kab_kot": "Kampar", "latitude": 0.395289, "longitude": 100.61203 }, "geometry": { "type": "Point", "coordinates": [ 100.61203, 0.395289 ] } },
{ "type": "Feature", "properties": { "objectid": 413, "provinsi": "Sumatera Utara", "nama_pabri": "PT Padasa Enam Utama", "kapasitas": 60.0, "pot_pome": 1.64503, "pot_efb": 4.109049, "pot_fiber": 1.599111, "pot_shell": 2.95021, "jns_tek": "Biogas, Biomass Combustion", "alamat": "Jl. Lintas Sumatera/Perkebunan Teluk Dalam", "kecamatan": "Teluk Dalam", "kab_kot": "Asahan", "latitude": 2.852222, "longitude": 99.673389 }, "geometry": { "type": "Point", "coordinates": [ 99.673388890000069, 2.852222222000023 ] } },
{ "type": "Feature", "properties": { "objectid": 414, "provinsi": "Kalimantan Barat", "nama_pabri": "PT Palm Agro Makmur", "kapasitas": 45.0, "pot_pome": 1.233773, "pot_efb": 3.081786, "pot_fiber": 1.199333, "pot_shell": 2.212657, "jns_tek": "Biogas, Biomass Combustion", "alamat": " Lamoanak", "kecamatan": "Menjalin", "kab_kot": "Landak", "latitude": 0.402444, "longitude": 109.384264 }, "geometry": { "type": "Point", "coordinates": [ 109.384263900000064, 0.402444400000036 ] } },
{ "type": "Feature", "properties": { "objectid": 415, "provinsi": "Lampung", "nama_pabri": "PT Palm Lampung Persada", "kapasitas": 60.0, "pot_pome": 1.64503, "pot_efb": 4.109049, "pot_fiber": 1.599111, "pot_shell": 2.95021, "jns_tek": "Biogas, Biomass Combustion", "alamat": " Bumi Agung", "kecamatan": "Bumi Agung", "kab_kot": "Way Kanan", "latitude": -4.374546, "longitude": 104.599909 }, "geometry": { "type": "Point", "coordinates": [ 104.599909, -4.374546265999925 ] } },
{ "type": "Feature", "properties": { "objectid": 416, "provinsi": "Sumatera Selatan", "nama_pabri": "PT Palm Pro Micro Mill", "kapasitas": 10.0, "pot_pome": 0.274172, "pot_efb": 0.684841, "pot_fiber": 0.266518, "pot_shell": 0.491702, "jns_tek": "Biogas, Biomass Combustion", "alamat": " Tanjung Batu", "kecamatan": "Tanjung Batu", "kab_kot": "Ogan Komering Ilir", "latitude": -3.280761, "longitude": 105.197028 }, "geometry": { "type": "Point", "coordinates": [ 105.197028200000034, -3.280761 ] } },
{ "type": "Feature", "properties": { "objectid": 417, "provinsi": "Bengkulu", "nama_pabri": "PT Palma Mas Sejati", "kapasitas": 30.0, "pot_pome": 0.822515, "pot_efb": 2.054524, "pot_fiber": 0.799555, "pot_shell": 1.475105, "jns_tek": "Biogas, Biomass Combustion", "alamat": " Kembang Sari", "kecamatan": "Talang Empat", "kab_kot": "Bengkulu Tengah", "latitude": -3.776903, "longitude": 102.368367 }, "geometry": { "type": "Point", "coordinates": [ 102.368367, -3.776903 ] } },
{ "type": "Feature", "properties": { "objectid": 418, "provinsi": "Kalimantan Selatan", "nama_pabri": "PT Palmina Utama", "kapasitas": 60.0, "pot_pome": 1.64503, "pot_efb": 4.109049, "pot_fiber": 1.599111, "pot_shell": 2.95021, "jns_tek": "Biogas, Biomass Combustion", "alamat": " Banua Hanyar", "kecamatan": "Simpang Empat", "kab_kot": "Banjar", "latitude": -3.09975, "longitude": 114.868192 }, "geometry": { "type": "Point", "coordinates": [ 114.868191700000011, -3.09975 ] } },
{ "type": "Feature", "properties": { "objectid": 419, "provinsi": "Bangka-Belitung", "nama_pabri": "PT Palmindo Mitra Lestari", "kapasitas": 45.0, "pot_pome": 1.233773, "pot_efb": 3.081786, "pot_fiber": 1.199333, "pot_shell": 2.212657, "jns_tek": "Biogas, Biomass Combustion", "alamat": "Jl. Raya Muntok DS II  Puding Besar", "kecamatan": "Puding Besar", "kab_kot": "Bangka", "latitude": -1.989764, "longitude": 105.894577 }, "geometry": { "type": "Point", "coordinates": [ 105.894576900000061, -1.989763762999928 ] } },
{ "type": "Feature", "properties": { "objectid": 420, "provinsi": "Jambi", "nama_pabri": "PT Pamenang Mitra Sejati", "kapasitas": 45.0, "pot_pome": 1.233773, "pot_efb": 3.081786, "pot_fiber": 1.199333, "pot_shell": 2.212657, "jns_tek": "Biogas, Biomass Combustion", "alamat": " Tambang Emas", "kecamatan": "Pamenang", "kab_kot": "Merangin", "latitude": -2.205828, "longitude": 102.375022 }, "geometry": { "type": "Point", "coordinates": [ 102.375022200000046, -2.205827799999952 ] } },
{ "type": "Feature", "properties": { "objectid": 421, "provinsi": "Riau", "nama_pabri": "PT Panca Surya Agrindo", "kapasitas": 90.0, "pot_pome": 2.467546, "pot_efb": 6.163573, "pot_fiber": 2.398666, "pot_shell": 4.425315, "jns_tek": "Biogas, Biomass Combustion", "alamat": " Kepayang", "kecamatan": "Kepenuhan", "kab_kot": "Rokan Hulu", "latitude": 1.158333, "longitude": 100.510369 }, "geometry": { "type": "Point", "coordinates": [ 100.510369400000059, 1.15833333300003 ] } },
{ "type": "Feature", "properties": { "objectid": 422, "provinsi": "Riau", "nama_pabri": "PT Pangkalan Baru Indah", "kapasitas": 20.0, "pot_pome": 0.548343, "pot_efb": 1.369683, "pot_fiber": 0.533037, "pot_shell": 0.983403, "jns_tek": "Biogas, Biomass Combustion", "alamat": " Pangkalan Baru", "kecamatan": "Siak Hulu", "kab_kot": "Kampar", "latitude": 0.424381, "longitude": 101.589125 }, "geometry": { "type": "Point", "coordinates": [ 101.589125, 0.424380600000063 ] } },
{ "type": "Feature", "properties": { "objectid": 423, "provinsi": "Sumatera Utara", "nama_pabri": "PT Pangkatan Indonesia", "kapasitas": 40.0, "pot_pome": 1.096687, "pot_efb": 2.739366, "pot_fiber": 1.066074, "pot_shell": 1.966806, "jns_tek": "Biogas, Biomass Combustion", "alamat": " Sidorukun", "kecamatan": "Labuhan Batu", "kab_kot": "Labuhan Batu", "latitude": 2.101974, "longitude": 99.947901 }, "geometry": { "type": "Point", "coordinates": [ 99.947900760000039, 2.101974189000032 ] } },
{ "type": "Feature", "properties": { "objectid": 424, "provinsi": "Kalimantan Barat", "nama_pabri": "PT Paramitra Internusa Pratama", "kapasitas": 80.0, "pot_pome": 2.193374, "pot_efb": 5.478731, "pot_fiber": 2.132148, "pot_shell": 3.933613, "jns_tek": "Biogas, Biomass Combustion", "alamat": " Nanga Seberuang", "kecamatan": "Semitau", "kab_kot": "Kapuas Hulu", "latitude": 0.486498, "longitude": 111.844629 }, "geometry": { "type": "Point", "coordinates": [ 111.844628500000056, 0.486498012000027 ] } },
{ "type": "Feature", "properties": { "objectid": 425, "provinsi": "Aceh", "nama_pabri": "PT Parasawita", "kapasitas": 45.0, "pot_pome": 1.233773, "pot_efb": 3.081786, "pot_fiber": 1.199333, "pot_shell": 2.212657, "jns_tek": "Biogas, Biomass Combustion", "alamat": " Seruway", "kecamatan": "Seruway", "kab_kot": "Aceh Tamiang", "latitude": 4.35497, "longitude": 98.15225 }, "geometry": { "type": "Point", "coordinates": [ 98.15225, 4.35497 ] } },
{ "type": "Feature", "properties": { "objectid": 426, "provinsi": "Kalimantan Selatan", "nama_pabri": "PT Paripurna Swakarsa", "kapasitas": 60.0, "pot_pome": 1.64503, "pot_efb": 4.109049, "pot_fiber": 1.599111, "pot_shell": 2.95021, "jns_tek": "Biogas, Biomass Combustion", "alamat": " Pondok Labu", "kecamatan": "Pamukan Selatan", "kab_kot": "KotaBaru", "latitude": -2.475224, "longitude": 116.507179 }, "geometry": { "type": "Point", "coordinates": [ 116.50717920000011, -2.475223970999934 ] } },
{ "type": "Feature", "properties": { "objectid": 427, "provinsi": "Bangka-Belitung", "nama_pabri": "PT Parit Sembada", "kapasitas": 60.0, "pot_pome": 1.64503, "pot_efb": 4.109049, "pot_fiber": 1.599111, "pot_shell": 2.95021, "jns_tek": "Biogas, Biomass Combustion", "alamat": "Jalan Raya Tanjungpandan-Manggar,  Buding", "kecamatan": "Kelapa Kampit", "kab_kot": "Belitung Timur", "latitude": -2.740389, "longitude": 108.003222 }, "geometry": { "type": "Point", "coordinates": [ 108.003222200000039, -2.740388888999973 ] } },
{ "type": "Feature", "properties": { "objectid": 428, "provinsi": "Kalimantan Barat", "nama_pabri": "PT Parna Agromas", "kapasitas": 45.0, "pot_pome": 1.233773, "pot_efb": 3.081786, "pot_fiber": 1.199333, "pot_shell": 2.212657, "jns_tek": "Biogas, Biomass Combustion", "alamat": " Tapang Pulau", "kecamatan": " Belitang Hilir", "kab_kot": "Sekadau", "latitude": 0.211658, "longitude": 111.077054 }, "geometry": { "type": "Point", "coordinates": [ 111.077053500000034, 0.211657556000034 ] } },
{ "type": "Feature", "properties": { "objectid": 429, "provinsi": "Sumatera Barat", "nama_pabri": "PT Pasaman Marama Sejahtera", "kapasitas": 30.0, "pot_pome": 0.822515, "pot_efb": 2.054524, "pot_fiber": 0.799555, "pot_shell": 1.475105, "jns_tek": "Biogas, Biomass Combustion", "alamat": " Simpang Gadang", "kecamatan": "Sungai Aur", "kab_kot": "Pasaman Barat", "latitude": 0.364459, "longitude": 99.632045 }, "geometry": { "type": "Point", "coordinates": [ 99.632044950000079, 0.364458542000023 ] } },
{ "type": "Feature", "properties": { "objectid": 430, "provinsi": "Sulawesi Barat", "nama_pabri": "PT Pasang Kayu", "kapasitas": 60.0, "pot_pome": 1.64503, "pot_efb": 4.109049, "pot_fiber": 1.599111, "pot_shell": 2.95021, "jns_tek": "Biogas, Biomass Combustion", "alamat": " Gunung Sari", "kecamatan": "Pasang Kayu", "kab_kot": "Mamuju Utara", "latitude": -1.223472, "longitude": 119.471722 }, "geometry": { "type": "Point", "coordinates": [ 119.471722200000045, -1.223472221999941 ] } },
{ "type": "Feature", "properties": { "objectid": 431, "provinsi": "Kalimantan Barat", "nama_pabri": "PT Patiware", "kapasitas": 60.0, "pot_pome": 1.64503, "pot_efb": 4.109049, "pot_fiber": 1.599111, "pot_shell": 2.95021, "jns_tek": "Biogas, Biomass Combustion", "alamat": " Sungai Raya", "kecamatan": "Kepulauan Sungai Raya", "kab_kot": "Bengkayang", "latitude": 0.740717, "longitude": 108.941867 }, "geometry": { "type": "Point", "coordinates": [ 108.941867, 0.740717 ] } },
{ "type": "Feature", "properties": { "objectid": 432, "provinsi": "Riau", "nama_pabri": "PT Pelita Agung Agro Industri", "kapasitas": 60.0, "pot_pome": 1.64503, "pot_efb": 4.109049, "pot_fiber": 1.599111, "pot_shell": 2.95021, "jns_tek": "Biogas, Biomass Combustion", "alamat": " Bumbung", "kecamatan": "Mandau", "kab_kot": "Bengkalis", "latitude": 1.427451, "longitude": 101.188081 }, "geometry": { "type": "Point", "coordinates": [ 101.188080600000035, 1.427450900000053 ] } },
{ "type": "Feature", "properties": { "objectid": 433, "provinsi": "Kalimantan Barat", "nama_pabri": "PT Peniti Sungai Purun", "kapasitas": 60.0, "pot_pome": 1.64503, "pot_efb": 4.109049, "pot_fiber": 1.599111, "pot_shell": 2.95021, "jns_tek": "Biogas, Biomass Combustion", "alamat": "Jl. Raya Anjongan Km. 58/ Kepayang", "kecamatan": "Anjongan", "kab_kot": "Mempawah", "latitude": 0.298528, "longitude": 109.178583 }, "geometry": { "type": "Point", "coordinates": [ 109.178583300000071, 0.29852777800005 ] } },
{ "type": "Feature", "properties": { "objectid": 434, "provinsi": "Riau", "nama_pabri": "PT Peputra Masterindo", "kapasitas": 45.0, "pot_pome": 1.233773, "pot_efb": 3.081786, "pot_fiber": 1.199333, "pot_shell": 2.212657, "jns_tek": "Biogas, Biomass Combustion", "alamat": " Petapahan", "kecamatan": "Tapung", "kab_kot": "Kampar", "latitude": 0.591767, "longitude": 100.990775 }, "geometry": { "type": "Point", "coordinates": [ 100.990775, 0.591766700000051 ] } },
{ "type": "Feature", "properties": { "objectid": 435, "provinsi": "Riau", "nama_pabri": "PT Peputra Supra Jaya", "kapasitas": 45.0, "pot_pome": 1.233773, "pot_efb": 3.081786, "pot_fiber": 1.199333, "pot_shell": 2.212657, "jns_tek": "Biogas, Biomass Combustion", "alamat": " Lankan", "kecamatan": "Langgam", "kab_kot": "Pelalawan", "latitude": 0.15805, "longitude": 101.78104 }, "geometry": { "type": "Point", "coordinates": [ 101.78104, 0.15805 ] } },
{ "type": "Feature", "properties": { "objectid": 436, "provinsi": "Riau", "nama_pabri": "PT Perdana Inti Sawit", "kapasitas": 30.0, "pot_pome": 0.822515, "pot_efb": 2.054524, "pot_fiber": 0.799555, "pot_shell": 1.475105, "jns_tek": "Biogas, Biomass Combustion", "alamat": " Kepenuhan Barat Mulia", "kecamatan": "Kepenuhan", "kab_kot": "Rokan Hulu", "latitude": 1.140439, "longitude": 100.495186 }, "geometry": { "type": "Point", "coordinates": [ 100.495186100000069, 1.140438889000052 ] } },
{ "type": "Feature", "properties": { "objectid": 437, "provinsi": "Kalimantan Barat", "nama_pabri": "PT Perdana Sawit Plantation", "kapasitas": 60.0, "pot_pome": 1.64503, "pot_efb": 4.109049, "pot_fiber": 1.599111, "pot_shell": 2.95021, "jns_tek": "Biogas, Biomass Combustion", "alamat": " Tanjung Baung", "kecamatan": "Ketungau hilir", "kab_kot": "Sintang", "latitude": 0.321664, "longitude": 111.582631 }, "geometry": { "type": "Point", "coordinates": [ 111.582630600000073, 0.321663900000033 ] } },
{ "type": "Feature", "properties": { "objectid": 438, "provinsi": "Aceh", "nama_pabri": "PT Perkasa Subur Sakti", "kapasitas": 30.0, "pot_pome": 0.822515, "pot_efb": 2.054524, "pot_fiber": 0.799555, "pot_shell": 1.475105, "jns_tek": "Biogas, Biomass Combustion", "alamat": " Seuneubok Lapang", "kecamatan": "Peureulak Timur", "kab_kot": "Aceh Timur", "latitude": 4.725222, "longitude": 97.852056 }, "geometry": { "type": "Point", "coordinates": [ 97.852055560000053, 4.72522222200007 ] } },
{ "type": "Feature", "properties": { "objectid": 439, "provinsi": "Aceh", "nama_pabri": "PT Perkebunan Lembah Bhakti", "kapasitas": 45.0, "pot_pome": 1.233773, "pot_efb": 3.081786, "pot_fiber": 1.199333, "pot_shell": 2.212657, "jns_tek": "Biogas, Biomass Combustion", "alamat": " Pandan Sari", "kecamatan": "Gunung Meriah", "kab_kot": "Aceh Singkil", "latitude": 2.316211, "longitude": 97.996021 }, "geometry": { "type": "Point", "coordinates": [ 97.996020830000077, 2.316210969000053 ] } },
{ "type": "Feature", "properties": { "objectid": 440, "provinsi": "Sumatera Utara", "nama_pabri": "PT Perkebunan Milano", "kapasitas": 30.0, "pot_pome": 0.822515, "pot_efb": 2.054524, "pot_fiber": 0.799555, "pot_shell": 1.475105, "jns_tek": "Biogas, Biomass Combustion", "alamat": " Pinang", "kecamatan": "Torgamba", "kab_kot": "Labuhan Batu", "latitude": 1.961558, "longitude": 100.198336 }, "geometry": { "type": "Point", "coordinates": [ 100.198336100000063, 1.961558300000036 ] } },
{ "type": "Feature", "properties": { "objectid": 441, "provinsi": "Sumatera Barat", "nama_pabri": "PT Perkebunan Pelalu Raya", "kapasitas": 60.0, "pot_pome": 1.64503, "pot_efb": 4.109049, "pot_fiber": 1.599111, "pot_shell": 2.95021, "jns_tek": "Biogas, Biomass Combustion", "alamat": " Salareh ala", "kecamatan": "Palembayan", "kab_kot": "Agam", "latitude": -0.10138, "longitude": 100.048547 }, "geometry": { "type": "Point", "coordinates": [ 100.048546800000054, -0.101379790999943 ] } },
{ "type": "Feature", "properties": { "objectid": 442, "provinsi": "Kalimantan Barat", "nama_pabri": "PT Permata Hijau Sarana", "kapasitas": 45.0, "pot_pome": 1.233773, "pot_efb": 3.081786, "pot_fiber": 1.199333, "pot_shell": 2.212657, "jns_tek": "Biogas, Biomass Combustion", "alamat": " Seraras", "kecamatan": "Sekadau Hilir", "kab_kot": "Sekadau", "latitude": 0.044283, "longitude": 111.026541 }, "geometry": { "type": "Point", "coordinates": [ 111.026541, 0.044283 ] } },
{ "type": "Feature", "properties": { "objectid": 443, "provinsi": "Sumatera Utara", "nama_pabri": "PT Permata Hijau Sawit", "kapasitas": 60.0, "pot_pome": 1.64503, "pot_efb": 4.109049, "pot_fiber": 1.599111, "pot_shell": 2.95021, "jns_tek": "Biogas, Biomass Combustion", "alamat": " Mananti/Sosa", "kecamatan": "Huta Raja Tinggi", "kab_kot": "Padang Lawas", "latitude": 1.063417, "longitude": 100.071477 }, "geometry": { "type": "Point", "coordinates": [ 100.071477, 1.063417361000063 ] } },
{ "type": "Feature", "properties": { "objectid": 444, "provinsi": "Jambi", "nama_pabri": "PT Persada Harapan Kahuripan", "kapasitas": 60.0, "pot_pome": 1.64503, "pot_efb": 4.109049, "pot_fiber": 1.599111, "pot_shell": 2.95021, "jns_tek": "Biogas, Biomass Combustion", "alamat": " Teluk Rendah Ulu", "kecamatan": "Tebo Ilir", "kab_kot": "Tebo", "latitude": -1.596175, "longitude": 102.720673 }, "geometry": { "type": "Point", "coordinates": [ 102.720673, -1.596174734999977 ] } },
{ "type": "Feature", "properties": { "objectid": 445, "provinsi": "Kalimantan Selatan", "nama_pabri": "PT Pesonalintas Surasejati", "kapasitas": 45.0, "pot_pome": 1.233773, "pot_efb": 3.081786, "pot_fiber": 1.199333, "pot_shell": 2.212657, "jns_tek": "Biogas, Biomass Combustion", "alamat": " Sampanahan Hulu/Magalau Hilir", "kecamatan": "Sampanahan", "kab_kot": "Kotabaru", "latitude": -2.623006, "longitude": 116.156867 }, "geometry": { "type": "Point", "coordinates": [ 116.156866900000068, -2.62300593599997 ] } },
{ "type": "Feature", "properties": { "objectid": 446, "provinsi": "Jambi", "nama_pabri": "PT Petaling Mandraguna", "kapasitas": 30.0, "pot_pome": 0.822515, "pot_efb": 2.054524, "pot_fiber": 0.799555, "pot_shell": 1.475105, "jns_tek": "Biogas, Biomass Combustion", "alamat": " Danau Lamo", "kecamatan": "Maro Sebo", "kab_kot": "Muaro Jambi", "latitude": -1.446297, "longitude": 103.62723 }, "geometry": { "type": "Point", "coordinates": [ 103.62723, -1.446297 ] } },
{ "type": "Feature", "properties": { "objectid": 447, "provinsi": "Sumatera Selatan", "nama_pabri": "PT Pinago Utama Sugihwaras", "kapasitas": 120.0, "pot_pome": 3.290061, "pot_efb": 8.218097, "pot_fiber": 3.198222, "pot_shell": 5.900419, "jns_tek": "Biogas, Biomass Combustion", "alamat": " Sugiwaras", "kecamatan": "Babat Toman", "kab_kot": "Musi Banyuasin", "latitude": -2.738688, "longitude": 103.56737 }, "geometry": { "type": "Point", "coordinates": [ 103.56737, -2.738688055999944 ] } },
{ "type": "Feature", "properties": { "objectid": 448, "provinsi": "Sumatera Selatan", "nama_pabri": "PT Pinangwitmas Sejati", "kapasitas": 90.0, "pot_pome": 2.467546, "pot_efb": 6.163573, "pot_fiber": 2.398666, "pot_shell": 4.425315, "jns_tek": "Biogas, Biomass Combustion", "alamat": " Mangsang", "kecamatan": "Bayung Lincir", "kab_kot": "Musi Banyuasin", "latitude": -2.222778, "longitude": 104.174722 }, "geometry": { "type": "Point", "coordinates": [ 104.174722200000076, -2.222777777999966 ] } },
{ "type": "Feature", "properties": { "objectid": 449, "provinsi": "Kalimantan Utara", "nama_pabri": "PT Pipit Mutiara Indah", "kapasitas": 60.0, "pot_pome": 1.64503, "pot_efb": 4.109049, "pot_fiber": 1.599111, "pot_shell": 2.95021, "jns_tek": "Biogas, Biomass Combustion", "alamat": " Sekatak Buji", "kecamatan": "Sekatak", "kab_kot": "Bulungan", "latitude": 3.546389, "longitude": 117.293056 }, "geometry": { "type": "Point", "coordinates": [ 117.293055600000116, 3.54638888900007 ] } },
{ "type": "Feature", "properties": { "objectid": 450, "provinsi": "Kalimantan Selatan", "nama_pabri": "PT Pola Kahuripan Inti Sawit", "kapasitas": 30.0, "pot_pome": 0.822515, "pot_efb": 2.054524, "pot_fiber": 0.799555, "pot_shell": 1.475105, "jns_tek": "Biogas, Biomass Combustion", "alamat": " Kintapura", "kecamatan": "Kintap", "kab_kot": "Kotabaru", "latitude": -3.809641, "longitude": 115.17151 }, "geometry": { "type": "Point", "coordinates": [ 115.171509600000036, -3.809641099999965 ] } },
{ "type": "Feature", "properties": { "objectid": 451, "provinsi": "Kalimantan Barat", "nama_pabri": "PT Poliplant Sejahtera", "kapasitas": 60.0, "pot_pome": 1.64503, "pot_efb": 4.109049, "pot_fiber": 1.599111, "pot_shell": 2.95021, "jns_tek": "Biogas, Biomass Combustion", "alamat": " Siriham", "kecamatan": "Air Upas", "kab_kot": "Ketapang", "latitude": -1.291667, "longitude": 110.826389 }, "geometry": { "type": "Point", "coordinates": [ 110.82638890000004, -1.291666666999959 ] } },
{ "type": "Feature", "properties": { "objectid": 452, "provinsi": "Sumatera Utara", "nama_pabri": "PT PP London Sumatra Indonesia", "kapasitas": 45.0, "pot_pome": 1.233773, "pot_efb": 3.081786, "pot_fiber": 1.199333, "pot_shell": 2.212657, "jns_tek": "Biogas, Biomass Combustion", "alamat": " Bandar Telu", "kecamatan": "Salapian", "kab_kot": "Langkat", "latitude": 3.478056, "longitude": 98.268056 }, "geometry": { "type": "Point", "coordinates": [ 98.26805556000005, 3.478055556000072 ] } },
{ "type": "Feature", "properties": { "objectid": 453, "provinsi": "Sumatera Utara", "nama_pabri": "PT PP London Sumatra Indonesia", "kapasitas": 50.0, "pot_pome": 1.370859, "pot_efb": 3.424207, "pot_fiber": 1.332592, "pot_shell": 2.458508, "jns_tek": "Biogas, Biomass Combustion", "alamat": " Batu Lokong", "kecamatan": "Galang", "kab_kot": "Deli Serdang", "latitude": 3.459211, "longitude": 98.824345 }, "geometry": { "type": "Point", "coordinates": [ 98.824344910000036, 3.459210570000039 ] } },
{ "type": "Feature", "properties": { "objectid": 454, "provinsi": "Sumatera Selatan", "nama_pabri": "PT PP London Sumatra Indonesia", "kapasitas": 60.0, "pot_pome": 1.64503, "pot_efb": 4.109049, "pot_fiber": 1.599111, "pot_shell": 2.95021, "jns_tek": "Biogas, Biomass Combustion", "alamat": " Beringin Makmur II", "kecamatan": "Rawas Ilir", "kab_kot": "Musi Rawas", "latitude": -2.615564, "longitude": 103.145599 }, "geometry": { "type": "Point", "coordinates": [ 103.145598600000085, -2.615564443999972 ] } },
{ "type": "Feature", "properties": { "objectid": 455, "provinsi": "Sumatera Selatan", "nama_pabri": "PT PP London Sumatra Indonesia", "kapasitas": 20.0, "pot_pome": 0.548343, "pot_efb": 1.369683, "pot_fiber": 0.533037, "pot_shell": 0.983403, "jns_tek": "Biogas, Biomass Combustion", "alamat": " Cecar", "kecamatan": "Kikim Timur", "kab_kot": "Lahat", "latitude": -3.580939, "longitude": 103.406833 }, "geometry": { "type": "Point", "coordinates": [ 103.406833300000073, -3.580938888999981 ] } },
{ "type": "Feature", "properties": { "objectid": 456, "provinsi": "Sumatera Selatan", "nama_pabri": "PT PP London Sumatra Indonesia", "kapasitas": 20.0, "pot_pome": 0.548343, "pot_efb": 1.369683, "pot_fiber": 0.533037, "pot_shell": 0.983403, "jns_tek": "Biogas, Biomass Combustion", "alamat": " Mangsang", "kecamatan": "Bayung Lencir", "kab_kot": "Musi Banyuasin", "latitude": -2.186389, "longitude": 104.0325 }, "geometry": { "type": "Point", "coordinates": [ 104.0325, -2.186388888999943 ] } },
{ "type": "Feature", "properties": { "objectid": 457, "provinsi": "Sumatera Selatan", "nama_pabri": "PT PP London Sumatra Indonesia", "kapasitas": 60.0, "pot_pome": 1.64503, "pot_efb": 4.109049, "pot_fiber": 1.599111, "pot_shell": 2.95021, "jns_tek": "Biogas, Biomass Combustion", "alamat": " Marga Baru", "kecamatan": " Muaralakitan", "kab_kot": "Musi Rawas", "latitude": -2.83869, "longitude": 103.12808 }, "geometry": { "type": "Point", "coordinates": [ 103.12808, -2.83869 ] } },
{ "type": "Feature", "properties": { "objectid": 458, "provinsi": "Sumatera Utara", "nama_pabri": "PT PP London Sumatra Indonesia", "kapasitas": 30.0, "pot_pome": 0.822515, "pot_efb": 2.054524, "pot_fiber": 0.799555, "pot_shell": 1.475105, "jns_tek": "Biogas, Biomass Combustion", "alamat": " Palipi", "kecamatan": "0", "kab_kot": "Samosir", "latitude": 2.5412, "longitude": 98.822914 }, "geometry": { "type": "Point", "coordinates": [ 98.822913890000052, 2.5412 ] } },
{ "type": "Feature", "properties": { "objectid": 459, "provinsi": "Sumatera Utara", "nama_pabri": "PT PP London Sumatra Indonesia", "kapasitas": 30.0, "pot_pome": 0.822515, "pot_efb": 2.054524, "pot_fiber": 0.799555, "pot_shell": 1.475105, "jns_tek": "Biogas, Biomass Combustion", "alamat": " Perkebunan Dolok", "kecamatan": "Limapuluh", "kab_kot": "BATU BARA", "latitude": 3.164911, "longitude": 99.430328 }, "geometry": { "type": "Point", "coordinates": [ 99.430327780000084, 3.164911111000038 ] } },
{ "type": "Feature", "properties": { "objectid": 460, "provinsi": "Sumatera Utara", "nama_pabri": "PT PP London Sumatra Indonesia", "kapasitas": 30.0, "pot_pome": 0.822515, "pot_efb": 2.054524, "pot_fiber": 0.799555, "pot_shell": 1.475105, "jns_tek": "Biogas, Biomass Combustion", "alamat": " Perkebunan Gunung Malayu", "kecamatan": "Rahuning", "kab_kot": "Asahan", "latitude": 2.701032, "longitude": 99.573812 }, "geometry": { "type": "Point", "coordinates": [ 99.573812360000034, 2.701031897000064 ] } },
{ "type": "Feature", "properties": { "objectid": 461, "provinsi": "Kalimantan Timur", "nama_pabri": "PT PP London Sumatra Indonesia", "kapasitas": 45.0, "pot_pome": 1.233773, "pot_efb": 3.081786, "pot_fiber": 1.199333, "pot_shell": 2.212657, "jns_tek": "Biogas, Biomass Combustion", "alamat": " Tanjung Isuy", "kecamatan": "Jempang", "kab_kot": "Kutai Barat", "latitude": -0.598056, "longitude": 116.139722 }, "geometry": { "type": "Point", "coordinates": [ 116.139722200000051, -0.598055555999963 ] } },
{ "type": "Feature", "properties": { "objectid": 462, "provinsi": "Sumatera Selatan", "nama_pabri": "PT PP London Sumatra Indonesia", "kapasitas": 10.0, "pot_pome": 0.274172, "pot_efb": 0.684841, "pot_fiber": 0.266518, "pot_shell": 0.491702, "jns_tek": "Biogas, Biomass Combustion", "alamat": " Terawas", "kecamatan": "Suku Tengah Lakitan Ulu", "kab_kot": "Musi Rawas", "latitude": -2.833699, "longitude": 103.12595 }, "geometry": { "type": "Point", "coordinates": [ 103.125950200000034, -2.833699 ] } },
{ "type": "Feature", "properties": { "objectid": 463, "provinsi": "Aceh", "nama_pabri": "PT PP Pati Sari", "kapasitas": 30.0, "pot_pome": 0.822515, "pot_efb": 2.054524, "pot_fiber": 0.799555, "pot_shell": 1.475105, "jns_tek": "Biogas, Biomass Combustion", "alamat": " Selamat Kec. Tenggulun", "kecamatan": " ", "kab_kot": "Aceh Tamiang", "latitude": 4.08625, "longitude": 97.962333 }, "geometry": { "type": "Point", "coordinates": [ 97.962333330000035, 4.08625 ] } },
{ "type": "Feature", "properties": { "objectid": 464, "provinsi": "Kalimantan Timur", "nama_pabri": "PT Prima Mitrajaya Mandiri", "kapasitas": 60.0, "pot_pome": 1.64503, "pot_efb": 4.109049, "pot_fiber": 1.599111, "pot_shell": 2.95021, "jns_tek": "Biogas, Biomass Combustion", "alamat": " Benua Puhun", "kecamatan": "Muara Kaman", "kab_kot": "Kutai Kartanegara", "latitude": -0.295789, "longitude": 116.761014 }, "geometry": { "type": "Point", "coordinates": [ 116.76101390000008, -0.295788888999937 ] } },
{ "type": "Feature", "properties": { "objectid": 465, "provinsi": "Sumatera Utara", "nama_pabri": "PT Prima Sauhur Lestari", "kapasitas": 30.0, "pot_pome": 0.822515, "pot_efb": 2.054524, "pot_fiber": 0.799555, "pot_shell": 1.475105, "jns_tek": "Biogas, Biomass Combustion", "alamat": " Dolok Sinumbah", "kecamatan": "Hutabayu Raja", "kab_kot": "Simalungun", "latitude": 3.081533, "longitude": 99.303061 }, "geometry": { "type": "Point", "coordinates": [ 99.303061110000044, 3.081533333000039 ] } },
{ "type": "Feature", "properties": { "objectid": 466, "provinsi": "Jambi", "nama_pabri": "PT Produk Sawitindo Jambi", "kapasitas": 45.0, "pot_pome": 1.233773, "pot_efb": 3.081786, "pot_fiber": 1.199333, "pot_shell": 2.212657, "jns_tek": "Biogas, Biomass Combustion", "alamat": " Pelabuhan Dagang", "kecamatan": "Tungkal Ulu", "kab_kot": "Tanjung Jabung Barat", "latitude": -1.134839, "longitude": 103.070022 }, "geometry": { "type": "Point", "coordinates": [ 103.070022200000039, -1.134838899999977 ] } },
{ "type": "Feature", "properties": { "objectid": 467, "provinsi": "Sumatera Selatan", "nama_pabri": "PT Pulau Hijau Asri", "kapasitas": 5.0, "pot_pome": 0.137086, "pot_efb": 0.342421, "pot_fiber": 0.133259, "pot_shell": 0.245851, "jns_tek": "Biogas, Biomass Combustion", "alamat": " Talang Betutu", "kecamatan": "Sukarami", "kab_kot": "Palembang", "latitude": -2.885353, "longitude": 104.687917 }, "geometry": { "type": "Point", "coordinates": [ 104.687916700000073, -2.885352799999964 ] } },
{ "type": "Feature", "properties": { "objectid": 468, "provinsi": "Aceh", "nama_pabri": "PT Surya Mata le", "kapasitas": 13.642, "pot_pome": 0.374025, "pot_efb": 0.934261, "pot_fiber": 0.363585, "pot_shell": 0.670779, "jns_tek": "Biogas, Biomass Combustion", "alamat": " Upah", "kecamatan": "Bendahara", "kab_kot": "Aceh Timur", "latitude": 4.355497, "longitude": 98.108075 }, "geometry": { "type": "Point", "coordinates": [ 98.108074890000069, 4.355496820000042 ] } },
{ "type": "Feature", "properties": { "objectid": 469, "provinsi": "Kalimantan Barat", "nama_pabri": "PT Pundi Lahan Khatulistiwa", "kapasitas": 30.0, "pot_pome": 0.822515, "pot_efb": 2.054524, "pot_fiber": 0.799555, "pot_shell": 1.475105, "jns_tek": "Biogas, Biomass Combustion", "alamat": " Korek", "kecamatan": "Sungai Ambawang", "kab_kot": "Kubu Raya", "latitude": -0.02075, "longitude": 109.5462 }, "geometry": { "type": "Point", "coordinates": [ 109.5462, -0.02075 ] } },
{ "type": "Feature", "properties": { "objectid": 470, "provinsi": "Papua", "nama_pabri": "PT Pusaka Agro Lestari", "kapasitas": 60.0, "pot_pome": 1.64503, "pot_efb": 4.109049, "pot_fiber": 1.599111, "pot_shell": 2.95021, "jns_tek": "Biogas, Biomass Combustion", "alamat": " Kiyura", "kecamatan": "Mimika Barat", "kab_kot": "Mimika", "latitude": -4.582036, "longitude": 136.429703 }, "geometry": { "type": "Point", "coordinates": [ 136.429702800000086, -4.582036099999925 ] } },
{ "type": "Feature", "properties": { "objectid": 471, "provinsi": "Bangka-Belitung", "nama_pabri": "PT Putra Bangka Mandiri", "kapasitas": 80.0, "pot_pome": 2.193374, "pot_efb": 5.478731, "pot_fiber": 2.132148, "pot_shell": 3.933613, "jns_tek": "Biogas, Biomass Combustion", "alamat": " Cengkong Abang", "kecamatan": "Mendo Barat", "kab_kot": "Bangka Tengah", "latitude": -2.167539, "longitude": 106.006083 }, "geometry": { "type": "Point", "coordinates": [ 106.006083, -2.167539 ] } },
{ "type": "Feature", "properties": { "objectid": 472, "provinsi": "Riau", "nama_pabri": "PT Putra Kerintang Sawit", "kapasitas": 30.0, "pot_pome": 0.822515, "pot_efb": 2.054524, "pot_fiber": 0.799555, "pot_shell": 1.475105, "jns_tek": "Biogas, Biomass Combustion", "alamat": " Keritang Hulu", "kecamatan": "Kemuning", "kab_kot": "Indragiri Hilir", "latitude": -0.872997, "longitude": 102.660515 }, "geometry": { "type": "Point", "coordinates": [ 102.660515, -0.872997 ] } },
{ "type": "Feature", "properties": { "objectid": 473, "provinsi": "Jambi", "nama_pabri": "PT Raihan Aditya Pratama", "kapasitas": 30.0, "pot_pome": 0.822515, "pot_efb": 2.054524, "pot_fiber": 0.799555, "pot_shell": 1.475105, "jns_tek": "Biogas, Biomass Combustion", "alamat": " Nalo Baru", "kecamatan": "Nalo Tantan", "kab_kot": "Merangin", "latitude": -2.030672, "longitude": 102.060428 }, "geometry": { "type": "Point", "coordinates": [ 102.06042780000007, -2.03067219999997 ] } },
{ "type": "Feature", "properties": { "objectid": 474, "provinsi": "Aceh", "nama_pabri": "PT Raja Marga", "kapasitas": 10.0, "pot_pome": 0.274172, "pot_efb": 0.684841, "pot_fiber": 0.266518, "pot_shell": 0.491702, "jns_tek": "Biogas, Biomass Combustion", "alamat": " Alue Rambut", "kecamatan": "Darul Makmur", "kab_kot": "Nagan Raya", "latitude": 3.9866, "longitude": 96.6275 }, "geometry": { "type": "Point", "coordinates": [ 96.6275, 3.9866 ] } },
{ "type": "Feature", "properties": { "objectid": 475, "provinsi": "Kalimantan Barat", "nama_pabri": "PT Rajawali Jaya Perkasa", "kapasitas": 60.0, "pot_pome": 1.64503, "pot_efb": 4.109049, "pot_fiber": 1.599111, "pot_shell": 2.95021, "jns_tek": "Biogas, Biomass Combustion", "alamat": " Teluk Binjai/Sungai Bulan", "kecamatan": "Sungai Raya", "kab_kot": "Kubu Raya", "latitude": -0.326772, "longitude": 109.4854 }, "geometry": { "type": "Point", "coordinates": [ 109.4854, -0.326772199999937 ] } },
{ "type": "Feature", "properties": { "objectid": 476, "provinsi": "Riau", "nama_pabri": "PT Ramajaya Pramukti", "kapasitas": 60.0, "pot_pome": 1.64503, "pot_efb": 4.109049, "pot_fiber": 1.599111, "pot_shell": 2.95021, "jns_tek": "Biogas, Biomass Combustion", "alamat": " Petapahan", "kecamatan": "Tapung", "kab_kot": "Kampar", "latitude": 0.533494, "longitude": 101.076381 }, "geometry": { "type": "Point", "coordinates": [ 101.07638060000005, 0.533494444000041 ] } },
{ "type": "Feature", "properties": { "objectid": 477, "provinsi": "Kalimantan Barat", "nama_pabri": "PT Rana Wastu Kencana", "kapasitas": 60.0, "pot_pome": 1.64503, "pot_efb": 4.109049, "pot_fiber": 1.599111, "pot_shell": 2.95021, "jns_tek": "Biogas, Biomass Combustion", "alamat": " Maribas", "kecamatan": "Tebas", "kab_kot": "Sambas", "latitude": 1.145883, "longitude": 109.318333 }, "geometry": { "type": "Point", "coordinates": [ 109.318333, 1.145883 ] } },
{ "type": "Feature", "properties": { "objectid": 478, "provinsi": "Sumatera Utara", "nama_pabri": "PT Raya Padang Langkat", "kapasitas": 30.0, "pot_pome": 0.822515, "pot_efb": 2.054524, "pot_fiber": 0.799555, "pot_shell": 1.475105, "jns_tek": "Biogas, Biomass Combustion", "alamat": " Padang Langkat", "kecamatan": "Gebang", "kab_kot": "Langkat", "latitude": 3.946056, "longitude": 98.333333 }, "geometry": { "type": "Point", "coordinates": [ 98.333333330000073, 3.946055556000033 ] } },
{ "type": "Feature", "properties": { "objectid": 479, "provinsi": "Kalimantan Timur", "nama_pabri": "PT REA Kaltim Plantation", "kapasitas": 90.0, "pot_pome": 2.467546, "pot_efb": 6.163573, "pot_fiber": 2.398666, "pot_shell": 4.425315, "jns_tek": "Biogas, Biomass Combustion", "alamat": " Kelekat", "kecamatan": "Kembang Janggut", "kab_kot": "Kutai Kartanegara", "latitude": 0.265478, "longitude": 116.266706 }, "geometry": { "type": "Point", "coordinates": [ 116.266705600000023, 0.265477800000042 ] } },
{ "type": "Feature", "properties": { "objectid": 480, "provinsi": "Kalimantan Timur", "nama_pabri": "PT REA Kaltim Plantation", "kapasitas": 80.0, "pot_pome": 2.193374, "pot_efb": 5.478731, "pot_fiber": 2.132148, "pot_shell": 3.933613, "jns_tek": "Biogas, Biomass Combustion", "alamat": " Pulau Pinang", "kecamatan": "Kembang Janggut", "kab_kot": "Kutai Kartanegara", "latitude": 0.2575, "longitude": 116.150139 }, "geometry": { "type": "Point", "coordinates": [ 116.150138900000115, 0.2575 ] } },
{ "type": "Feature", "properties": { "objectid": 481, "provinsi": "Bangka-Belitung", "nama_pabri": "PT Rebin Mas Jaya", "kapasitas": 45.0, "pot_pome": 1.233773, "pot_efb": 3.081786, "pot_fiber": 1.199333, "pot_shell": 2.212657, "jns_tek": "Biogas, Biomass Combustion", "alamat": " Air Batu Buding", "kecamatan": "Badau", "kab_kot": "Belitung Barat", "latitude": -2.733826, "longitude": 107.901684 }, "geometry": { "type": "Point", "coordinates": [ 107.901684, -2.733826143999977 ] } },
{ "type": "Feature", "properties": { "objectid": 482, "provinsi": "Kalimantan Barat", "nama_pabri": "PT Rezeki Kencana", "kapasitas": 30.0, "pot_pome": 0.822515, "pot_efb": 2.054524, "pot_fiber": 0.799555, "pot_shell": 1.475105, "jns_tek": "Biogas, Biomass Combustion", "alamat": " Jangkang", "kecamatan": "Dendang", "kab_kot": "Kubu Raya", "latitude": -0.267817, "longitude": 109.250605 }, "geometry": { "type": "Point", "coordinates": [ 109.25060540000004, -0.267817 ] } },
{ "type": "Feature", "properties": { "objectid": 483, "provinsi": "Riau", "nama_pabri": "PT Riau Agri", "kapasitas": 60.0, "pot_pome": 1.64503, "pot_efb": 4.109049, "pot_fiber": 1.599111, "pot_shell": 2.95021, "jns_tek": "Biogas, Biomass Combustion", "alamat": " Pengalihan", "kecamatan": "Keritang", "kab_kot": "Indragiri Hilir", "latitude": -0.641708, "longitude": 102.79475 }, "geometry": { "type": "Point", "coordinates": [ 102.79475, -0.641708299999948 ] } },
{ "type": "Feature", "properties": { "objectid": 484, "provinsi": "Kalimantan Barat", "nama_pabri": "PT Riau Agrotama Plantation", "kapasitas": 30.0, "pot_pome": 0.822515, "pot_efb": 2.054524, "pot_fiber": 0.799555, "pot_shell": 1.475105, "jns_tek": "Biogas, Biomass Combustion", "alamat": " Baru", "kecamatan": "Silat Hilir", "kab_kot": "Kapuas Hulu", "latitude": 0.341492, "longitude": 111.814064 }, "geometry": { "type": "Point", "coordinates": [ 111.814063900000065, 0.341491700000063 ] } },
{ "type": "Feature", "properties": { "objectid": 485, "provinsi": "Kalimantan Barat", "nama_pabri": "PT Riau Agrotama Plantation", "kapasitas": 30.0, "pot_pome": 0.822515, "pot_efb": 2.054524, "pot_fiber": 0.799555, "pot_shell": 1.475105, "jns_tek": "Biogas, Biomass Combustion", "alamat": " Mukok", "kecamatan": " Sanggau", "kab_kot": "Sanggau", "latitude": 0.115, "longitude": 110.758611 }, "geometry": { "type": "Point", "coordinates": [ 110.758611, 0.115 ] } },
{ "type": "Feature", "properties": { "objectid": 486, "provinsi": "Riau", "nama_pabri": "PT Riau Kampar Sahabat Sejati", "kapasitas": 45.0, "pot_pome": 1.233773, "pot_efb": 3.081786, "pot_fiber": 1.199333, "pot_shell": 2.212657, "jns_tek": "Biogas, Biomass Combustion", "alamat": " Sukaramai", "kecamatan": "Tapung Hulu", "kab_kot": "Kampar", "latitude": 0.6573, "longitude": 100.89638 }, "geometry": { "type": "Point", "coordinates": [ 100.89638, 0.6573 ] } },
{ "type": "Feature", "properties": { "objectid": 487, "provinsi": "Riau", "nama_pabri": "PT Rigunas Agri Utama", "kapasitas": 45.0, "pot_pome": 1.233773, "pot_efb": 3.081786, "pot_fiber": 1.199333, "pot_shell": 2.212657, "jns_tek": "Biogas, Biomass Combustion", "alamat": " Simelinang", "kecamatan": "Peranap", "kab_kot": "Indragiri Hulu", "latitude": -0.584722, "longitude": 102.019444 }, "geometry": { "type": "Point", "coordinates": [ 102.019444400000054, -0.584722221999925 ] } },
{ "type": "Feature", "properties": { "objectid": 488, "provinsi": "Jambi", "nama_pabri": "PT Rigunas Agri Utama", "kapasitas": 30.0, "pot_pome": 0.822515, "pot_efb": 2.054524, "pot_fiber": 0.799555, "pot_shell": 1.475105, "jns_tek": "Biogas, Biomass Combustion", "alamat": " Tuo Sumay", "kecamatan": "PWK Sumay", "kab_kot": "Tebo", "latitude": -1.346667, "longitude": 102.456111 }, "geometry": { "type": "Point", "coordinates": [ 102.456111100000044, -1.346666666999965 ] } },
{ "type": "Feature", "properties": { "objectid": 489, "provinsi": "Kalimantan Tengah", "nama_pabri": "PT Rimba Harapan Sakti", "kapasitas": 45.0, "pot_pome": 1.233773, "pot_efb": 3.081786, "pot_fiber": 1.199333, "pot_shell": 2.212657, "jns_tek": "Biogas, Biomass Combustion", "alamat": " Pematang Limau", "kecamatan": "Seruyan Hilir", "kab_kot": "Seruyan", "latitude": -2.835778, "longitude": 112.572286 }, "geometry": { "type": "Point", "coordinates": [ 112.572286100000042, -2.835777777999965 ] } },
{ "type": "Feature", "properties": { "objectid": 490, "provinsi": "Sumatera Utara", "nama_pabri": "PT Rimba Mujur Mahkota", "kapasitas": 45.0, "pot_pome": 1.233773, "pot_efb": 3.081786, "pot_fiber": 1.199333, "pot_shell": 2.212657, "jns_tek": "Biogas, Biomass Combustion", "alamat": " Sikarakara", "kecamatan": "Natal", "kab_kot": "Mandailing Natal", "latitude": 0.672056, "longitude": 99.092 }, "geometry": { "type": "Point", "coordinates": [ 99.092, 0.672055556000032 ] } },
{ "type": "Feature", "properties": { "objectid": 491, "provinsi": "Riau", "nama_pabri": "PT Rohul Sawit Industri", "kapasitas": 45.0, "pot_pome": 1.233773, "pot_efb": 3.081786, "pot_fiber": 1.199333, "pot_shell": 2.212657, "jns_tek": "Biogas, Biomass Combustion", "alamat": " Sukadamai", "kecamatan": "Ujung Batu", "kab_kot": "Rokan Hulu", "latitude": 0.681388, "longitude": 100.528209 }, "geometry": { "type": "Point", "coordinates": [ 100.528209, 0.681388053000035 ] } },
{ "type": "Feature", "properties": { "objectid": 492, "provinsi": "Jambi", "nama_pabri": "PT Rudy Agung Laksana", "kapasitas": 60.0, "pot_pome": 1.64503, "pot_efb": 4.109049, "pot_fiber": 1.599111, "pot_shell": 2.95021, "jns_tek": "Biogas, Biomass Combustion", "alamat": " Taman Raja", "kecamatan": "Tungkal Ulu", "kab_kot": "Tanjung Jabung Barat", "latitude": -1.083008, "longitude": 103.007752 }, "geometry": { "type": "Point", "coordinates": [ 103.007752, -1.083008 ] } },
{ "type": "Feature", "properties": { "objectid": 493, "provinsi": "Aceh", "nama_pabri": "PT Runding Putra Persada", "kapasitas": 30.0, "pot_pome": 0.822515, "pot_efb": 2.054524, "pot_fiber": 0.799555, "pot_shell": 1.475105, "jns_tek": "Biogas, Biomass Combustion", "alamat": " Lae Pinang", "kecamatan": "Singkohor", "kab_kot": "Subussalam", "latitude": 2.461706, "longitude": 97.937803 }, "geometry": { "type": "Point", "coordinates": [ 97.93780305000007, 2.461705865000056 ] } },
{ "type": "Feature", "properties": { "objectid": 494, "provinsi": "Kalimantan Barat", "nama_pabri": "PT Saban Sawit Subur", "kapasitas": 45.0, "pot_pome": 1.233773, "pot_efb": 3.081786, "pot_fiber": 1.199333, "pot_shell": 2.212657, "jns_tek": "Biogas, Biomass Combustion", "alamat": " lalang/Tayan Hilir", "kecamatan": " Sanggau", "kab_kot": "Sanggau", "latitude": -0.034275, "longitude": 110.0684 }, "geometry": { "type": "Point", "coordinates": [ 110.0684, -0.034275 ] } },
{ "type": "Feature", "properties": { "objectid": 495, "provinsi": "Kalimantan Tengah", "nama_pabri": "PT Sabut Mas Abadi", "kapasitas": 30.0, "pot_pome": 0.822515, "pot_efb": 2.054524, "pot_fiber": 0.799555, "pot_shell": 1.475105, "jns_tek": "Biogas, Biomass Combustion", "alamat": " Medang Sari", "kecamatan": "Arut Selatan", "kab_kot": "Kotawaringin Barat", "latitude": -2.543056, "longitude": 111.669367 }, "geometry": { "type": "Point", "coordinates": [ 111.669366700000069, -2.543055599999946 ] } },
{ "type": "Feature", "properties": { "objectid": 496, "provinsi": "Sumatera Utara", "nama_pabri": "PT Sago Nauli", "kapasitas": 30.0, "pot_pome": 0.822515, "pot_efb": 2.054524, "pot_fiber": 0.799555, "pot_shell": 1.475105, "jns_tek": "Biogas, Biomass Combustion", "alamat": " Sinunukan", "kecamatan": "Batahan", "kab_kot": "Mandailing Natal", "latitude": 0.468969, "longitude": 99.224428 }, "geometry": { "type": "Point", "coordinates": [ 99.224427800000058, 0.468969400000049 ] } },
{ "type": "Feature", "properties": { "objectid": 497, "provinsi": "Bangka-Belitung", "nama_pabri": "PT Sahabat Mewah Makmur", "kapasitas": 60.0, "pot_pome": 1.64503, "pot_efb": 4.109049, "pot_fiber": 1.599111, "pot_shell": 2.95021, "jns_tek": "Biogas, Biomass Combustion", "alamat": " Jangkang", "kecamatan": "Dendang", "kab_kot": "Belitung Timur", "latitude": -2.998494, "longitude": 107.87616 }, "geometry": { "type": "Point", "coordinates": [ 107.87616, -2.998494 ] } },
{ "type": "Feature", "properties": { "objectid": 498, "provinsi": "Kalimantan Timur", "nama_pabri": "PT Sahabat Sawit Sejahtera", "kapasitas": 60.0, "pot_pome": 1.64503, "pot_efb": 4.109049, "pot_fiber": 1.599111, "pot_shell": 2.95021, "jns_tek": "Biogas, Biomass Combustion", "alamat": " Sekiet Long Kali", "kecamatan": "Mendik", "kab_kot": "Paser", "latitude": -1.519849, "longitude": 116.316061 }, "geometry": { "type": "Point", "coordinates": [ 116.316060700000094, -1.519849 ] } },
{ "type": "Feature", "properties": { "objectid": 499, "provinsi": "Kalimantan Selatan", "nama_pabri": "PT Sajang Heulang", "kapasitas": 15.0, "pot_pome": 0.411258, "pot_efb": 1.027262, "pot_fiber": 0.399778, "pot_shell": 0.737552, "jns_tek": "Biogas, Biomass Combustion", "alamat": " Banjar Sari", "kecamatan": "Angsana", "kab_kot": "Tanah Bumbu", "latitude": -3.672594, "longitude": 115.622997 }, "geometry": { "type": "Point", "coordinates": [ 115.6229972000001, -3.672594443999969 ] } },
{ "type": "Feature", "properties": { "objectid": 500, "provinsi": "Kalimantan Selatan", "nama_pabri": "PT Sajang Heulang", "kapasitas": 60.0, "pot_pome": 1.64503, "pot_efb": 4.109049, "pot_fiber": 1.599111, "pot_shell": 2.95021, "jns_tek": "Biogas, Biomass Combustion", "alamat": " Mustika", "kecamatan": "Kuranji", "kab_kot": "Tanah Bumbu", "latitude": -3.488611, "longitude": 115.738611 }, "geometry": { "type": "Point", "coordinates": [ 115.738611100000071, -3.488611110999955 ] } },
{ "type": "Feature", "properties": { "objectid": 501, "provinsi": "Riau", "nama_pabri": "PT Salim Ivo Mas Pratama", "kapasitas": 45.0, "pot_pome": 1.233773, "pot_efb": 3.081786, "pot_fiber": 1.199333, "pot_shell": 2.212657, "jns_tek": "Biogas, Biomass Combustion", "alamat": " Balai Jaya Kota", "kecamatan": "Bagan Sinembah", "kab_kot": "Rokan Hilir", "latitude": 1.751389, "longitude": 100.591069 }, "geometry": { "type": "Point", "coordinates": [ 100.591069400000038, 1.751388889000054 ] } },
{ "type": "Feature", "properties": { "objectid": 502, "provinsi": "Riau", "nama_pabri": "PT Salim Ivo Mas Pratama", "kapasitas": 45.0, "pot_pome": 1.233773, "pot_efb": 3.081786, "pot_fiber": 1.199333, "pot_shell": 2.212657, "jns_tek": "Biogas, Biomass Combustion", "alamat": " Balam Sempurna", "kecamatan": "Balai Jaya", "kab_kot": "Rokan Hilir", "latitude": 1.762698, "longitude": 100.620735 }, "geometry": { "type": "Point", "coordinates": [ 100.620735100000047, 1.76269828900007 ] } },
{ "type": "Feature", "properties": { "objectid": 503, "provinsi": "Kalimantan Tengah", "nama_pabri": "PT Salonok Ladang Mas", "kapasitas": 60.0, "pot_pome": 1.64503, "pot_efb": 4.109049, "pot_fiber": 1.599111, "pot_shell": 2.95021, "jns_tek": "Biogas, Biomass Combustion", "alamat": " Sembuluh", "kecamatan": "Danau", "kab_kot": "Seruyan", "latitude": -2.754647, "longitude": 112.437958 }, "geometry": { "type": "Point", "coordinates": [ 112.437958300000105, -2.75464722199996 ] } },
{ "type": "Feature", "properties": { "objectid": 504, "provinsi": "Sumatera Selatan", "nama_pabri": "PT Sampoerna Agro", "kapasitas": 120.0, "pot_pome": 3.290061, "pot_efb": 8.218097, "pot_fiber": 3.198222, "pot_shell": 5.900419, "jns_tek": "Biogas, Biomass Combustion", "alamat": " Geronggang", "kecamatan": "Pedamaran Timur", "kab_kot": "Ogan Komering Ilir", "latitude": -3.707603, "longitude": 105.097086 }, "geometry": { "type": "Point", "coordinates": [ 105.09708610000007, -3.707602777999966 ] } },
{ "type": "Feature", "properties": { "objectid": 505, "provinsi": "Aceh", "nama_pabri": "PT Samudra Sawit Nabati", "kapasitas": 30.0, "pot_pome": 0.822515, "pot_efb": 2.054524, "pot_fiber": 0.799555, "pot_shell": 1.475105, "jns_tek": "Biogas, Biomass Combustion", "alamat": " Singgersing", "kecamatan": "Sultan Daulat", "kab_kot": "Subussalam", "latitude": 2.768792, "longitude": 97.938053 }, "geometry": { "type": "Point", "coordinates": [ 97.938052800000037, 2.768791700000065 ] } },
{ "type": "Feature", "properties": { "objectid": 506, "provinsi": "Bengkulu", "nama_pabri": "PT Sandabi Indah Lestari", "kapasitas": 45.0, "pot_pome": 1.233773, "pot_efb": 3.081786, "pot_fiber": 1.199333, "pot_shell": 2.212657, "jns_tek": "Biogas, Biomass Combustion", "alamat": " Lubuk Banyau", "kecamatan": "Padang Jaya", "kab_kot": "Bengkulu Utara", "latitude": -3.249044, "longitude": 101.977229 }, "geometry": { "type": "Point", "coordinates": [ 101.977229, -3.249044 ] } },
{ "type": "Feature", "properties": { "objectid": 507, "provinsi": "Kalimantan Barat", "nama_pabri": "PT Sandika Nata Palma", "kapasitas": 45.0, "pot_pome": 1.233773, "pot_efb": 3.081786, "pot_fiber": 1.199333, "pot_shell": 2.212657, "jns_tek": "Biogas, Biomass Combustion", "alamat": " Awatan", "kecamatan": "Marau", "kab_kot": "Ketapang", "latitude": -2.168394, "longitude": 110.673429 }, "geometry": { "type": "Point", "coordinates": [ 110.673429400000089, -2.168393953999953 ] } },
{ "type": "Feature", "properties": { "objectid": 508, "provinsi": "Kalimantan Utara", "nama_pabri": "PT Sanggam Kahuripan Ind", "kapasitas": 30.0, "pot_pome": 0.822515, "pot_efb": 2.054524, "pot_fiber": 0.799555, "pot_shell": 1.475105, "jns_tek": "Biogas, Biomass Combustion", "alamat": " Salimbatu", "kecamatan": "0", "kab_kot": "Bulungan", "latitude": 3.091992, "longitude": 117.282958 }, "geometry": { "type": "Point", "coordinates": [ 117.282958300000018, 3.091991700000051 ] } },
{ "type": "Feature", "properties": { "objectid": 509, "provinsi": "Kalimantan Tengah", "nama_pabri": "PT Sapta Karya Damai", "kapasitas": 60.0, "pot_pome": 1.64503, "pot_efb": 4.109049, "pot_fiber": 1.599111, "pot_shell": 2.95021, "jns_tek": "Biogas, Biomass Combustion", "alamat": " Natai Baru", "kecamatan": "Mentaya Hilir Utara", "kab_kot": "Kotawaringin Timur", "latitude": -2.583056, "longitude": 112.628083 }, "geometry": { "type": "Point", "coordinates": [ 112.628083300000071, -2.583055555999977 ] } },
{ "type": "Feature", "properties": { "objectid": 510, "provinsi": "Kalimantan Tengah", "nama_pabri": "PT Sarana Prima Multi Niaga", "kapasitas": 45.0, "pot_pome": 1.233773, "pot_efb": 3.081786, "pot_fiber": 1.199333, "pot_shell": 2.212657, "jns_tek": "Biogas, Biomass Combustion", "alamat": " Bukit Batu", "kecamatan": "Cempaga Hulu", "kab_kot": "Kotawaringin Timur", "latitude": -1.953194, "longitude": 112.928078 }, "geometry": { "type": "Point", "coordinates": [ 112.928077800000096, -1.953194443999962 ] } },
{ "type": "Feature", "properties": { "objectid": 511, "provinsi": "Kalimantan Tengah", "nama_pabri": "PT Sarana Titian Permata", "kapasitas": 45.0, "pot_pome": 1.233773, "pot_efb": 3.081786, "pot_fiber": 1.199333, "pot_shell": 2.212657, "jns_tek": "Biogas, Biomass Combustion", "alamat": " Pematang Limau", "kecamatan": "Seruyan Hilir", "kab_kot": "Seruyan", "latitude": -2.894579, "longitude": 112.54374 }, "geometry": { "type": "Point", "coordinates": [ 112.543740300000081, -2.894578610999929 ] } },
{ "type": "Feature", "properties": { "objectid": 512, "provinsi": "Kalimantan Timur", "nama_pabri": "PT Saraswati Sawit Makmur", "kapasitas": 45.0, "pot_pome": 1.233773, "pot_efb": 3.081786, "pot_fiber": 1.199333, "pot_shell": 2.212657, "jns_tek": "Biogas, Biomass Combustion", "alamat": " Kerang Dayo", "kecamatan": "Batu Engau", "kab_kot": "Paser", "latitude": 2.267711, "longitude": 116.0186 }, "geometry": { "type": "Point", "coordinates": [ 116.018600000000106, 2.267711 ] } },
{ "type": "Feature", "properties": { "objectid": 513, "provinsi": "Jambi", "nama_pabri": "PT Sari Aditya Loka", "kapasitas": 60.0, "pot_pome": 1.64503, "pot_efb": 4.109049, "pot_fiber": 1.599111, "pot_shell": 2.95021, "jns_tek": "Biogas, Biomass Combustion", "alamat": " Cilodang", "kecamatan": "Pelepat", "kab_kot": "Muara Bungo", "latitude": -1.65067, "longitude": 102.30841 }, "geometry": { "type": "Point", "coordinates": [ 102.30841, -1.65067 ] } },
{ "type": "Feature", "properties": { "objectid": 514, "provinsi": "Jambi", "nama_pabri": "PT Sari Aditya Loka", "kapasitas": 60.0, "pot_pome": 1.64503, "pot_efb": 4.109049, "pot_fiber": 1.599111, "pot_shell": 2.95021, "jns_tek": "Biogas, Biomass Combustion", "alamat": " Muara Delang", "kecamatan": "Tabir Selatan", "kab_kot": "Merangin", "latitude": -1.959506, "longitude": 102.370491 }, "geometry": { "type": "Point", "coordinates": [ 102.37049090000005, -1.959505543999967 ] } },
{ "type": "Feature", "properties": { "objectid": 515, "provinsi": "Sumatera Barat", "nama_pabri": "PT Sari Buah Sawit", "kapasitas": 45.0, "pot_pome": 1.233773, "pot_efb": 3.081786, "pot_fiber": 1.199333, "pot_shell": 2.212657, "jns_tek": "Biogas, Biomass Combustion", "alamat": " Bateh Uba", "kecamatan": "Kinali", "kab_kot": "Pasaman Barat", "latitude": -0.047772, "longitude": 99.884472 }, "geometry": { "type": "Point", "coordinates": [ 99.884472200000062, -0.04777219999994 ] } },
{ "type": "Feature", "properties": { "objectid": 516, "provinsi": "Riau", "nama_pabri": "PT Sari Lembah Subur I", "kapasitas": 90.0, "pot_pome": 2.467546, "pot_efb": 6.163573, "pot_fiber": 2.398666, "pot_shell": 4.425315, "jns_tek": "Biogas, Biomass Combustion", "alamat": " Kerumutan", "kecamatan": "Kerumutan", "kab_kot": "Pelalawan", "latitude": -0.051272, "longitude": 102.254594 }, "geometry": { "type": "Point", "coordinates": [ 102.254594400000087, -0.051272199999971 ] } },
{ "type": "Feature", "properties": { "objectid": 517, "provinsi": "Kalimantan Timur", "nama_pabri": "PT Sasana Yudha Bakti", "kapasitas": 80.0, "pot_pome": 2.193374, "pot_efb": 5.478731, "pot_fiber": 2.132148, "pot_shell": 3.933613, "jns_tek": "Biogas, Biomass Combustion", "alamat": " Gunung Sari", "kecamatan": "Tabang", "kab_kot": "Kutai Kartanegara", "latitude": -0.422083, "longitude": 116.150806 }, "geometry": { "type": "Point", "coordinates": [ 116.150805600000012, -0.422083332999932 ] } },
{ "type": "Feature", "properties": { "objectid": 518, "provinsi": "Kalimantan Barat", "nama_pabri": "PT Satria Multi Sukses", "kapasitas": 60.0, "pot_pome": 1.64503, "pot_efb": 4.109049, "pot_fiber": 1.599111, "pot_shell": 2.95021, "jns_tek": "Biogas, Biomass Combustion", "alamat": "landak", "kecamatan": " Sengah Temila", "kab_kot": "Landak", "latitude": 0.222128, "longitude": 109.53115 }, "geometry": { "type": "Point", "coordinates": [ 109.53115, 0.222128 ] } },
{ "type": "Feature", "properties": { "objectid": 519, "provinsi": "Kalimantan Timur", "nama_pabri": "PT Satu Sembilan Delapan", "kapasitas": 60.0, "pot_pome": 1.64503, "pot_efb": 4.109049, "pot_fiber": 1.599111, "pot_shell": 2.95021, "jns_tek": "Biogas, Biomass Combustion", "alamat": " Tasuk", "kecamatan": "Gunung Tabur", "kab_kot": "Berau", "latitude": 2.142012, "longitude": 117.298723 }, "geometry": { "type": "Point", "coordinates": [ 117.298723500000051, 2.14201233700004 ] } },
{ "type": "Feature", "properties": { "objectid": 520, "provinsi": "Jambi", "nama_pabri": "PT Satya Kisma Usaha", "kapasitas": 30.0, "pot_pome": 0.822515, "pot_efb": 2.054524, "pot_fiber": 0.799555, "pot_shell": 1.475105, "jns_tek": "Biogas, Biomass Combustion", "alamat": " Betung Bedarah Barat", "kecamatan": "Tebo Ilir", "kab_kot": "Tebo", "latitude": -1.590556, "longitude": 102.61 }, "geometry": { "type": "Point", "coordinates": [ 102.61, -1.59055555599997 ] } },
{ "type": "Feature", "properties": { "objectid": 521, "provinsi": "Sumatera Utara", "nama_pabri": "PT Saudara Sejati Luhur", "kapasitas": 30.0, "pot_pome": 0.822515, "pot_efb": 2.054524, "pot_fiber": 0.799555, "pot_shell": 1.475105, "jns_tek": "Biogas, Biomass Combustion", "alamat": " Rahuning", "kecamatan": "Bandar Pulau", "kab_kot": "Asahan", "latitude": 2.791667, "longitude": 99.598333 }, "geometry": { "type": "Point", "coordinates": [ 99.59833333000006, 2.791666667000072 ] } },
{ "type": "Feature", "properties": { "objectid": 522, "provinsi": "Bangka-Belitung", "nama_pabri": "PT Sawindo Kencana", "kapasitas": 60.0, "pot_pome": 1.64503, "pot_efb": 4.109049, "pot_fiber": 1.599111, "pot_shell": 2.95021, "jns_tek": "Biogas, Biomass Combustion", "alamat": " Benteng Kota", "kecamatan": "Tempilang", "kab_kot": "Bangka Barat", "latitude": -2.080944, "longitude": 105.646972 }, "geometry": { "type": "Point", "coordinates": [ 105.64697220000005, -2.080944443999954 ] } },
{ "type": "Feature", "properties": { "objectid": 523, "provinsi": "Riau", "nama_pabri": "PT Sawit Anugerah Sejahtera", "kapasitas": 45.0, "pot_pome": 1.233773, "pot_efb": 3.081786, "pot_fiber": 1.199333, "pot_shell": 2.212657, "jns_tek": "Biogas, Biomass Combustion", "alamat": " Muara Basung", "kecamatan": "Mandau", "kab_kot": "Bengkalis", "latitude": 1.151967, "longitude": 101.2765 }, "geometry": { "type": "Point", "coordinates": [ 101.2765, 1.15196670000006 ] } },
{ "type": "Feature", "properties": { "objectid": 524, "provinsi": "Riau", "nama_pabri": "PT Sawit Asahan Indah", "kapasitas": 30.0, "pot_pome": 0.822515, "pot_efb": 2.054524, "pot_fiber": 0.799555, "pot_shell": 1.475105, "jns_tek": "Biogas, Biomass Combustion", "alamat": " Sei Kuning", "kecamatan": "Ujung Batu dan Rambah Samo", "kab_kot": "Rokan Hulu", "latitude": 0.761583, "longitude": 100.519 }, "geometry": { "type": "Point", "coordinates": [ 100.519, 0.761583333000033 ] } },
{ "type": "Feature", "properties": { "objectid": 525, "provinsi": "Sumatera Utara", "nama_pabri": "PT Sawit Asahan Tetap Utuh", "kapasitas": 20.0, "pot_pome": 0.548343, "pot_efb": 1.369683, "pot_fiber": 0.533037, "pot_shell": 0.983403, "jns_tek": "Biogas, Biomass Combustion", "alamat": " Pulau Maria", "kecamatan": "Teluk Dalam", "kab_kot": "Asahan", "latitude": 2.767122, "longitude": 99.613153 }, "geometry": { "type": "Point", "coordinates": [ 99.613152780000064, 2.767122222000069 ] } },
{ "type": "Feature", "properties": { "objectid": 526, "provinsi": "Kalimantan Tengah", "nama_pabri": "PT Sawit Graha Manunggal", "kapasitas": 45.0, "pot_pome": 1.233773, "pot_efb": 3.081786, "pot_fiber": 1.199333, "pot_shell": 2.212657, "jns_tek": "Biogas, Biomass Combustion", "alamat": " Murutuwu", "kecamatan": "Paju Epat", "kab_kot": "Barito Timur", "latitude": -2.074056, "longitude": 115.068278 }, "geometry": { "type": "Point", "coordinates": [ 115.068277800000033, -2.074055555999962 ] } },
{ "type": "Feature", "properties": { "objectid": 527, "provinsi": "Riau", "nama_pabri": "PT Sawit Inti Prima Perkasa", "kapasitas": 30.0, "pot_pome": 0.822515, "pot_efb": 2.054524, "pot_fiber": 0.799555, "pot_shell": 1.475105, "jns_tek": "Biogas, Biomass Combustion", "alamat": "Jl. Rangau/Pematang", "kecamatan": "Mandau", "kab_kot": "Bengkalis", "latitude": 1.262946, "longitude": 101.132583 }, "geometry": { "type": "Point", "coordinates": [ 101.132583, 1.262946 ] } },
{ "type": "Feature", "properties": { "objectid": 528, "provinsi": "Riau", "nama_pabri": "PT Sawit Mas Nusantara", "kapasitas": 45.0, "pot_pome": 1.233773, "pot_efb": 3.081786, "pot_fiber": 1.199333, "pot_shell": 2.212657, "jns_tek": "Biogas, Biomass Combustion", "alamat": " Sei Medang/Bukit Kesuma", "kecamatan": "Pangkalan Kuras", "kab_kot": "Pelalawan", "latitude": -0.040242, "longitude": 101.814292 }, "geometry": { "type": "Point", "coordinates": [ 101.814291700000069, -0.040241699999967 ] } },
{ "type": "Feature", "properties": { "objectid": 529, "provinsi": "Sumatera Selatan", "nama_pabri": "PT Sawit Mas Sejahtera", "kapasitas": 30.0, "pot_pome": 0.822515, "pot_efb": 2.054524, "pot_fiber": 0.799555, "pot_shell": 1.475105, "jns_tek": "Biogas, Biomass Combustion", "alamat": " Pangkalan Panji", "kecamatan": "Banyuasin III", "kab_kot": "Banyuasin", "latitude": -2.948531, "longitude": 104.466511 }, "geometry": { "type": "Point", "coordinates": [ 104.466511100000048, -2.94853055599998 ] } },
{ "type": "Feature", "properties": { "objectid": 530, "provinsi": "Aceh", "nama_pabri": "PT Sawit Nagan Raya Makmur", "kapasitas": 30.0, "pot_pome": 0.822515, "pot_efb": 2.054524, "pot_fiber": 0.799555, "pot_shell": 1.475105, "jns_tek": "Biogas, Biomass Combustion", "alamat": " Gagak/Lamie", "kecamatan": "Darul Makmur", "kab_kot": "Aceh Barat", "latitude": 4.049481, "longitude": 96.475733 }, "geometry": { "type": "Point", "coordinates": [ 96.475733300000059, 4.049480600000038 ] } },
{ "type": "Feature", "properties": { "objectid": 531, "provinsi": "Sumatera Selatan", "nama_pabri": "PT Sawit Palm Sejahtera", "kapasitas": 45.0, "pot_pome": 1.233773, "pot_efb": 3.081786, "pot_fiber": 1.199333, "pot_shell": 2.212657, "jns_tek": "Biogas, Biomass Combustion", "alamat": " Bedengseng", "kecamatan": "Bayung Lencir", "kab_kot": "Musi Banyuasin", "latitude": -2.251752, "longitude": 103.799437 }, "geometry": { "type": "Point", "coordinates": [ 103.79943680000008, -2.251752199999942 ] } },
{ "type": "Feature", "properties": { "objectid": 532, "provinsi": "Riau", "nama_pabri": "PT Sawit Riau Makmur", "kapasitas": 30.0, "pot_pome": 0.822515, "pot_efb": 2.054524, "pot_fiber": 0.799555, "pot_shell": 1.475105, "jns_tek": "Biogas, Biomass Combustion", "alamat": " Teluk Mega", "kecamatan": "Tanah Putih", "kab_kot": "Rokan Hilir", "latitude": 1.534553, "longitude": 100.993778 }, "geometry": { "type": "Point", "coordinates": [ 100.993777800000032, 1.534552800000029 ] } },
{ "type": "Feature", "properties": { "objectid": 533, "provinsi": "Riau", "nama_pabri": "PT Sawit Sontang Permai", "kapasitas": 30.0, "pot_pome": 0.822515, "pot_efb": 2.054524, "pot_fiber": 0.799555, "pot_shell": 1.475105, "jns_tek": "Biogas, Biomass Combustion", "alamat": " Sontang", "kecamatan": "Bonai Darussalam", "kab_kot": "Rokan Hulu", "latitude": 1.171456, "longitude": 100.822531 }, "geometry": { "type": "Point", "coordinates": [ 100.82253060000005, 1.171455600000058 ] } },
{ "type": "Feature", "properties": { "objectid": 534, "provinsi": "Kalimantan Tengah", "nama_pabri": "PT Sawit Sumbermas Sarana 1", "kapasitas": 90.0, "pot_pome": 2.467546, "pot_efb": 6.163573, "pot_fiber": 2.398666, "pot_shell": 4.425315, "jns_tek": "Biogas, Biomass Combustion", "alamat": " Sulung", "kecamatan": "Arut Selatan", "kab_kot": "Kotawaringin Barat", "latitude": -2.305556, "longitude": 111.614722 }, "geometry": { "type": "Point", "coordinates": [ 111.614722200000074, -2.305555555999945 ] } },
{ "type": "Feature", "properties": { "objectid": 535, "provinsi": "Kalimantan Tengah", "nama_pabri": "PT Sawit Sumbermas Sarana 2", "kapasitas": 60.0, "pot_pome": 1.64503, "pot_efb": 4.109049, "pot_fiber": 1.599111, "pot_shell": 2.95021, "jns_tek": "Biogas, Biomass Combustion", "alamat": " Rangda", "kecamatan": "Arut Selatan", "kab_kot": "Kotawaringin Barat", "latitude": -2.417222, "longitude": 111.554722 }, "geometry": { "type": "Point", "coordinates": [ 111.554722200000072, -2.417222221999964 ] } },
{ "type": "Feature", "properties": { "objectid": 536, "provinsi": "Kalimantan Selatan", "nama_pabri": "PT Sawita Karya Manunggal", "kapasitas": 40.0, "pot_pome": 1.096687, "pot_efb": 2.739366, "pot_fiber": 1.066074, "pot_shell": 1.966806, "jns_tek": "Biogas, Biomass Combustion", "alamat": " Rantau Buda", "kecamatan": "Sungai Durian", "kab_kot": "Kotabaru", "latitude": -2.524167, "longitude": 116.146389 }, "geometry": { "type": "Point", "coordinates": [ 116.146388900000034, -2.524166666999974 ] } },
{ "type": "Feature", "properties": { "objectid": 537, "provinsi": "Kalimantan Tengah", "nama_pabri": "PT Sawitmas Nugraha Perdana", "kapasitas": 30.0, "pot_pome": 0.822515, "pot_efb": 2.054524, "pot_fiber": 0.799555, "pot_shell": 1.475105, "jns_tek": "Biogas, Biomass Combustion", "alamat": " Tanjung Hanau", "kecamatan": "Seruyan Raya", "kab_kot": "Seruyan", "latitude": -2.633333, "longitude": 112.266667 }, "geometry": { "type": "Point", "coordinates": [ 112.266666700000087, -2.633333332999939 ] } },
{ "type": "Feature", "properties": { "objectid": 538, "provinsi": "Sumatera Selatan", "nama_pabri": "PT Sejati Palma Sejahtera", "kapasitas": 30.0, "pot_pome": 0.822515, "pot_efb": 2.054524, "pot_fiber": 0.799555, "pot_shell": 1.475105, "jns_tek": "Biogas, Biomass Combustion", "alamat": " Tampang Baru", "kecamatan": "Bayung Lencir", "kab_kot": "Musi Banyuasin", "latitude": -2.211865, "longitude": 103.801505 }, "geometry": { "type": "Point", "coordinates": [ 103.801505400000053, -2.211865397999929 ] } },
{ "type": "Feature", "properties": { "objectid": 539, "provinsi": "Riau", "nama_pabri": "PT Sekar Bumi Alam Lestari", "kapasitas": 30.0, "pot_pome": 0.822515, "pot_efb": 2.054524, "pot_fiber": 0.799555, "pot_shell": 1.475105, "jns_tek": "Biogas, Biomass Combustion", "alamat": " Kota Garo", "kecamatan": "Tapung Hilir", "kab_kot": "Kampar", "latitude": 0.757449, "longitude": 101.219741 }, "geometry": { "type": "Point", "coordinates": [ 101.219741, 0.757449 ] } },
{ "type": "Feature", "properties": { "objectid": 540, "provinsi": "Sumatera Selatan", "nama_pabri": "PT Selatan Agung Sejahtera", "kapasitas": 90.0, "pot_pome": 2.467546, "pot_efb": 6.163573, "pot_fiber": 2.398666, "pot_shell": 4.425315, "jns_tek": "Biogas, Biomass Combustion", "alamat": " Petunang", "kecamatan": "Tuah Negeri", "kab_kot": "Musi Rawas", "latitude": -3.17008, "longitude": 103.10314 }, "geometry": { "type": "Point", "coordinates": [ 103.10314, -3.17008 ] } },
{ "type": "Feature", "properties": { "objectid": 541, "provinsi": "Kalimantan Barat", "nama_pabri": "PT Semai Lestari", "kapasitas": 45.0, "pot_pome": 1.233773, "pot_efb": 3.081786, "pot_fiber": 1.199333, "pot_shell": 2.212657, "jns_tek": "Biogas, Biomass Combustion", "alamat": " Kembayan", "kecamatan": "Sanggau", "kab_kot": "Sanggau", "latitude": 0.557909, "longitude": 110.466649 }, "geometry": { "type": "Point", "coordinates": [ 110.466648600000042, 0.557908800000064 ] } },
{ "type": "Feature", "properties": { "objectid": 542, "provinsi": "Riau", "nama_pabri": "PT Semunai Sawit Perkasa", "kapasitas": 30.0, "pot_pome": 0.822515, "pot_efb": 2.054524, "pot_fiber": 0.799555, "pot_shell": 1.475105, "jns_tek": "Biogas, Biomass Combustion", "alamat": " Semunai", "kecamatan": "Pinggir", "kab_kot": "Bengkalis", "latitude": 1.19818, "longitude": 101.24535 }, "geometry": { "type": "Point", "coordinates": [ 101.24535, 1.19818 ] } },
{ "type": "Feature", "properties": { "objectid": 543, "provinsi": "Sumatera Selatan", "nama_pabri": "PT Sentosa Bahagia Bersama", "kapasitas": 60.0, "pot_pome": 1.64503, "pot_efb": 4.109049, "pot_fiber": 1.599111, "pot_shell": 2.95021, "jns_tek": "Biogas, Biomass Combustion", "alamat": " Sinar Harapan", "kecamatan": "Bayung Lencir", "kab_kot": "Musi Banyuasin", "latitude": -2.224533, "longitude": 103.581863 }, "geometry": { "type": "Point", "coordinates": [ 103.581862800000067, -2.224533199999939 ] } },
{ "type": "Feature", "properties": { "objectid": 544, "provinsi": "Kalimantan Barat", "nama_pabri": "PT Sentosa Bumi Wijaya", "kapasitas": 60.0, "pot_pome": 1.64503, "pot_efb": 4.109049, "pot_fiber": 1.599111, "pot_shell": 2.95021, "jns_tek": "Biogas, Biomass Combustion", "alamat": " Dayung", "kecamatan": "Ledo", "kab_kot": "Bengkayang", "latitude": 1.031494, "longitude": 109.6041 }, "geometry": { "type": "Point", "coordinates": [ 109.6041, 1.031494400000042 ] } },
{ "type": "Feature", "properties": { "objectid": 545, "provinsi": "Kalimantan Timur", "nama_pabri": "PT Sentosa Kalimantan Jaya", "kapasitas": 45.0, "pot_pome": 1.233773, "pot_efb": 3.081786, "pot_fiber": 1.199333, "pot_shell": 2.212657, "jns_tek": "Biogas, Biomass Combustion", "alamat": " Tanjung Batu", "kecamatan": "Pulau Derawan", "kab_kot": "Berau", "latitude": 2.331097, "longitude": 117.948317 }, "geometry": { "type": "Point", "coordinates": [ 117.948316700000078, 2.331097200000045 ] } },
{ "type": "Feature", "properties": { "objectid": 546, "provinsi": "Sumatera Selatan", "nama_pabri": "PT Sentosa Mulia Bahagia", "kapasitas": 60.0, "pot_pome": 1.64503, "pot_efb": 4.109049, "pot_fiber": 1.599111, "pot_shell": 2.95021, "jns_tek": "Biogas, Biomass Combustion", "alamat": " Peninggalan", "kecamatan": "Bayung Lencir", "kab_kot": "Musi Banyuasin", "latitude": -2.37592, "longitude": 103.97337 }, "geometry": { "type": "Point", "coordinates": [ 103.97337, -2.37592 ] } },
{ "type": "Feature", "properties": { "objectid": 547, "provinsi": "Kalimantan Barat", "nama_pabri": "PT Sentrakarya Manunggal", "kapasitas": 50.0, "pot_pome": 1.370859, "pot_efb": 3.424207, "pot_fiber": 1.332592, "pot_shell": 2.458508, "jns_tek": "Biogas, Biomass Combustion", "alamat": " Tinting/Badau", "kecamatan": " Kapuas Hulu", "kab_kot": "Kapuas Hulu", "latitude": 0.871611, "longitude": 111.864528 }, "geometry": { "type": "Point", "coordinates": [ 111.864528, 0.871611 ] } },
{ "type": "Feature", "properties": { "objectid": 548, "provinsi": "Kalimantan Barat", "nama_pabri": "PT Sepanjang Inti Surya Mulia", "kapasitas": 90.0, "pot_pome": 2.467546, "pot_efb": 6.163573, "pot_fiber": 2.398666, "pot_shell": 4.425315, "jns_tek": "Biogas, Biomass Combustion", "alamat": " Pangkalan Telok", "kecamatan": "Nanga Tayap", "kab_kot": "Ketapang", "latitude": -1.382722, "longitude": 110.476889 }, "geometry": { "type": "Point", "coordinates": [ 110.476888900000063, -1.382722221999927 ] } },
{ "type": "Feature", "properties": { "objectid": 549, "provinsi": "Kalimantan Barat", "nama_pabri": "PT Sepanjang Inti Surya Utama 2", "kapasitas": 45.0, "pot_pome": 1.233773, "pot_efb": 3.081786, "pot_fiber": 1.199333, "pot_shell": 2.212657, "jns_tek": "Biogas, Biomass Combustion", "alamat": " Malenggang", "kecamatan": " Sekayam", "kab_kot": "Sanggau", "latitude": 0.818875, "longitude": 110.611919 }, "geometry": { "type": "Point", "coordinates": [ 110.611919400000033, 0.818875 ] } },
{ "type": "Feature", "properties": { "objectid": 550, "provinsi": "Sumatera Selatan", "nama_pabri": "PT Serasan Sekundang Sawitmas", "kapasitas": 45.0, "pot_pome": 1.233773, "pot_efb": 3.081786, "pot_fiber": 1.199333, "pot_shell": 2.212657, "jns_tek": "Biogas, Biomass Combustion", "alamat": " Lecah", "kecamatan": "Lubai Ulu", "kab_kot": "Muara Enim", "latitude": -3.892636, "longitude": 104.094469 }, "geometry": { "type": "Point", "coordinates": [ 104.094469400000037, -3.892636099999947 ] } },
{ "type": "Feature", "properties": { "objectid": 551, "provinsi": "Sumatera Utara", "nama_pabri": "PT Serba Huta Jaya", "kapasitas": 45.0, "pot_pome": 1.233773, "pot_efb": 3.081786, "pot_fiber": 1.199333, "pot_shell": 2.212657, "jns_tek": "Biogas, Biomass Combustion", "alamat": " Sumber  Mulyo", "kecamatan": "Merbau", "kab_kot": "Labuhan Batu", "latitude": 2.194753, "longitude": 99.907289 }, "geometry": { "type": "Point", "coordinates": [ 99.907288900000083, 2.19475280000006 ] } },
{ "type": "Feature", "properties": { "objectid": 552, "provinsi": "Sumatera Utara", "nama_pabri": "PT Serdang Hulu", "kapasitas": 10.0, "pot_pome": 0.274172, "pot_efb": 0.684841, "pot_fiber": 0.266518, "pot_shell": 0.491702, "jns_tek": "Biogas, Biomass Combustion", "alamat": " Tanjung Gunung", "kecamatan": "Sei Bingai", "kab_kot": "Langkat", "latitude": 3.348028, "longitude": 98.494414 }, "geometry": { "type": "Point", "coordinates": [ 98.494413890000033, 3.348027778000073 ] } },
{ "type": "Feature", "properties": { "objectid": 553, "provinsi": "Sumatera Utara", "nama_pabri": "PT Serdang Tengah", "kapasitas": 45.0, "pot_pome": 1.233773, "pot_efb": 3.081786, "pot_fiber": 1.199333, "pot_shell": 2.212657, "jns_tek": "Biogas, Biomass Combustion", "alamat": " Bangun Purba", "kecamatan": "Galang", "kab_kot": "Deli Serdang", "latitude": 3.416667, "longitude": 98.866667 }, "geometry": { "type": "Point", "coordinates": [ 98.866666670000086, 3.416666667000072 ] } },
{ "type": "Feature", "properties": { "objectid": 554, "provinsi": "Riau", "nama_pabri": "PT Serikat Putra I", "kapasitas": 75.0, "pot_pome": 2.056288, "pot_efb": 5.136311, "pot_fiber": 1.998889, "pot_shell": 3.687762, "jns_tek": "Biogas, Biomass Combustion", "alamat": " Sialang Godang", "kecamatan": "Bandar Petalangan", "kab_kot": "Pelalawan", "latitude": -0.126331, "longitude": 102.1263 }, "geometry": { "type": "Point", "coordinates": [ 102.1263, -0.126330555999971 ] } },
{ "type": "Feature", "properties": { "objectid": 555, "provinsi": "Riau", "nama_pabri": "PT Sewangi Sawit Sejahtera", "kapasitas": 40.0, "pot_pome": 1.096687, "pot_efb": 2.739366, "pot_fiber": 1.066074, "pot_shell": 1.966806, "jns_tek": "Biogas, Biomass Combustion", "alamat": "Jl. Raya Bangkinang-Petapahan", "kecamatan": " ", "kab_kot": "Kampar", "latitude": 0.581083, "longitude": 101.0875 }, "geometry": { "type": "Point", "coordinates": [ 101.0875, 0.581083333000038 ] } },
{ "type": "Feature", "properties": { "objectid": 556, "provinsi": "Riau", "nama_pabri": "PT Sewangi Sejati Luhur", "kapasitas": 45.0, "pot_pome": 1.233773, "pot_efb": 3.081786, "pot_fiber": 1.199333, "pot_shell": 2.212657, "jns_tek": "Biogas, Biomass Combustion", "alamat": " Senamanenek", "kecamatan": "Tapung Hulu", "kab_kot": "Kampar", "latitude": 0.716667, "longitude": 100.933333 }, "geometry": { "type": "Point", "coordinates": [ 100.933333300000072, 0.716666667000027 ] } },
{ "type": "Feature", "properties": { "objectid": 557, "provinsi": "Riau", "nama_pabri": "PT Siak Prima Sakti", "kapasitas": 60.0, "pot_pome": 1.64503, "pot_efb": 4.109049, "pot_fiber": 1.599111, "pot_shell": 2.95021, "jns_tek": "Biogas, Biomass Combustion", "alamat": " Pangkalan Pisang", "kecamatan": "Koto Gasib", "kab_kot": "Siak", "latitude": 0.651244, "longitude": 101.754214 }, "geometry": { "type": "Point", "coordinates": [ 101.754213900000082, 0.651244400000053 ] } },
{ "type": "Feature", "properties": { "objectid": 558, "provinsi": "Kalimantan Barat", "nama_pabri": "PT Sime Indo Agro", "kapasitas": 40.0, "pot_pome": 1.096687, "pot_efb": 2.739366, "pot_fiber": 1.066074, "pot_shell": 1.966806, "jns_tek": "Biogas, Biomass Combustion", "alamat": " Kopar/Dosan", "kecamatan": "Parindu", "kab_kot": "Sanggau", "latitude": 0.269007, "longitude": 110.482935 }, "geometry": { "type": "Point", "coordinates": [ 110.482934900000089, 0.269006578000074 ] } },
{ "type": "Feature", "properties": { "objectid": 559, "provinsi": "Riau", "nama_pabri": "PT Simpang Kanan Lestarindo", "kapasitas": 45.0, "pot_pome": 1.233773, "pot_efb": 3.081786, "pot_fiber": 1.199333, "pot_shell": 2.212657, "jns_tek": "Biogas, Biomass Combustion", "alamat": " Suka Makmur", "kecamatan": "Simpang Kanan", "kab_kot": "Rokan Hilir", "latitude": 1.850833, "longitude": 100.2959 }, "geometry": { "type": "Point", "coordinates": [ 100.2959, 1.850833300000033 ] } },
{ "type": "Feature", "properties": { "objectid": 560, "provinsi": "Riau", "nama_pabri": "PT Sinar Agro Raya", "kapasitas": 45.0, "pot_pome": 1.233773, "pot_efb": 3.081786, "pot_fiber": 1.199333, "pot_shell": 2.212657, "jns_tek": "Biogas, Biomass Combustion", "alamat": "Jl. Lintas Timur KM 49/Rantau Baru Sekijang", "kecamatan": " Pangkalan Kerinci", "kab_kot": "Pelalawan", "latitude": 0.420417, "longitude": 101.756056 }, "geometry": { "type": "Point", "coordinates": [ 101.756055600000082, 0.42041666700004 ] } },
{ "type": "Feature", "properties": { "objectid": 561, "provinsi": "Bengkulu", "nama_pabri": "PT Sinar Bengkulu Selatan", "kapasitas": 45.0, "pot_pome": 1.233773, "pot_efb": 3.081786, "pot_fiber": 1.199333, "pot_shell": 2.212657, "jns_tek": "Biogas, Biomass Combustion", "alamat": " Nanjungan", "kecamatan": "Pino Raya", "kab_kot": "Bengkulu Selatan", "latitude": -4.377472, "longitude": 102.84 }, "geometry": { "type": "Point", "coordinates": [ 102.84, -4.377472221999938 ] } },
{ "type": "Feature", "properties": { "objectid": 562, "provinsi": "Kalimantan Barat", "nama_pabri": "PT Sinar Dinamika Kapuas", "kapasitas": 60.0, "pot_pome": 1.64503, "pot_efb": 4.109049, "pot_fiber": 1.599111, "pot_shell": 2.95021, "jns_tek": "Biogas, Biomass Combustion", "alamat": " Batu buil", "kecamatan": " Belimbing", "kab_kot": "Melawi", "latitude": -0.30815, "longitude": 111.59875 }, "geometry": { "type": "Point", "coordinates": [ 111.59875, -0.30815 ] } },
{ "type": "Feature", "properties": { "objectid": 563, "provinsi": "Kalimantan Barat", "nama_pabri": "PT Sinar Dinamika Kapuas", "kapasitas": 60.0, "pot_pome": 1.64503, "pot_efb": 4.109049, "pot_fiber": 1.599111, "pot_shell": 2.95021, "jns_tek": "Biogas, Biomass Combustion", "alamat": "Jl Nanga Ketungau", "kecamatan": " Ketungau hilir", "kab_kot": "Sintang", "latitude": 0.214933, "longitude": 111.54985 }, "geometry": { "type": "Point", "coordinates": [ 111.54985, 0.214933 ] } },
{ "type": "Feature", "properties": { "objectid": 564, "provinsi": "Papua", "nama_pabri": "PT Sinar Kencana Inti Perkasa", "kapasitas": 60.0, "pot_pome": 1.64503, "pot_efb": 4.109049, "pot_fiber": 1.599111, "pot_shell": 2.95021, "jns_tek": "Biogas, Biomass Combustion", "alamat": " Lereh", "kecamatan": "Kaureh", "kab_kot": "Jayapura", "latitude": -2.973165, "longitude": 140.027651 }, "geometry": { "type": "Point", "coordinates": [ 140.027651100000071, -2.97316509999996 ] } },
{ "type": "Feature", "properties": { "objectid": 565, "provinsi": "Kalimantan Selatan", "nama_pabri": "PT Sinar Kencana Inti Perkasa", "kapasitas": 60.0, "pot_pome": 1.64503, "pot_efb": 4.109049, "pot_fiber": 1.599111, "pot_shell": 2.95021, "jns_tek": "Biogas, Biomass Combustion", "alamat": " Sungai Kupang", "kecamatan": "Kelumpang", "kab_kot": "Kotabaru", "latitude": -3.053333, "longitude": 116.012778 }, "geometry": { "type": "Point", "coordinates": [ 116.012777800000094, -3.053333332999955 ] } },
{ "type": "Feature", "properties": { "objectid": 566, "provinsi": "Sumatera Utara", "nama_pabri": "PT Sinar Pandawa", "kapasitas": 45.0, "pot_pome": 1.233773, "pot_efb": 3.081786, "pot_fiber": 1.199333, "pot_shell": 2.212657, "jns_tek": "Biogas, Biomass Combustion", "alamat": " Pangkatan", "kecamatan": "Bilah Hilir", "kab_kot": "Labuhan Batu", "latitude": 2.226167, "longitude": 100.080706 }, "geometry": { "type": "Point", "coordinates": [ 100.080705600000044, 2.22616666700003 ] } },
{ "type": "Feature", "properties": { "objectid": 567, "provinsi": "Riau", "nama_pabri": "PT Sinar Perdana Caraka", "kapasitas": 80.0, "pot_pome": 2.193374, "pot_efb": 5.478731, "pot_fiber": 2.132148, "pot_shell": 3.933613, "jns_tek": "Biogas, Biomass Combustion", "alamat": " Balai Jaya Kota", "kecamatan": "Bagan Sinembah", "kab_kot": "Rokan Hilir", "latitude": 1.693503, "longitude": 100.558014 }, "geometry": { "type": "Point", "coordinates": [ 100.558013900000049, 1.693502800000033 ] } },
{ "type": "Feature", "properties": { "objectid": 568, "provinsi": "Riau", "nama_pabri": "PT Sinar Siak Dian Permai", "kapasitas": 60.0, "pot_pome": 1.64503, "pot_efb": 4.109049, "pot_fiber": 1.599111, "pot_shell": 2.95021, "jns_tek": "Biogas, Biomass Combustion", "alamat": "Jl. Lintas Timur KM. 31/Muda Setia", "kecamatan": "Bandar Seikijang", "kab_kot": "Pelalawan", "latitude": 0.45, "longitude": 101.62 }, "geometry": { "type": "Point", "coordinates": [ 101.62, 0.45 ] } },
{ "type": "Feature", "properties": { "objectid": 569, "provinsi": "Riau", "nama_pabri": "PT Sinar Utama Nabati", "kapasitas": 45.0, "pot_pome": 1.233773, "pot_efb": 3.081786, "pot_fiber": 1.199333, "pot_shell": 2.212657, "jns_tek": "Biogas, Biomass Combustion", "alamat": " Sungai Bawang", "kecamatan": "Singingi", "kab_kot": "Kuantan Singingi", "latitude": -0.393631, "longitude": 101.416719 }, "geometry": { "type": "Point", "coordinates": [ 101.416719400000034, -0.393630599999938 ] } },
{ "type": "Feature", "properties": { "objectid": 570, "provinsi": "Sumatera Utara", "nama_pabri": "PT Sinarlika Portibijaya Plantation", "kapasitas": 60.0, "pot_pome": 1.64503, "pot_efb": 4.109049, "pot_fiber": 1.599111, "pot_shell": 2.95021, "jns_tek": "Biogas, Biomass Combustion", "alamat": " Portibi Jac", "kecamatan": "Portibi", "kab_kot": "Padang Lawas", "latitude": 1.427361, "longitude": 99.725667 }, "geometry": { "type": "Point", "coordinates": [ 99.725666670000066, 1.427361111000039 ] } },
{ "type": "Feature", "properties": { "objectid": 571, "provinsi": "Kalimantan Selatan", "nama_pabri": "PT Singaland Asetama", "kapasitas": 60.0, "pot_pome": 1.64503, "pot_efb": 4.109049, "pot_fiber": 1.599111, "pot_shell": 2.95021, "jns_tek": "Biogas, Biomass Combustion", "alamat": " Guntung", "kecamatan": "Kusan Hulu", "kab_kot": "Tanah Bumbu", "latitude": -3.336862, "longitude": 115.771198 }, "geometry": { "type": "Point", "coordinates": [ 115.771197500000085, -3.336862048999933 ] } },
{ "type": "Feature", "properties": { "objectid": 572, "provinsi": "Kalimantan Barat", "nama_pabri": "PT Sintang Agro Mandiri", "kapasitas": 45.0, "pot_pome": 1.233773, "pot_efb": 3.081786, "pot_fiber": 1.199333, "pot_shell": 2.212657, "jns_tek": "Biogas, Biomass Combustion", "alamat": " Simba Jaya", "kecamatan": "Binjai Hulu", "kab_kot": "Sintang", "latitude": 0.141111, "longitude": 111.485 }, "geometry": { "type": "Point", "coordinates": [ 111.485, 0.141111111000043 ] } },
{ "type": "Feature", "properties": { "objectid": 573, "provinsi": "Kalimantan Barat", "nama_pabri": "PT Sintang Raya", "kapasitas": 30.0, "pot_pome": 0.822515, "pot_efb": 2.054524, "pot_fiber": 0.799555, "pot_shell": 1.475105, "jns_tek": "Biogas, Biomass Combustion", "alamat": " Ambawang", "kecamatan": "Kubu Kab. Kubu Raya", "kab_kot": "Kubu Raya", "latitude": -0.468033, "longitude": 109.268722 }, "geometry": { "type": "Point", "coordinates": [ 109.26872220000007, -0.468033332999937 ] } },
{ "type": "Feature", "properties": { "objectid": 574, "provinsi": "Sumatera Utara", "nama_pabri": "PT Siringo-ringo", "kapasitas": 60.0, "pot_pome": 1.64503, "pot_efb": 4.109049, "pot_fiber": 1.599111, "pot_shell": 2.95021, "jns_tek": "Biogas, Biomass Combustion", "alamat": "Jl. Siringo Ringo/Bandar Kumbul", "kecamatan": "Bilah Darat", "kab_kot": "Labuhan Batu", "latitude": 2.1, "longitude": 99.77 }, "geometry": { "type": "Point", "coordinates": [ 99.77, 2.1 ] } },
{ "type": "Feature", "properties": { "objectid": 575, "provinsi": "Aceh", "nama_pabri": "PT Sisirau", "kapasitas": 30.0, "pot_pome": 0.822515, "pot_efb": 2.054524, "pot_fiber": 0.799555, "pot_shell": 1.475105, "jns_tek": "Biogas, Biomass Combustion", "alamat": " Sidoadi Alur Gantung", "kecamatan": "Kejuruan Muda", "kab_kot": "Aceh Tamiang", "latitude": 4.201444, "longitude": 98.06375 }, "geometry": { "type": "Point", "coordinates": [ 98.06375, 4.20144444400006 ] } },
{ "type": "Feature", "properties": { "objectid": 576, "provinsi": "Sumatera Utara", "nama_pabri": "PT SMART Tbk", "kapasitas": 60.0, "pot_pome": 1.64503, "pot_efb": 4.109049, "pot_fiber": 1.599111, "pot_shell": 2.95021, "jns_tek": "Biogas, Biomass Combustion", "alamat": " Padang Halaban", "kecamatan": "Merbau", "kab_kot": "Labuhan Batu Utara", "latitude": 2.319167, "longitude": 99.839444 }, "geometry": { "type": "Point", "coordinates": [ 99.839444440000079, 2.319166667000047 ] } },
{ "type": "Feature", "properties": { "objectid": 577, "provinsi": "Kalimantan Selatan", "nama_pabri": "PT SMART Tbk", "kapasitas": 60.0, "pot_pome": 1.64503, "pot_efb": 4.109049, "pot_fiber": 1.599111, "pot_shell": 2.95021, "jns_tek": "Biogas, Biomass Combustion", "alamat": " Sekijang", "kecamatan": "Tapung Hilir", "kab_kot": "Kotabaru", "latitude": -3.198056, "longitude": 116.021944 }, "geometry": { "type": "Point", "coordinates": [ 116.021944400000052, -3.198055555999929 ] } },
{ "type": "Feature", "properties": { "objectid": 578, "provinsi": "Kalimantan Selatan", "nama_pabri": "PT SMART Tbk", "kapasitas": 30.0, "pot_pome": 0.822515, "pot_efb": 2.054524, "pot_fiber": 0.799555, "pot_shell": 1.475105, "jns_tek": "Biogas, Biomass Combustion", "alamat": " Sungai Cuka", "kecamatan": "Kintap", "kab_kot": "Tanah Laut", "latitude": -3.790278, "longitude": 115.283056 }, "geometry": { "type": "Point", "coordinates": [ 115.283055600000012, -3.790277777999961 ] } },
{ "type": "Feature", "properties": { "objectid": 579, "provinsi": "Sumatera Utara", "nama_pabri": "PT Socfindo", "kapasitas": 60.0, "pot_pome": 1.64503, "pot_efb": 4.109049, "pot_fiber": 1.599111, "pot_shell": 2.95021, "jns_tek": "Biogas, Biomass Combustion", "alamat": " Aek Loba", "kecamatan": "Aek Kuasan", "kab_kot": "Asahan", "latitude": 2.651389, "longitude": 99.617778 }, "geometry": { "type": "Point", "coordinates": [ 99.61777778000004, 2.651388889000032 ] } },
{ "type": "Feature", "properties": { "objectid": 580, "provinsi": "Sumatera Utara", "nama_pabri": "PT Socfindo", "kapasitas": 23.0, "pot_pome": 0.630595, "pot_efb": 1.575135, "pot_fiber": 0.612993, "pot_shell": 1.130914, "jns_tek": "Biogas, Biomass Combustion", "alamat": " Aras Panjang", "kecamatan": "Dolok Masihul", "kab_kot": "Serdang Bedagai", "latitude": 3.331714, "longitude": 99.043219 }, "geometry": { "type": "Point", "coordinates": [ 99.043219400000055, 3.331713900000068 ] } },
{ "type": "Feature", "properties": { "objectid": 581, "provinsi": "Sumatera Utara", "nama_pabri": "PT Socfindo", "kapasitas": 12.0, "pot_pome": 0.329006, "pot_efb": 0.82181, "pot_fiber": 0.319822, "pot_shell": 0.590042, "jns_tek": "Biogas, Biomass Combustion", "alamat": " Mata Pao", "kecamatan": "Teluk Mangkudu", "kab_kot": "Serdang Bedagai", "latitude": 3.531278, "longitude": 99.092111 }, "geometry": { "type": "Point", "coordinates": [ 99.092111110000076, 3.53127777800006 ] } },
{ "type": "Feature", "properties": { "objectid": 582, "provinsi": "Sumatera Utara", "nama_pabri": "PT Socfindo", "kapasitas": 12.0, "pot_pome": 0.329006, "pot_efb": 0.82181, "pot_fiber": 0.319822, "pot_shell": 0.590042, "jns_tek": "Biogas, Biomass Combustion", "alamat": " Negeri Lama", "kecamatan": "Bilah Hilir", "kab_kot": "Labuhan Batu", "latitude": 2.31725, "longitude": 100.070169 }, "geometry": { "type": "Point", "coordinates": [ 100.070169400000054, 2.31725 ] } },
{ "type": "Feature", "properties": { "objectid": 583, "provinsi": "Aceh", "nama_pabri": "PT Socfindo", "kapasitas": 20.0, "pot_pome": 0.548343, "pot_efb": 1.369683, "pot_fiber": 0.533037, "pot_shell": 0.983403, "jns_tek": "Biogas, Biomass Combustion", "alamat": " Purwodadi", "kecamatan": " Kecamatan Kuala Pesisir", "kab_kot": "Nagan Raya", "latitude": 4.06, "longitude": 96.262222 }, "geometry": { "type": "Point", "coordinates": [ 96.262222220000069, 4.06 ] } },
{ "type": "Feature", "properties": { "objectid": 584, "provinsi": "Aceh", "nama_pabri": "PT Socfindo", "kapasitas": 23.0, "pot_pome": 0.630595, "pot_efb": 1.575135, "pot_fiber": 0.612993, "pot_shell": 1.130914, "jns_tek": "Biogas, Biomass Combustion", "alamat": " Rimo", "kecamatan": "Gunung Meriah", "kab_kot": "Aceh Singkil", "latitude": 2.391111, "longitude": 97.956667 }, "geometry": { "type": "Point", "coordinates": [ 97.956666670000061, 2.391111111000043 ] } },
{ "type": "Feature", "properties": { "objectid": 585, "provinsi": "Aceh", "nama_pabri": "PT Socfindo", "kapasitas": 23.0, "pot_pome": 0.630595, "pot_efb": 1.575135, "pot_fiber": 0.612993, "pot_shell": 1.130914, "jns_tek": "Biogas, Biomass Combustion", "alamat": " Simpang Deli Kilang", "kecamatan": "Darul Makmur", "kab_kot": "Nagan Raya", "latitude": 3.965278, "longitude": 96.565278 }, "geometry": { "type": "Point", "coordinates": [ 96.565277780000031, 3.965277778000029 ] } },
{ "type": "Feature", "properties": { "objectid": 586, "provinsi": "Aceh", "nama_pabri": "PT Socfindo", "kapasitas": 23.0, "pot_pome": 0.630595, "pot_efb": 1.575135, "pot_fiber": 0.612993, "pot_shell": 1.130914, "jns_tek": "Biogas, Biomass Combustion", "alamat": "Jl. Medan Banda Aceh/Sei Liput", "kecamatan": " Kejuruan Muda", "kab_kot": "Aceh Tamiang", "latitude": 4.231944, "longitude": 98.059444 }, "geometry": { "type": "Point", "coordinates": [ 98.05944444000005, 4.231944444000021 ] } },
{ "type": "Feature", "properties": { "objectid": 587, "provinsi": "Sumatera Utara", "nama_pabri": "PT Socfindo", "kapasitas": 23.0, "pot_pome": 0.630595, "pot_efb": 1.575135, "pot_fiber": 0.612993, "pot_shell": 1.130914, "jns_tek": "Biogas, Biomass Combustion", "alamat": "Perkebunan Tanah Gambus", "kecamatan": "Lima Puluh", "kab_kot": "BATU BARA", "latitude": 3.203714, "longitude": 99.404714 }, "geometry": { "type": "Point", "coordinates": [ 99.404713900000047, 3.203713900000025 ] } },
{ "type": "Feature", "properties": { "objectid": 588, "provinsi": "Bangka-Belitung", "nama_pabri": "PT Steelindo Wahana Perkasa", "kapasitas": 120.0, "pot_pome": 3.290061, "pot_efb": 8.218097, "pot_fiber": 3.198222, "pot_shell": 5.900419, "jns_tek": "Biogas, Biomass Combustion", "alamat": " Senyubuk", "kecamatan": "Kelapa Kampit", "kab_kot": "Belitung Timur", "latitude": -2.725913, "longitude": 108.062824 }, "geometry": { "type": "Point", "coordinates": [ 108.062824, -2.725913 ] } },
{ "type": "Feature", "properties": { "objectid": 589, "provinsi": "Kalimantan Selatan", "nama_pabri": "PT Subur Agro Makmur", "kapasitas": 60.0, "pot_pome": 1.64503, "pot_efb": 4.109049, "pot_fiber": 1.599111, "pot_shell": 2.95021, "jns_tek": "Biogas, Biomass Combustion", "alamat": " Bajayau", "kecamatan": "Daha Barat", "kab_kot": "Hulu Sungai Selatan", "latitude": -2.65403, "longitude": 114.9708 }, "geometry": { "type": "Point", "coordinates": [ 114.9708, -2.65403 ] } },
{ "type": "Feature", "properties": { "objectid": 590, "provinsi": "Riau", "nama_pabri": "PT Subur Arum Makmur II", "kapasitas": 90.0, "pot_pome": 2.467546, "pot_efb": 6.163573, "pot_fiber": 2.398666, "pot_shell": 4.425315, "jns_tek": "Biogas, Biomass Combustion", "alamat": " Kota Lama", "kecamatan": "Kunto Darussalam", "kab_kot": "Rokan Hulu", "latitude": 0.89159, "longitude": 100.69738 }, "geometry": { "type": "Point", "coordinates": [ 100.69738, 0.89159 ] } },
{ "type": "Feature", "properties": { "objectid": 591, "provinsi": "Riau", "nama_pabri": "PT Subur Arum Makmur", "kapasitas": 90.0, "pot_pome": 2.467546, "pot_efb": 6.163573, "pot_fiber": 2.398666, "pot_shell": 4.425315, "jns_tek": "Biogas, Biomass Combustion", "alamat": " Senamanenek", "kecamatan": "Tapung Hulu", "kab_kot": "Kampar", "latitude": 0.817139, "longitude": 100.888267 }, "geometry": { "type": "Point", "coordinates": [ 100.888266700000088, 0.817138900000032 ] } },
{ "type": "Feature", "properties": { "objectid": 592, "provinsi": "Riau", "nama_pabri": "PT Sugih Riesta  Jaya", "kapasitas": 45.0, "pot_pome": 1.233773, "pot_efb": 3.081786, "pot_fiber": 1.199333, "pot_shell": 2.212657, "jns_tek": "Biogas, Biomass Combustion", "alamat": " Talang Lakat", "kecamatan": "Batang Gansal", "kab_kot": "Indragiri Hulu", "latitude": -0.79365, "longitude": 102.59627 }, "geometry": { "type": "Point", "coordinates": [ 102.59627, -0.79365 ] } },
{ "type": "Feature", "properties": { "objectid": 593, "provinsi": "Kalimantan Tengah", "nama_pabri": "PT Sukajadi Sawit Mekar 1", "kapasitas": 90.0, "pot_pome": 2.467546, "pot_efb": 6.163573, "pot_fiber": 2.398666, "pot_shell": 4.425315, "jns_tek": "Biogas, Biomass Combustion", "alamat": " Sebabi", "kecamatan": "Telawang", "kab_kot": "Kotawaringin Timur", "latitude": -2.381111, "longitude": 112.539722 }, "geometry": { "type": "Point", "coordinates": [ 112.539722200000028, -2.381111110999939 ] } },
{ "type": "Feature", "properties": { "objectid": 594, "provinsi": "Kalimantan Tengah", "nama_pabri": "PT Sukajadi Sawit Mekar 2", "kapasitas": 45.0, "pot_pome": 1.233773, "pot_efb": 3.081786, "pot_fiber": 1.199333, "pot_shell": 2.212657, "jns_tek": "Biogas, Biomass Combustion", "alamat": " Sebabi", "kecamatan": "Telawang", "kab_kot": "Kotawaringin Timur", "latitude": -2.37025, "longitude": 112.602611 }, "geometry": { "type": "Point", "coordinates": [ 112.602611100000104, -2.37025 ] } },
{ "type": "Feature", "properties": { "objectid": 595, "provinsi": "Kalimantan Barat", "nama_pabri": "PT Sukses Karya Sawit", "kapasitas": 90.0, "pot_pome": 2.467546, "pot_efb": 6.163573, "pot_fiber": 2.398666, "pot_shell": 4.425315, "jns_tek": "Biogas, Biomass Combustion", "alamat": " Air Hitam Besar", "kecamatan": " Kendawangan", "kab_kot": "Ketapang", "latitude": -2.841331, "longitude": 110.736086 }, "geometry": { "type": "Point", "coordinates": [ 110.73608610000008, -2.841330599999935 ] } },
{ "type": "Feature", "properties": { "objectid": 596, "provinsi": "Sulawesi Tenggara", "nama_pabri": "PT Sultra Prima Lestari", "kapasitas": 30.0, "pot_pome": 0.822515, "pot_efb": 2.054524, "pot_fiber": 0.799555, "pot_shell": 1.475105, "jns_tek": "Biogas, Biomass Combustion", "alamat": " Labungga", "kecamatan": "Andowia", "kab_kot": "Konawe Utara", "latitude": -3.452059, "longitude": 122.167499 }, "geometry": { "type": "Point", "coordinates": [ 122.167499300000031, -3.452059499999962 ] } },
{ "type": "Feature", "properties": { "objectid": 597, "provinsi": "Kalimantan Barat", "nama_pabri": "PT Sumatera Jaya Agro Lestari", "kapasitas": 30.0, "pot_pome": 0.822515, "pot_efb": 2.054524, "pot_fiber": 0.799555, "pot_shell": 1.475105, "jns_tek": "Biogas, Biomass Combustion", "alamat": " Bagan Asam", "kecamatan": "Toba", "kab_kot": "Sanggau", "latitude": -0.410855, "longitude": 110.182518 }, "geometry": { "type": "Point", "coordinates": [ 110.182518100000038, -0.410855245999926 ] } },
{ "type": "Feature", "properties": { "objectid": 598, "provinsi": "Kalimantan Barat", "nama_pabri": "PT Sumatera Makmur Lestari (SML)", "kapasitas": 60.0, "pot_pome": 1.64503, "pot_efb": 4.109049, "pot_fiber": 1.599111, "pot_shell": 2.95021, "jns_tek": "Biogas, Biomass Combustion", "alamat": " Tinting Boyok", "kecamatan": " Sekadau Hulu", "kab_kot": "Sekadau", "latitude": -0.121418, "longitude": 110.758632 }, "geometry": { "type": "Point", "coordinates": [ 110.758631600000058, -0.121417880999957 ] } },
{ "type": "Feature", "properties": { "objectid": 599, "provinsi": "Riau", "nama_pabri": "PT Sumber Alam Makmur Sentosa", "kapasitas": 60.0, "pot_pome": 1.64503, "pot_efb": 4.109049, "pot_fiber": 1.599111, "pot_shell": 2.95021, "jns_tek": "Biogas, Biomass Combustion", "alamat": " Muara Dilam", "kecamatan": "Kunto Darussalam", "kab_kot": "Rokan Hulu", "latitude": 0.959306, "longitude": 100.723806 }, "geometry": { "type": "Point", "coordinates": [ 100.723805600000048, 0.959305556000061 ] } },
{ "type": "Feature", "properties": { "objectid": 600, "provinsi": "Kalimantan Timur", "nama_pabri": "PT Sumber Bunga Sawit Lestari", "kapasitas": 60.0, "pot_pome": 1.64503, "pot_efb": 4.109049, "pot_fiber": 1.599111, "pot_shell": 2.95021, "jns_tek": "Biogas, Biomass Combustion", "alamat": " Babulu Darat", "kecamatan": "Babulu", "kab_kot": "Penajam Paser Utara", "latitude": -1.493399, "longitude": 116.443983 }, "geometry": { "type": "Point", "coordinates": [ 116.443983000000117, -1.493399 ] } },
{ "type": "Feature", "properties": { "objectid": 601, "provinsi": "Jambi", "nama_pabri": "PT Sumber Guna Nabati", "kapasitas": 45.0, "pot_pome": 1.233773, "pot_efb": 3.081786, "pot_fiber": 1.199333, "pot_shell": 2.212657, "jns_tek": "Biogas, Biomass Combustion", "alamat": " Karang Berahi", "kecamatan": "Tabir Selan", "kab_kot": "Merangin", "latitude": -2.006092, "longitude": 102.492508 }, "geometry": { "type": "Point", "coordinates": [ 102.492508300000054, -2.006091699999956 ] } },
{ "type": "Feature", "properties": { "objectid": 602, "provinsi": "Lampung", "nama_pabri": "PT Sumber Indah Perkasa", "kapasitas": 60.0, "pot_pome": 1.64503, "pot_efb": 4.109049, "pot_fiber": 1.599111, "pot_shell": 2.95021, "jns_tek": "Biogas, Biomass Combustion", "alamat": " Sidomukti Batu", "kecamatan": "Gedung Aji Baru", "kab_kot": "Tulang Bawang", "latitude": -4.218444, "longitude": 105.588769 }, "geometry": { "type": "Point", "coordinates": [ 105.588769400000047, -4.218444443999942 ] } },
{ "type": "Feature", "properties": { "objectid": 603, "provinsi": "Lampung", "nama_pabri": "PT Sumber Indah Perkasa", "kapasitas": 60.0, "pot_pome": 1.64503, "pot_efb": 4.109049, "pot_fiber": 1.599111, "pot_shell": 2.95021, "jns_tek": "Biogas, Biomass Combustion", "alamat": " Talang Batu", "kecamatan": "Mesuji Timur", "kab_kot": "Mesuji", "latitude": -4.128611, "longitude": 105.438839 }, "geometry": { "type": "Point", "coordinates": [ 105.438838900000064, -4.128611110999941 ] } },
{ "type": "Feature", "properties": { "objectid": 604, "provinsi": "Riau", "nama_pabri": "PT Sumber Jaya Indah Nusa", "kapasitas": 30.0, "pot_pome": 0.822515, "pot_efb": 2.054524, "pot_fiber": 0.799555, "pot_shell": 1.475105, "jns_tek": "Biogas, Biomass Combustion", "alamat": " Ulak Patian", "kecamatan": "Kepenuhan", "kab_kot": "Rokan Hulu", "latitude": 1.16725, "longitude": 100.70444 }, "geometry": { "type": "Point", "coordinates": [ 100.70444, 1.16725 ] } },
{ "type": "Feature", "properties": { "objectid": 605, "provinsi": "Kalimantan Timur", "nama_pabri": "PT Sumber Kharisma Persada", "kapasitas": 60.0, "pot_pome": 1.64503, "pot_efb": 4.109049, "pot_fiber": 1.599111, "pot_shell": 2.95021, "jns_tek": "Biogas, Biomass Combustion", "alamat": " Peridan", "kecamatan": "Sangkulirang", "kab_kot": "Kutai Timur", "latitude": 1.014722, "longitude": 118.047778 }, "geometry": { "type": "Point", "coordinates": [ 118.047777800000063, 1.014722222000046 ] } },
{ "type": "Feature", "properties": { "objectid": 606, "provinsi": "Kalimantan Tengah", "nama_pabri": "PT Sumber Mahardhika Graha", "kapasitas": 45.0, "pot_pome": 1.233773, "pot_efb": 3.081786, "pot_fiber": 1.199333, "pot_shell": 2.212657, "jns_tek": "Biogas, Biomass Combustion", "alamat": " Nanga Bulik", "kecamatan": "Bulik", "kab_kot": "Lamandau", "latitude": -2.129936, "longitude": 111.332108 }, "geometry": { "type": "Point", "coordinates": [ 111.332108300000073, -2.12993611099995 ] } },
{ "type": "Feature", "properties": { "objectid": 607, "provinsi": "Sumatera Utara", "nama_pabri": "PT Sumber Sawit Makmur", "kapasitas": 20.0, "pot_pome": 0.548343, "pot_efb": 1.369683, "pot_fiber": 0.533037, "pot_shell": 0.983403, "jns_tek": "Biogas, Biomass Combustion", "alamat": " Laut Tador", "kecamatan": "Sei Suka", "kab_kot": "BATU BARA", "latitude": 3.270342, "longitude": 99.249708 }, "geometry": { "type": "Point", "coordinates": [ 99.249708330000033, 3.270341667000025 ] } },
{ "type": "Feature", "properties": { "objectid": 608, "provinsi": "Riau", "nama_pabri": "PT Sumber Sawit Sejahtera", "kapasitas": 45.0, "pot_pome": 1.233773, "pot_efb": 3.081786, "pot_fiber": 1.199333, "pot_shell": 2.212657, "jns_tek": "Biogas, Biomass Combustion", "alamat": " Pangkalankuras", "kecamatan": "0", "kab_kot": "Pelalawan", "latitude": 0.248311, "longitude": 101.977989 }, "geometry": { "type": "Point", "coordinates": [ 101.977988900000071, 0.248311100000024 ] } },
{ "type": "Feature", "properties": { "objectid": 609, "provinsi": "Sumatera Utara", "nama_pabri": "PT Sumber Tani Agung", "kapasitas": 60.0, "pot_pome": 1.64503, "pot_efb": 4.109049, "pot_fiber": 1.599111, "pot_shell": 2.95021, "jns_tek": "Biogas, Biomass Combustion", "alamat": " Sabungan", "kecamatan": " Sungai Kanan", "kab_kot": "Labuhan Batu Selatan", "latitude": 1.065887, "longitude": 99.962792 }, "geometry": { "type": "Point", "coordinates": [ 99.962791640000034, 1.065886871000032 ] } },
{ "type": "Feature", "properties": { "objectid": 610, "provinsi": "Sumatera Selatan", "nama_pabri": "PT Sumber Wangi Alam I", "kapasitas": 5.0, "pot_pome": 0.137086, "pot_efb": 0.342421, "pot_fiber": 0.133259, "pot_shell": 0.245851, "jns_tek": "Biogas, Biomass Combustion", "alamat": " Sungai Sodong", "kecamatan": "Mesuji", "kab_kot": "Ogan Komering Ilir", "latitude": -3.847083, "longitude": 105.189412 }, "geometry": { "type": "Point", "coordinates": [ 105.189411600000085, -3.847082973999932 ] } },
{ "type": "Feature", "properties": { "objectid": 611, "provinsi": "Sumatera Selatan", "nama_pabri": "PT Sumber Wangi Alam II", "kapasitas": 10.0, "pot_pome": 0.274172, "pot_efb": 0.684841, "pot_fiber": 0.266518, "pot_shell": 0.491702, "jns_tek": "Biogas, Biomass Combustion", "alamat": " Sungai Sodong", "kecamatan": "Mesuji", "kab_kot": "Ogan Komering Ilir", "latitude": -3.858933, "longitude": 105.207742 }, "geometry": { "type": "Point", "coordinates": [ 105.207741700000042, -3.858933299999933 ] } },
{ "type": "Feature", "properties": { "objectid": 612, "provinsi": "Jambi", "nama_pabri": "PT Sumbertama Nusapertiwi", "kapasitas": 30.0, "pot_pome": 0.822515, "pot_efb": 2.054524, "pot_fiber": 0.799555, "pot_shell": 1.475105, "jns_tek": "Biogas, Biomass Combustion", "alamat": " Parit", "kecamatan": "Sei Gelam", "kab_kot": "Muaro Jambi", "latitude": -1.675, "longitude": 103.800833 }, "geometry": { "type": "Point", "coordinates": [ 103.800833300000079, -1.675 ] } },
{ "type": "Feature", "properties": { "objectid": 613, "provinsi": "Jambi", "nama_pabri": "PT Sungai Bahar Pasifik Utama", "kapasitas": 45.0, "pot_pome": 1.233773, "pot_efb": 3.081786, "pot_fiber": 1.199333, "pot_shell": 2.212657, "jns_tek": "Biogas, Biomass Combustion", "alamat": " Taman Rajo", "kecamatan": "0", "kab_kot": "Muaro Jambi", "latitude": -1.529001, "longitude": 103.63716 }, "geometry": { "type": "Point", "coordinates": [ 103.63716, -1.529001 ] } },
{ "type": "Feature", "properties": { "objectid": 614, "provinsi": "Riau", "nama_pabri": "PT Sungai Pinang Malindo", "kapasitas": 60.0, "pot_pome": 1.64503, "pot_efb": 4.109049, "pot_fiber": 1.599111, "pot_shell": 2.95021, "jns_tek": "Biogas, Biomass Combustion", "alamat": " Pulau Birandang", "kecamatan": "Kampar Timur", "kab_kot": "Kampar", "latitude": 0.3914, "longitude": 101.241634 }, "geometry": { "type": "Point", "coordinates": [ 101.241634, 0.391400200000021 ] } },
{ "type": "Feature", "properties": { "objectid": 615, "provinsi": "Kalimantan Tengah", "nama_pabri": "PT Sungai Rangit", "kapasitas": 75.0, "pot_pome": 2.056288, "pot_efb": 5.136311, "pot_fiber": 1.998889, "pot_shell": 3.687762, "jns_tek": "Biogas, Biomass Combustion", "alamat": " Kartamulia", "kecamatan": "Sukamara", "kab_kot": "Sukamara", "latitude": -2.631186, "longitude": 111.256267 }, "geometry": { "type": "Point", "coordinates": [ 111.256266700000083, -2.631185777999974 ] } },
{ "type": "Feature", "properties": { "objectid": 616, "provinsi": "Sumatera Utara", "nama_pabri": "PT Supra Matra Abadi (SUC)", "kapasitas": 30.0, "pot_pome": 0.822515, "pot_efb": 2.054524, "pot_fiber": 0.799555, "pot_shell": 1.475105, "jns_tek": "Biogas, Biomass Combustion", "alamat": " Tanah Datar", "kecamatan": "Talawi", "kab_kot": "Asahan", "latitude": 3.148056, "longitude": 99.556389 }, "geometry": { "type": "Point", "coordinates": [ 99.556388890000051, 3.148055556000031 ] } },
{ "type": "Feature", "properties": { "objectid": 617, "provinsi": "Sumatera Utara", "nama_pabri": "PT Supra Matra Abadi", "kapasitas": 60.0, "pot_pome": 1.64503, "pot_efb": 4.109049, "pot_fiber": 1.599111, "pot_shell": 2.95021, "jns_tek": "Biogas, Biomass Combustion", "alamat": " Sukadame", "kecamatan": "Bilah Hulu", "kab_kot": "Labuhan Batu", "latitude": 1.999722, "longitude": 99.939722 }, "geometry": { "type": "Point", "coordinates": [ 99.939722220000078, 1.999722222000059 ] } },
{ "type": "Feature", "properties": { "objectid": 618, "provinsi": "Sumatera Utara", "nama_pabri": "PT Supra Matra Abadi", "kapasitas": 30.0, "pot_pome": 0.822515, "pot_efb": 2.054524, "pot_fiber": 0.799555, "pot_shell": 1.475105, "jns_tek": "Biogas, Biomass Combustion", "alamat": " Teluk Panji III", "kecamatan": "Kampung Rakyat", "kab_kot": "Labuhan Batu", "latitude": 2.002778, "longitude": 100.243611 }, "geometry": { "type": "Point", "coordinates": [ 100.243611100000066, 2.002777778000052 ] } },
{ "type": "Feature", "properties": { "objectid": 619, "provinsi": "Riau", "nama_pabri": "PT Suri Senia", "kapasitas": 30.0, "pot_pome": 0.822515, "pot_efb": 2.054524, "pot_fiber": 0.799555, "pot_shell": 1.475105, "jns_tek": "Biogas, Biomass Combustion", "alamat": " Talikumain", "kecamatan": "Tambusai", "kab_kot": "Rokan Hulu", "latitude": 1.078022, "longitude": 100.260933 }, "geometry": { "type": "Point", "coordinates": [ 100.260932700000069, 1.078022200000021 ] } },
{ "type": "Feature", "properties": { "objectid": 620, "provinsi": "Riau", "nama_pabri": "PT Surya Agrolika Reksa", "kapasitas": 60.0, "pot_pome": 1.64503, "pot_efb": 4.109049, "pot_fiber": 1.599111, "pot_shell": 2.95021, "jns_tek": "Biogas, Biomass Combustion", "alamat": " Beringin Jaya", "kecamatan": "Singingi Hilir", "kab_kot": "Kuantan Singingi", "latitude": -0.13925, "longitude": 101.397556 }, "geometry": { "type": "Point", "coordinates": [ 101.397555600000032, -0.13925 ] } },
{ "type": "Feature", "properties": { "objectid": 621, "provinsi": "Kalimantan Barat", "nama_pabri": "PT Surya Borneo Indah", "kapasitas": 50.0, "pot_pome": 1.370859, "pot_efb": 3.424207, "pot_fiber": 1.332592, "pot_shell": 2.458508, "jns_tek": "Biogas, Biomass Combustion", "alamat": " Tayan Padu", "kecamatan": "Tayan", "kab_kot": "Sanggau", "latitude": -0.040128, "longitude": 110.193292 }, "geometry": { "type": "Point", "coordinates": [ 110.193291700000088, -0.040127799999937 ] } },
{ "type": "Feature", "properties": { "objectid": 622, "provinsi": "Riau", "nama_pabri": "PT Surya Brata Sena", "kapasitas": 60.0, "pot_pome": 1.64503, "pot_efb": 4.109049, "pot_fiber": 1.599111, "pot_shell": 2.95021, "jns_tek": "Biogas, Biomass Combustion", "alamat": " Sorek II", "kecamatan": "Pangakalan Kuras", "kab_kot": "Pelalawan", "latitude": 0.152333, "longitude": 101.970806 }, "geometry": { "type": "Point", "coordinates": [ 101.970805600000062, 0.152333333000058 ] } },
{ "type": "Feature", "properties": { "objectid": 623, "provinsi": "Kalimantan Tengah", "nama_pabri": "PT Surya Indah Nusantara Pagi", "kapasitas": 60.0, "pot_pome": 1.64503, "pot_efb": 4.109049, "pot_fiber": 1.599111, "pot_shell": 2.95021, "jns_tek": "Biogas, Biomass Combustion", "alamat": "Kel. Pangkut/Sukarame", "kecamatan": "Arut Utara", "kab_kot": "Kotawaringin Barat", "latitude": -2.300025, "longitude": 111.983333 }, "geometry": { "type": "Point", "coordinates": [ 111.983333, -2.300025 ] } },
{ "type": "Feature", "properties": { "objectid": 624, "provinsi": "Riau", "nama_pabri": "PT Surya Intisari Raya", "kapasitas": 45.0, "pot_pome": 1.233773, "pot_efb": 3.081786, "pot_fiber": 1.199333, "pot_shell": 2.212657, "jns_tek": "Biogas, Biomass Combustion", "alamat": "Kel. Tebing Tinggi Okura", "kecamatan": "Rumbai Pesisir", "kab_kot": "Pekanbaru", "latitude": 0.629472, "longitude": 101.567306 }, "geometry": { "type": "Point", "coordinates": [ 101.567305600000054, 0.629472222000061 ] } },
{ "type": "Feature", "properties": { "objectid": 625, "provinsi": "Aceh", "nama_pabri": "PT Surya Panen Subur I", "kapasitas": 60.0, "pot_pome": 1.64503, "pot_efb": 4.109049, "pot_fiber": 1.599111, "pot_shell": 2.95021, "jns_tek": "Biogas, Biomass Combustion", "alamat": " Pulo Kruet", "kecamatan": "Darul Makmur", "kab_kot": "Aceh Barat", "latitude": 3.80725, "longitude": 96.4935 }, "geometry": { "type": "Point", "coordinates": [ 96.4935, 3.80725 ] } },
{ "type": "Feature", "properties": { "objectid": 626, "provinsi": "Sulawesi Barat", "nama_pabri": "PT Surya Raya Lestari", "kapasitas": 60.0, "pot_pome": 1.64503, "pot_efb": 4.109049, "pot_fiber": 1.599111, "pot_shell": 2.95021, "jns_tek": "Biogas, Biomass Combustion", "alamat": " Babana", "kecamatan": "Budong-budong", "kab_kot": "Mamuju Tengah", "latitude": -2.115103, "longitude": 119.257186 }, "geometry": { "type": "Point", "coordinates": [ 119.257186100000013, -2.115102799999931 ] } },
{ "type": "Feature", "properties": { "objectid": 627, "provinsi": "Sulawesi Barat", "nama_pabri": "PT Surya Raya Lestari", "kapasitas": 40.0, "pot_pome": 1.096687, "pot_efb": 2.739366, "pot_fiber": 1.066074, "pot_shell": 1.966806, "jns_tek": "Biogas, Biomass Combustion", "alamat": " Kumasarim Sarudu", "kecamatan": "0", "kab_kot": "Mamuju Utara", "latitude": -1.694362, "longitude": 119.361357 }, "geometry": { "type": "Point", "coordinates": [ 119.361356600000022, -1.694361944999969 ] } },
{ "type": "Feature", "properties": { "objectid": 628, "provinsi": "Kalimantan Tengah", "nama_pabri": "PT Surya Sawit Sejati", "kapasitas": 60.0, "pot_pome": 1.64503, "pot_efb": 4.109049, "pot_fiber": 1.599111, "pot_shell": 2.95021, "jns_tek": "Biogas, Biomass Combustion", "alamat": " Sungai Rangit SP 6", "kecamatan": "Pangkalan Lada", "kab_kot": "Kotawaringin Barat", "latitude": -2.594917, "longitude": 111.773639 }, "geometry": { "type": "Point", "coordinates": [ 111.773638900000037, -2.59491666699995 ] } },
{ "type": "Feature", "properties": { "objectid": 629, "provinsi": "Sumatera Selatan", "nama_pabri": "PT Suryabumi Agrolanggeng", "kapasitas": 90.0, "pot_pome": 2.467546, "pot_efb": 6.163573, "pot_fiber": 2.398666, "pot_shell": 4.425315, "jns_tek": "Biogas, Biomass Combustion", "alamat": " Simpang Tais", "kecamatan": "Talang Ubi Pendopo", "kab_kot": "Pali", "latitude": -3.359692, "longitude": 103.886008 }, "geometry": { "type": "Point", "coordinates": [ 103.886008300000071, -3.359691699999928 ] } },
{ "type": "Feature", "properties": { "objectid": 630, "provinsi": "Sumatera Selatan", "nama_pabri": "PT Sutopo Lestari", "kapasitas": 30.0, "pot_pome": 0.822515, "pot_efb": 2.054524, "pot_fiber": 0.799555, "pot_shell": 1.475105, "jns_tek": "Biogas, Biomass Combustion", "alamat": " Gasing", "kecamatan": "Talang Kelapa", "kab_kot": "Banyuasin", "latitude": -2.796, "longitude": 104.735569 }, "geometry": { "type": "Point", "coordinates": [ 104.735569400000088, -2.796 ] } },
{ "type": "Feature", "properties": { "objectid": 631, "provinsi": "Kalimantan Selatan", "nama_pabri": "PT Swadaya Andhika", "kapasitas": 30.0, "pot_pome": 0.822515, "pot_efb": 2.054524, "pot_fiber": 0.799555, "pot_shell": 1.475105, "jns_tek": "Biogas, Biomass Combustion", "alamat": " Selabak", "kecamatan": "Sungai Durian", "kab_kot": "Kotabaru", "latitude": -2.497658, "longitude": 116.203103 }, "geometry": { "type": "Point", "coordinates": [ 116.203102500000114, -2.497657827999944 ] } },
{ "type": "Feature", "properties": { "objectid": 632, "provinsi": "Kalimantan Barat", "nama_pabri": "PT Swadaya Mukti Prakarsa", "kapasitas": 45.0, "pot_pome": 1.233773, "pot_efb": 3.081786, "pot_fiber": 1.199333, "pot_shell": 2.212657, "jns_tek": "Biogas, Biomass Combustion", "alamat": " Sempurna", "kecamatan": " Kecamatan Sungai Laur", "kab_kot": "Ketapang", "latitude": -1.081556, "longitude": 110.383556 }, "geometry": { "type": "Point", "coordinates": [ 110.383555600000079, -1.081555555999955 ] } },
{ "type": "Feature", "properties": { "objectid": 633, "provinsi": "Riau", "nama_pabri": "PT Swakarsa Sawit Raya", "kapasitas": 60.0, "pot_pome": 1.64503, "pot_efb": 4.109049, "pot_fiber": 1.599111, "pot_shell": 2.95021, "jns_tek": "Biogas, Biomass Combustion", "alamat": " Talang Jerinjing", "kecamatan": "Rengat Barat", "kab_kot": "Indragiri Hulu", "latitude": 0.817792, "longitude": 100.887472 }, "geometry": { "type": "Point", "coordinates": [ 100.887472200000047, 0.817791667000051 ] } },
{ "type": "Feature", "properties": { "objectid": 634, "provinsi": "Kalimantan Timur", "nama_pabri": "PT Swakarsa Sinar Sentosa", "kapasitas": 90.0, "pot_pome": 2.467546, "pot_efb": 6.163573, "pot_fiber": 2.398666, "pot_shell": 4.425315, "jns_tek": "Biogas, Biomass Combustion", "alamat": " Muara Wahau", "kecamatan": "Muara Wahau", "kab_kot": "Berau", "latitude": 1.122778, "longitude": 116.851944 }, "geometry": { "type": "Point", "coordinates": [ 116.851944400000093, 1.122777778000057 ] } },
{ "type": "Feature", "properties": { "objectid": 635, "provinsi": "Bangka-Belitung", "nama_pabri": "PT Swarna Nusa Sentosa", "kapasitas": 30.0, "pot_pome": 0.822515, "pot_efb": 2.054524, "pot_fiber": 0.799555, "pot_shell": 1.475105, "jns_tek": "Biogas, Biomass Combustion", "alamat": " Malik Baru", "kecamatan": "Sungai Selan", "kab_kot": "Bangka Tengah", "latitude": -2.482983, "longitude": 106.078528 }, "geometry": { "type": "Point", "coordinates": [ 106.078527800000074, -2.482983299999944 ] } },
{ "type": "Feature", "properties": { "objectid": 636, "provinsi": "Aceh", "nama_pabri": "PT Syaukat Sejahtera", "kapasitas": 20.0, "pot_pome": 0.548343, "pot_efb": 1.369683, "pot_fiber": 0.533037, "pot_shell": 0.983403, "jns_tek": "Biogas, Biomass Combustion", "alamat": " Cot Jabet", "kecamatan": "Gandapura", "kab_kot": "Bireun", "latitude": 5.226892, "longitude": 96.898031 }, "geometry": { "type": "Point", "coordinates": [ 96.898030600000084, 5.226891700000067 ] } },
{ "type": "Feature", "properties": { "objectid": 637, "provinsi": "Riau", "nama_pabri": "PT Tabung Haji Indonesia Plantation (ex Multi Gambut Industri)", "kapasitas": 120.0, "pot_pome": 3.290061, "pot_efb": 8.218097, "pot_fiber": 3.198222, "pot_shell": 5.900419, "jns_tek": "Biogas, Biomass Combustion", "alamat": " Simpang Katemanan", "kecamatan": "Kateman", "kab_kot": "Indragiri hilir", "latitude": 0.23607, "longitude": 102.8334 }, "geometry": { "type": "Point", "coordinates": [ 102.8334, 0.23607 ] } },
{ "type": "Feature", "properties": { "objectid": 638, "provinsi": "Riau", "nama_pabri": "PT Talang Jerinjing Sawit", "kapasitas": 15.0, "pot_pome": 0.411258, "pot_efb": 1.027262, "pot_fiber": 0.399778, "pot_shell": 0.737552, "jns_tek": "Biogas, Biomass Combustion", "alamat": "JL. Lintas Timur  Talang Jerinjing", "kecamatan": "Rengat Barat", "kab_kot": "Indragiri Hulu", "latitude": -0.462433, "longitude": 102.467886 }, "geometry": { "type": "Point", "coordinates": [ 102.467886100000044, -0.46243329999993 ] } },
{ "type": "Feature", "properties": { "objectid": 639, "provinsi": "Sumatera Utara", "nama_pabri": "PT Tales Inti Sawit", "kapasitas": 40.0, "pot_pome": 1.096687, "pot_efb": 2.739366, "pot_fiber": 1.066074, "pot_shell": 1.966806, "jns_tek": "Biogas, Biomass Combustion", "alamat": " Bandar Merah", "kecamatan": "Bangun Purba", "kab_kot": "Deli Serdang", "latitude": 3.327265, "longitude": 98.763689 }, "geometry": { "type": "Point", "coordinates": [ 98.763689, 3.327265 ] } },
{ "type": "Feature", "properties": { "objectid": 640, "provinsi": "Sulawesi Tengah", "nama_pabri": "PT Tamaco Graha Krida", "kapasitas": 40.0, "pot_pome": 1.096687, "pot_efb": 2.739366, "pot_fiber": 1.066074, "pot_shell": 1.966806, "jns_tek": "Biogas, Biomass Combustion", "alamat": " Ungkaya", "kecamatan": "Wita Ponda", "kab_kot": "Morowali", "latitude": -2.222778, "longitude": 121.563611 }, "geometry": { "type": "Point", "coordinates": [ 121.563611100000116, -2.222777777999966 ] } },
{ "type": "Feature", "properties": { "objectid": 641, "provinsi": "Sumatera Utara", "nama_pabri": "PT Tamiang Sari", "kapasitas": 40.0, "pot_pome": 1.096687, "pot_efb": 2.739366, "pot_fiber": 1.066074, "pot_shell": 1.966806, "jns_tek": "Biogas, Biomass Combustion", "alamat": " Bandar Meriah", "kecamatan": "Bangun Purba", "kab_kot": "Deli Serdang", "latitude": 3.352086, "longitude": 98.778411 }, "geometry": { "type": "Point", "coordinates": [ 98.778411100000085, 3.352086100000065 ] } },
{ "type": "Feature", "properties": { "objectid": 642, "provinsi": "Riau", "nama_pabri": "PT Tamora Agro Lestari", "kapasitas": 30.0, "pot_pome": 0.822515, "pot_efb": 2.054524, "pot_fiber": 0.799555, "pot_shell": 1.475105, "jns_tek": "Biogas, Biomass Combustion", "alamat": " Serosah", "kecamatan": "Hulu Kuantan", "kab_kot": "Kuantan Singingi", "latitude": -0.532436, "longitude": 101.420911 }, "geometry": { "type": "Point", "coordinates": [ 101.420911100000069, -0.532436099999927 ] } },
{ "type": "Feature", "properties": { "objectid": 643, "provinsi": "Sumatera Selatan", "nama_pabri": "PT Tania Selatan", "kapasitas": 60.0, "pot_pome": 1.64503, "pot_efb": 4.109049, "pot_fiber": 1.599111, "pot_shell": 2.95021, "jns_tek": "Biogas, Biomass Combustion", "alamat": " Muara Burnai", "kecamatan": "Lempuing", "kab_kot": "Ogan Komering Ilir", "latitude": -3.626667, "longitude": 104.868136 }, "geometry": { "type": "Point", "coordinates": [ 104.868136100000072, -3.626666666999938 ] } },
{ "type": "Feature", "properties": { "objectid": 644, "provinsi": "Kalimantan Timur", "nama_pabri": "PT Tanjung Buyu Perkasa Plantation", "kapasitas": 60.0, "pot_pome": 1.64503, "pot_efb": 4.109049, "pot_fiber": 1.599111, "pot_shell": 2.95021, "jns_tek": "Biogas, Biomass Combustion", "alamat": " Dimang", "kecamatan": "Talisayan", "kab_kot": "Berau", "latitude": 0.0, "longitude": 0.0 }, "geometry": null },
{ "type": "Feature", "properties": { "objectid": 645, "provinsi": "Kalimantan Tengah", "nama_pabri": "PT Tapian Nadenggan", "kapasitas": 80.0, "pot_pome": 2.193374, "pot_efb": 5.478731, "pot_fiber": 2.132148, "pot_shell": 3.933613, "jns_tek": "Biogas, Biomass Combustion", "alamat": " Derangga", "kecamatan": "Hanau", "kab_kot": "Seruyan", "latitude": -2.360833, "longitude": 112.109722 }, "geometry": { "type": "Point", "coordinates": [ 112.109722200000078, -2.36083333299996 ] } },
{ "type": "Feature", "properties": { "objectid": 646, "provinsi": "Sumatera Utara", "nama_pabri": "PT Tapian Nadenggan", "kapasitas": 60.0, "pot_pome": 1.64503, "pot_efb": 4.109049, "pot_fiber": 1.599111, "pot_shell": 2.95021, "jns_tek": "Biogas, Biomass Combustion", "alamat": " Hutabaru Namgka", "kecamatan": "Halongonan", "kab_kot": "Padang Lawas Utara", "latitude": 1.654444, "longitude": 99.886944 }, "geometry": { "type": "Point", "coordinates": [ 99.886944440000036, 1.654444444000035 ] } },
{ "type": "Feature", "properties": { "objectid": 647, "provinsi": "Kalimantan Timur", "nama_pabri": "PT Tapian Nadenggan", "kapasitas": 80.0, "pot_pome": 2.193374, "pot_efb": 5.478731, "pot_fiber": 2.132148, "pot_shell": 3.933613, "jns_tek": "Biogas, Biomass Combustion", "alamat": " Jak Luay", "kecamatan": "Muara Wahau", "kab_kot": "Kutai Timur", "latitude": 0.950833, "longitude": 116.915 }, "geometry": { "type": "Point", "coordinates": [ 116.915, 0.950833333000048 ] } },
{ "type": "Feature", "properties": { "objectid": 648, "provinsi": "Kalimantan Tengah", "nama_pabri": "PT Tapian Nadenggan", "kapasitas": 80.0, "pot_pome": 2.193374, "pot_efb": 5.478731, "pot_fiber": 2.132148, "pot_shell": 3.933613, "jns_tek": "Biogas, Biomass Combustion", "alamat": " Rungau Raya", "kecamatan": "Danau Siluluk", "kab_kot": "Seruyan", "latitude": -2.249203, "longitude": 112.340846 }, "geometry": { "type": "Point", "coordinates": [ 112.34084590000009, -2.249203328999954 ] } },
{ "type": "Feature", "properties": { "objectid": 649, "provinsi": "Sumatera Utara", "nama_pabri": "PT Tasik Raja", "kapasitas": 60.0, "pot_pome": 1.64503, "pot_efb": 4.109049, "pot_fiber": 1.599111, "pot_shell": 2.95021, "jns_tek": "Biogas, Biomass Combustion", "alamat": " Bukit Tujuh", "kecamatan": "Torgamba", "kab_kot": "Labuhan Batu Selatan", "latitude": 1.669611, "longitude": 100.161519 }, "geometry": { "type": "Point", "coordinates": [ 100.161519400000032, 1.669611111000052 ] } },
{ "type": "Feature", "properties": { "objectid": 650, "provinsi": "Riau", "nama_pabri": "PT Tasma Puja", "kapasitas": 30.0, "pot_pome": 0.822515, "pot_efb": 2.054524, "pot_fiber": 0.799555, "pot_shell": 1.475105, "jns_tek": "Biogas, Biomass Combustion", "alamat": " Kampar", "kecamatan": "Kampar", "kab_kot": "Kampar", "latitude": 0.276039, "longitude": 101.219115 }, "geometry": { "type": "Point", "coordinates": [ 101.219115, 0.276039316000038 ] } },
{ "type": "Feature", "properties": { "objectid": 651, "provinsi": "Jambi", "nama_pabri": "PT Teboplasma Intilestari", "kapasitas": 45.0, "pot_pome": 1.233773, "pot_efb": 3.081786, "pot_fiber": 1.199333, "pot_shell": 2.212657, "jns_tek": "Biogas, Biomass Combustion", "alamat": " Pelayang", "kecamatan": "Tebo Tengah", "kab_kot": "Tebo", "latitude": -1.444708, "longitude": 102.537583 }, "geometry": { "type": "Point", "coordinates": [ 102.537583300000051, -1.444708299999945 ] } },
{ "type": "Feature", "properties": { "objectid": 652, "provinsi": "Kalimantan Tengah", "nama_pabri": "PT Teguh Sempurna", "kapasitas": 60.0, "pot_pome": 1.64503, "pot_efb": 4.109049, "pot_fiber": 1.599111, "pot_shell": 2.95021, "jns_tek": "Biogas, Biomass Combustion", "alamat": " Sahabu", "kecamatan": "Batu Ampar", "kab_kot": "Seruyan", "latitude": -2.148333, "longitude": 112.292778 }, "geometry": { "type": "Point", "coordinates": [ 112.292777800000067, -2.148333332999925 ] } },
{ "type": "Feature", "properties": { "objectid": 653, "provinsi": "Riau", "nama_pabri": "PT Teguhkarsa Wanalestari", "kapasitas": 45.0, "pot_pome": 1.233773, "pot_efb": 3.081786, "pot_fiber": 1.199333, "pot_shell": 2.212657, "jns_tek": "Biogas, Biomass Combustion", "alamat": " Buantan Besar", "kecamatan": "Siak", "kab_kot": "Siak", "latitude": 0.92805, "longitude": 102.02132 }, "geometry": { "type": "Point", "coordinates": [ 102.02132, 0.92805 ] } },
{ "type": "Feature", "properties": { "objectid": 654, "provinsi": "Sumatera Selatan", "nama_pabri": "PT Telaga Hikmah", "kapasitas": 60.0, "pot_pome": 1.64503, "pot_efb": 4.109049, "pot_fiber": 1.599111, "pot_shell": 2.95021, "jns_tek": "Biogas, Biomass Combustion", "alamat": " Sumber Hidup", "kecamatan": "Padamaran Timur", "kab_kot": "Ogan Komering Ilir", "latitude": -3.598167, "longitude": 105.060285 }, "geometry": { "type": "Point", "coordinates": [ 105.060284900000056, -3.598166938999952 ] } },
{ "type": "Feature", "properties": { "objectid": 655, "provinsi": "Kalimantan Timur", "nama_pabri": "PT Telen Prima Sawit", "kapasitas": 60.0, "pot_pome": 1.64503, "pot_efb": 4.109049, "pot_fiber": 1.599111, "pot_shell": 2.95021, "jns_tek": "Biogas, Biomass Combustion", "alamat": " Batu Balai", "kecamatan": "Muara Bengkal", "kab_kot": "Kutai Timur", "latitude": 0.509903, "longitude": 116.780167 }, "geometry": { "type": "Point", "coordinates": [ 116.780166700000109, 0.509902778000026 ] } },
{ "type": "Feature", "properties": { "objectid": 656, "provinsi": "Riau", "nama_pabri": "PT Tengganau Mandiri Lestari", "kapasitas": 10.0, "pot_pome": 0.274172, "pot_efb": 0.684841, "pot_fiber": 0.266518, "pot_shell": 0.491702, "jns_tek": "Biogas, Biomass Combustion", "alamat": " Tengganau", "kecamatan": "Pinggir", "kab_kot": "Bagan Sinembah", "latitude": 1.122311, "longitude": 101.257344 }, "geometry": { "type": "Point", "coordinates": [ 101.257344400000079, 1.122311100000047 ] } },
{ "type": "Feature", "properties": { "objectid": 657, "provinsi": "Riau", "nama_pabri": "PT TH Indo Plantations", "kapasitas": 30.0, "pot_pome": 0.822515, "pot_efb": 2.054524, "pot_fiber": 0.799555, "pot_shell": 1.475105, "jns_tek": "Biogas, Biomass Combustion", "alamat": " Bantayan", "kecamatan": "Mandah", "kab_kot": "Indragiri Hilir", "latitude": 0.106389, "longitude": 103.170556 }, "geometry": { "type": "Point", "coordinates": [ 103.170555600000057, 0.106388889000073 ] } },
{ "type": "Feature", "properties": { "objectid": 658, "provinsi": "Riau", "nama_pabri": "PT TH Indo Plantations", "kapasitas": 30.0, "pot_pome": 0.822515, "pot_efb": 2.054524, "pot_fiber": 0.799555, "pot_shell": 1.475105, "jns_tek": "Biogas, Biomass Combustion", "alamat": " Batang Tumu", "kecamatan": "Mandah", "kab_kot": "Indragiri Hilir", "latitude": 0.103611, "longitude": 103.034444 }, "geometry": { "type": "Point", "coordinates": [ 103.034444400000041, 0.103611111000021 ] } },
{ "type": "Feature", "properties": { "objectid": 659, "provinsi": "Riau", "nama_pabri": "PT TH Indo Plantations", "kapasitas": 45.0, "pot_pome": 1.233773, "pot_efb": 3.081786, "pot_fiber": 1.199333, "pot_shell": 2.212657, "jns_tek": "Biogas, Biomass Combustion", "alamat": " Pelanduk", "kecamatan": "Mandah", "kab_kot": "Indragiri Hilir", "latitude": 0.244722, "longitude": 102.978333 }, "geometry": { "type": "Point", "coordinates": [ 102.978333300000088, 0.244722222000064 ] } },
{ "type": "Feature", "properties": { "objectid": 660, "provinsi": "Riau", "nama_pabri": "PT TH Indo Plantations", "kapasitas": 90.0, "pot_pome": 2.467546, "pot_efb": 6.163573, "pot_fiber": 2.398666, "pot_shell": 4.425315, "jns_tek": "Biogas, Biomass Combustion", "alamat": " Tanjung Simpang", "kecamatan": "Pelangiran", "kab_kot": "Indragiri Hilir", "latitude": 0.222778, "longitude": 103.1625 }, "geometry": { "type": "Point", "coordinates": [ 103.1625, 0.222777778000022 ] } },
{ "type": "Feature", "properties": { "objectid": 661, "provinsi": "Sumatera Barat", "nama_pabri": "PT Tidar Kerinci Agung", "kapasitas": 60.0, "pot_pome": 1.64503, "pot_efb": 4.109049, "pot_fiber": 1.599111, "pot_shell": 2.95021, "jns_tek": "Biogas, Biomass Combustion", "alamat": " Mangun Jaya", "kecamatan": "Asam Jujuhan", "kab_kot": "Dharmasraya", "latitude": -1.55, "longitude": 101.55 }, "geometry": { "type": "Point", "coordinates": [ 101.55, -1.55 ] } },
{ "type": "Feature", "properties": { "objectid": 662, "provinsi": "Sumatera Utara", "nama_pabri": "PT Tolan Tiga Indonesia", "kapasitas": 60.0, "pot_pome": 1.64503, "pot_efb": 4.109049, "pot_fiber": 1.599111, "pot_shell": 2.95021, "jns_tek": "Biogas, Biomass Combustion", "alamat": " Rakyat", "kecamatan": "Labuhan Batu Selatan", "kab_kot": "Labuhan Batu Selatan", "latitude": 2.06116, "longitude": 100.081776 }, "geometry": { "type": "Point", "coordinates": [ 100.081775500000049, 2.06116015300006 ] } },
{ "type": "Feature", "properties": { "objectid": 663, "provinsi": "Sumatera Utara", "nama_pabri": "PT Tolan Tiga Indonesia", "kapasitas": 45.0, "pot_pome": 1.233773, "pot_efb": 3.081786, "pot_fiber": 1.199333, "pot_shell": 2.212657, "jns_tek": "Biogas, Biomass Combustion", "alamat": "Pematang Syahkuda", "kecamatan": "0", "kab_kot": "Simalungun", "latitude": 3.066667, "longitude": 99.25 }, "geometry": { "type": "Point", "coordinates": [ 99.25, 3.06666666700005 ] } },
{ "type": "Feature", "properties": { "objectid": 664, "provinsi": "Riau", "nama_pabri": "PT Torganda", "kapasitas": 60.0, "pot_pome": 1.64503, "pot_efb": 4.109049, "pot_fiber": 1.599111, "pot_shell": 2.95021, "jns_tek": "Biogas, Biomass Combustion", "alamat": " Tambusai Barat", "kecamatan": "Tambusai", "kab_kot": "Rokan Hulu", "latitude": 2.381722, "longitude": 99.826476 }, "geometry": { "type": "Point", "coordinates": [ 99.826476430000071, 2.381722351000064 ] } },
{ "type": "Feature", "properties": { "objectid": 665, "provinsi": "Sumatera Utara", "nama_pabri": "PT Torganda", "kapasitas": 60.0, "pot_pome": 1.64503, "pot_efb": 4.109049, "pot_fiber": 1.599111, "pot_shell": 2.95021, "jns_tek": "Biogas, Biomass Combustion", "alamat": " Torganda", "kecamatan": "Torgamba", "kab_kot": "Labuhan Batu Selatan", "latitude": 1.608554, "longitude": 100.238623 }, "geometry": { "type": "Point", "coordinates": [ 100.238622800000087, 1.608553889000063 ] } },
{ "type": "Feature", "properties": { "objectid": 666, "provinsi": "Sulawesi Barat", "nama_pabri": "PT Toscano Indah Pratama", "kapasitas": 60.0, "pot_pome": 1.64503, "pot_efb": 4.109049, "pot_fiber": 1.599111, "pot_shell": 2.95021, "jns_tek": "Biogas, Biomass Combustion", "alamat": " Kalola", "kecamatan": "Bambalamotu", "kab_kot": "Mamuju Utara", "latitude": -1.086294, "longitude": 119.472826 }, "geometry": { "type": "Point", "coordinates": [ 119.472826, -1.086294 ] } },
{ "type": "Feature", "properties": { "objectid": 667, "provinsi": "Sumatera Selatan", "nama_pabri": "PT Transpacific Agro Industry", "kapasitas": 45.0, "pot_pome": 1.233773, "pot_efb": 3.081786, "pot_fiber": 1.199333, "pot_shell": 2.212657, "jns_tek": "Biogas, Biomass Combustion", "alamat": " Upang Jaya", "kecamatan": "Muara Telang", "kab_kot": "Banyuasin", "latitude": -2.803595, "longitude": 104.895781 }, "geometry": { "type": "Point", "coordinates": [ 104.89578060000008, -2.803595100999928 ] } },
{ "type": "Feature", "properties": { "objectid": 668, "provinsi": "Sumatera Selatan", "nama_pabri": "PT Trekreasi Marga Mulia", "kapasitas": 5.0, "pot_pome": 0.137086, "pot_efb": 0.342421, "pot_fiber": 0.133259, "pot_shell": 0.245851, "jns_tek": "Biogas, Biomass Combustion", "alamat": " Benawa", "kecamatan": "Teluk Gelam", "kab_kot": "Ogan Komering Ilir", "latitude": -3.596114, "longitude": 104.757939 }, "geometry": { "type": "Point", "coordinates": [ 104.757938900000056, -3.596113899999978 ] } },
{ "type": "Feature", "properties": { "objectid": 669, "provinsi": "Aceh", "nama_pabri": "PT Tri Agro Palma Tamiang", "kapasitas": 20.0, "pot_pome": 0.548343, "pot_efb": 1.369683, "pot_fiber": 0.533037, "pot_shell": 0.983403, "jns_tek": "Biogas, Biomass Combustion", "alamat": " Gampong Semadam", "kecamatan": "Kejuruan Muda", "kab_kot": "Aceh Tamiang", "latitude": 4.186294, "longitude": 98.042817 }, "geometry": { "type": "Point", "coordinates": [ 98.04281670000006, 4.186294400000065 ] } },
{ "type": "Feature", "properties": { "objectid": 670, "provinsi": "Jambi", "nama_pabri": "PT Tri Mitra Lestari", "kapasitas": 30.0, "pot_pome": 0.822515, "pot_efb": 2.054524, "pot_fiber": 0.799555, "pot_shell": 1.475105, "jns_tek": "Biogas, Biomass Combustion", "alamat": " Purwodadi", "kecamatan": "Tungkal Ulu", "kab_kot": "Tanjung Jabung Barat", "latitude": -1.070506, "longitude": 103.16675 }, "geometry": { "type": "Point", "coordinates": [ 103.16675, -1.070505599999933 ] } },
{ "type": "Feature", "properties": { "objectid": 671, "provinsi": "Riau", "nama_pabri": "PT Tribakti Sarimas", "kapasitas": 90.0, "pot_pome": 2.467546, "pot_efb": 6.163573, "pot_fiber": 2.398666, "pot_shell": 4.425315, "jns_tek": "Biogas, Biomass Combustion", "alamat": " Ibul", "kecamatan": "Pucuk Rantau", "kab_kot": "Kuantan Singingi", "latitude": -0.861111, "longitude": 101.749722 }, "geometry": { "type": "Point", "coordinates": [ 101.749722200000065, -0.861111110999957 ] } },
{ "type": "Feature", "properties": { "objectid": 672, "provinsi": "Riau", "nama_pabri": "PT Tribakti Sarimas", "kapasitas": 60.0, "pot_pome": 1.64503, "pot_efb": 4.109049, "pot_fiber": 1.599111, "pot_shell": 2.95021, "jns_tek": "Biogas, Biomass Combustion", "alamat": " Pantai", "kecamatan": "Kuantan Mudik", "kab_kot": "Kuantan Singingi", "latitude": -0.730278, "longitude": 101.641111 }, "geometry": { "type": "Point", "coordinates": [ 101.641111100000046, -0.730277777999959 ] } },
{ "type": "Feature", "properties": { "objectid": 673, "provinsi": "Kalimantan Timur", "nama_pabri": "PT Tritunggal Sentra Buana", "kapasitas": 40.0, "pot_pome": 1.096687, "pot_efb": 2.739366, "pot_fiber": 1.066074, "pot_shell": 1.966806, "jns_tek": "Biogas, Biomass Combustion", "alamat": " Saliki", "kecamatan": "Muara Badak", "kab_kot": "Kutai Kartanegara", "latitude": 0.431944, "longitude": 117.352264 }, "geometry": { "type": "Point", "coordinates": [ 117.352263900000025, 0.431944444000067 ] } },
{ "type": "Feature", "properties": { "objectid": 674, "provinsi": "Kalimantan Tengah", "nama_pabri": "PT Tunas Agro Subur Kencana", "kapasitas": 150.0, "pot_pome": 4.112576, "pot_efb": 10.272621, "pot_fiber": 3.997777, "pot_shell": 7.375524, "jns_tek": "Biogas, Biomass Combustion", "alamat": " Tumbang Mujam", "kecamatan": "Parenggean", "kab_kot": "Kotawaringin Timur", "latitude": -2.252042, "longitude": 112.825369 }, "geometry": { "type": "Point", "coordinates": [ 112.825369400000113, -2.25204169999995 ] } },
{ "type": "Feature", "properties": { "objectid": 675, "provinsi": "Lampung", "nama_pabri": "PT Tunas Baru Lampung", "kapasitas": 120.0, "pot_pome": 3.290061, "pot_efb": 8.218097, "pot_fiber": 3.198222, "pot_shell": 5.900419, "jns_tek": "Biogas, Biomass Combustion", "alamat": " Mukti Karya", "kecamatan": "Panca Jaya", "kab_kot": "Mesuji", "latitude": -4.067361, "longitude": 105.273333 }, "geometry": { "type": "Point", "coordinates": [ 105.273333300000047, -4.067361110999968 ] } },
{ "type": "Feature", "properties": { "objectid": 676, "provinsi": "Sumatera Selatan", "nama_pabri": "PT Tunas Baru Lampung", "kapasitas": 45.0, "pot_pome": 1.233773, "pot_efb": 3.081786, "pot_fiber": 1.199333, "pot_shell": 2.212657, "jns_tek": "Biogas, Biomass Combustion", "alamat": "Duren Ijo", "kecamatan": "Banyuasin 1", "kab_kot": "Banyuasin", "latitude": -2.906944, "longitude": 104.913056 }, "geometry": { "type": "Point", "coordinates": [ 104.913055600000064, -2.906944443999976 ] } },
{ "type": "Feature", "properties": { "objectid": 677, "provinsi": "Papua", "nama_pabri": "PT Tunas Sawa Erma", "kapasitas": 45.0, "pot_pome": 1.233773, "pot_efb": 3.081786, "pot_fiber": 1.199333, "pot_shell": 2.212657, "jns_tek": "Biogas, Biomass Combustion", "alamat": " Butiptiri", "kecamatan": "Jair", "kab_kot": "Boven Digoel", "latitude": -6.61, "longitude": 140.564167 }, "geometry": { "type": "Point", "coordinates": [ 140.564166700000101, -6.61 ] } },
{ "type": "Feature", "properties": { "objectid": 678, "provinsi": "Papua", "nama_pabri": "PT Tunas Sawa Erma", "kapasitas": 100.0, "pot_pome": 2.741717, "pot_efb": 6.848414, "pot_fiber": 2.665185, "pot_shell": 4.917016, "jns_tek": "Biogas, Biomass Combustion", "alamat": " Getentiri", "kecamatan": " Kec Jair", "kab_kot": "Boven Digoel", "latitude": -6.644167, "longitude": 140.277222 }, "geometry": { "type": "Point", "coordinates": [ 140.277222200000097, -6.644166666999979 ] } },
{ "type": "Feature", "properties": { "objectid": 679, "provinsi": "Riau", "nama_pabri": "PT Tunggal Mitra Plantation", "kapasitas": 60.0, "pot_pome": 1.64503, "pot_efb": 4.109049, "pot_fiber": 1.599111, "pot_shell": 2.95021, "jns_tek": "Biogas, Biomass Combustion", "alamat": " Balam Sempurna", "kecamatan": "Bagan Sinembah", "kab_kot": "Rokan Hilir", "latitude": 1.833333, "longitude": 100.666667 }, "geometry": { "type": "Point", "coordinates": [ 100.666666700000064, 1.833333333000041 ] } },
{ "type": "Feature", "properties": { "objectid": 680, "provinsi": "Riau", "nama_pabri": "PT Tunggal Perkasa Plantations", "kapasitas": 60.0, "pot_pome": 1.64503, "pot_efb": 4.109049, "pot_fiber": 1.599111, "pot_shell": 2.95021, "jns_tek": "Biogas, Biomass Combustion", "alamat": " Sungai Sagu", "kecamatan": "Lirik", "kab_kot": "Indragiri Hulu", "latitude": -0.302972, "longitude": 102.273472 }, "geometry": { "type": "Point", "coordinates": [ 102.273472200000072, -0.302972221999937 ] } },
{ "type": "Feature", "properties": { "objectid": 681, "provinsi": "Riau", "nama_pabri": "PT Tunggal Yunus Estate", "kapasitas": 45.0, "pot_pome": 1.233773, "pot_efb": 3.081786, "pot_fiber": 1.199333, "pot_shell": 2.212657, "jns_tek": "Biogas, Biomass Combustion", "alamat": " Sekijang", "kecamatan": "Tapung Hilir", "kab_kot": "Kampar", "latitude": 0.689444, "longitude": 100.935 }, "geometry": { "type": "Point", "coordinates": [ 100.935, 0.68944444400006 ] } },
{ "type": "Feature", "properties": { "objectid": 682, "provinsi": "Aceh", "nama_pabri": "PT Ujung Neubok Dalam", "kapasitas": 50.0, "pot_pome": 1.370859, "pot_efb": 3.424207, "pot_fiber": 1.332592, "pot_shell": 2.458508, "jns_tek": "Biogas, Biomass Combustion", "alamat": " Gagak/Lamie", "kecamatan": "Darul Makmur", "kab_kot": "Aceh Barat", "latitude": 4.005472, "longitude": 96.484975 }, "geometry": { "type": "Point", "coordinates": [ 96.484975, 4.005472200000042 ] } },
{ "type": "Feature", "properties": { "objectid": 683, "provinsi": "Sumatera Utara", "nama_pabri": "PT Umada Pajak", "kapasitas": 30.0, "pot_pome": 0.822515, "pot_efb": 2.054524, "pot_fiber": 0.799555, "pot_shell": 1.475105, "jns_tek": "Biogas, Biomass Combustion", "alamat": " Pernantian", "kecamatan": "Marbau", "kab_kot": "Labuhan Batu Utara", "latitude": 2.231414, "longitude": 99.790753 }, "geometry": { "type": "Point", "coordinates": [ 99.790752780000048, 2.231413889000066 ] } },
{ "type": "Feature", "properties": { "objectid": 684, "provinsi": "Sumatera Utara", "nama_pabri": "PT Umbul Mas Wisesa", "kapasitas": 40.0, "pot_pome": 1.096687, "pot_efb": 2.739366, "pot_fiber": 1.066074, "pot_shell": 1.966806, "jns_tek": "Biogas, Biomass Combustion", "alamat": " Tanjung Mulia", "kecamatan": "Desa Rakyat", "kab_kot": "Labuhan Batu", "latitude": 2.211389, "longitude": 100.272222 }, "geometry": { "type": "Point", "coordinates": [ 100.272222200000044, 2.211388889000034 ] } },
{ "type": "Feature", "properties": { "objectid": 685, "provinsi": "Kalimantan Tengah", "nama_pabri": "PT Unggul Lestari", "kapasitas": 45.0, "pot_pome": 1.233773, "pot_efb": 3.081786, "pot_fiber": 1.199333, "pot_shell": 2.212657, "jns_tek": "Biogas, Biomass Combustion", "alamat": " Tumbang Sepayang", "kecamatan": "Antang Kalang", "kab_kot": "Kotawaringin Timur", "latitude": -1.594083, "longitude": 112.601778 }, "geometry": { "type": "Point", "coordinates": [ 112.601777800000036, -1.594083332999958 ] } },
{ "type": "Feature", "properties": { "objectid": 686, "provinsi": "Sulawesi Barat", "nama_pabri": "PT Unggul Widya Teknologi", "kapasitas": 45.0, "pot_pome": 1.233773, "pot_efb": 3.081786, "pot_fiber": 1.199333, "pot_shell": 2.212657, "jns_tek": "Biogas, Biomass Combustion", "alamat": " Motu", "kecamatan": "Baras", "kab_kot": "Mamuju Utara", "latitude": -1.54165, "longitude": 119.401578 }, "geometry": { "type": "Point", "coordinates": [ 119.401577800000041, -1.54165 ] } },
{ "type": "Feature", "properties": { "objectid": 687, "provinsi": "Kalimantan Tengah", "nama_pabri": "PT Uni Primacom", "kapasitas": 20.0, "pot_pome": 0.548343, "pot_efb": 1.369683, "pot_fiber": 0.533037, "pot_shell": 0.983403, "jns_tek": "Biogas, Biomass Combustion", "alamat": " Barunang", "kecamatan": "Parenggean", "kab_kot": "Kotawaringin Timur", "latitude": -1.943583, "longitude": 112.729583 }, "geometry": { "type": "Point", "coordinates": [ 112.729583300000058, -1.943583332999935 ] } },
{ "type": "Feature", "properties": { "objectid": 688, "provinsi": "Sumatera Utara", "nama_pabri": "PT United Kingdom Indonesia Plantations", "kapasitas": 20.0, "pot_pome": 0.548343, "pot_efb": 1.369683, "pot_fiber": 0.533037, "pot_shell": 0.983403, "jns_tek": "Biogas, Biomass Combustion", "alamat": " Blankahan", "kecamatan": "Kuala", "kab_kot": "Langkat", "latitude": 3.49464, "longitude": 98.39785 }, "geometry": { "type": "Point", "coordinates": [ 98.39785, 3.49464 ] } },
{ "type": "Feature", "properties": { "objectid": 689, "provinsi": "Kalimantan Barat", "nama_pabri": "PT Usaha Agro Indonesia/Surya Bratasena", "kapasitas": 45.0, "pot_pome": 1.233773, "pot_efb": 3.081786, "pot_fiber": 1.199333, "pot_shell": 2.212657, "jns_tek": "Biogas, Biomass Combustion", "alamat": " Jambi", "kecamatan": "Manis Mata", "kab_kot": "Ketapang", "latitude": -2.683444, "longitude": 110.975556 }, "geometry": { "type": "Point", "coordinates": [ 110.975555600000064, -2.683444443999974 ] } },
{ "type": "Feature", "properties": { "objectid": 690, "provinsi": "Riau", "nama_pabri": "PT Usaha Kita Makmur", "kapasitas": 30.0, "pot_pome": 0.822515, "pot_efb": 2.054524, "pot_fiber": 0.799555, "pot_shell": 1.475105, "jns_tek": "Biogas, Biomass Combustion", "alamat": " Jake", "kecamatan": "Kuantan Tengah", "kab_kot": "Kuantan Singingi", "latitude": -0.529919, "longitude": 101.492831 }, "geometry": { "type": "Point", "coordinates": [ 101.492830600000048, -0.529919399999926 ] } },
{ "type": "Feature", "properties": { "objectid": 691, "provinsi": "Sulawesi Tenggara", "nama_pabri": "PT Utama Agrindo Mas", "kapasitas": 45.0, "pot_pome": 1.233773, "pot_efb": 3.081786, "pot_fiber": 1.199333, "pot_shell": 2.212657, "jns_tek": "Biogas, Biomass Combustion", "alamat": " Wawolahombuti", "kecamatan": "0", "kab_kot": "Konawe", "latitude": -3.996083, "longitude": 122.312153 }, "geometry": { "type": "Point", "coordinates": [ 122.312152900000115, -3.996082599999966 ] } },
{ "type": "Feature", "properties": { "objectid": 692, "provinsi": "Sumatera Utara", "nama_pabri": "PT Victorindo Alam Lestari", "kapasitas": 60.0, "pot_pome": 1.64503, "pot_efb": 4.109049, "pot_fiber": 1.599111, "pot_shell": 2.95021, "jns_tek": "Biogas, Biomass Combustion", "alamat": " Huta Lombang", "kecamatan": "Lubuk Barumun", "kab_kot": "Padang Lawas", "latitude": 1.139239, "longitude": 99.766831 }, "geometry": { "type": "Point", "coordinates": [ 99.766830600000048, 1.139238900000066 ] } },
{ "type": "Feature", "properties": { "objectid": 693, "provinsi": "Sumatera Selatan", "nama_pabri": "PT Wahana Potensi Guna", "kapasitas": 45.0, "pot_pome": 1.233773, "pot_efb": 3.081786, "pot_fiber": 1.199333, "pot_shell": 2.212657, "jns_tek": "Biogas, Biomass Combustion", "alamat": " Sungai Deras", "kecamatan": "Sanga", "kab_kot": "Musi Banyuasin", "latitude": -2.824303, "longitude": 103.446647 }, "geometry": { "type": "Point", "coordinates": [ 103.446647200000086, -2.824302799999941 ] } },
{ "type": "Feature", "properties": { "objectid": 694, "provinsi": "Sumatera Selatan", "nama_pabri": "PT Wana Karya Mulia Kahuripan", "kapasitas": 35.0, "pot_pome": 0.959601, "pot_efb": 2.396945, "pot_fiber": 0.932815, "pot_shell": 1.720956, "jns_tek": "Biogas, Biomass Combustion", "alamat": " Bunga Mayang", "kecamatan": "Jayapura", "kab_kot": "Ogan Komering Ulu", "latitude": -4.471944, "longitude": 104.255 }, "geometry": { "type": "Point", "coordinates": [ 104.255, -4.471944443999973 ] } },
{ "type": "Feature", "properties": { "objectid": 695, "provinsi": "Kalimantan Tengah", "nama_pabri": "PT Wana Sawit Subur Lestari", "kapasitas": 90.0, "pot_pome": 2.467546, "pot_efb": 6.163573, "pot_fiber": 2.398666, "pot_shell": 4.425315, "jns_tek": "Biogas, Biomass Combustion", "alamat": " Amin Jaya", "kecamatan": "Pangkalan Banteng", "kab_kot": "Kotawaringin Barat", "latitude": -2.506861, "longitude": 112.013444 }, "geometry": { "type": "Point", "coordinates": [ 112.013444400000026, -2.506861110999978 ] } },
{ "type": "Feature", "properties": { "objectid": 696, "provinsi": "Riau", "nama_pabri": "PT Wanajingga Timur", "kapasitas": 45.0, "pot_pome": 1.233773, "pot_efb": 3.081786, "pot_fiber": 1.199333, "pot_shell": 2.212657, "jns_tek": "Biogas, Biomass Combustion", "alamat": " Pesikaian", "kecamatan": "Kerenti", "kab_kot": "Kuantan Singingi", "latitude": -0.45411, "longitude": 101.8798 }, "geometry": { "type": "Point", "coordinates": [ 101.8798, -0.45411 ] } },
{ "type": "Feature", "properties": { "objectid": 697, "provinsi": "Riau", "nama_pabri": "PT Wanasari Nusantara", "kapasitas": 45.0, "pot_pome": 1.233773, "pot_efb": 3.081786, "pot_fiber": 1.199333, "pot_shell": 2.212657, "jns_tek": "Biogas, Biomass Combustion", "alamat": " Sungai Bawang", "kecamatan": "Singingi", "kab_kot": "Kuantan Singingi", "latitude": -0.286494, "longitude": 101.471736 }, "geometry": { "type": "Point", "coordinates": [ 101.471736100000044, -0.286494399999924 ] } },
{ "type": "Feature", "properties": { "objectid": 698, "provinsi": "Kalimantan Timur", "nama_pabri": "PT Waru Kaltim Plantation", "kapasitas": 60.0, "pot_pome": 1.64503, "pot_efb": 4.109049, "pot_fiber": 1.599111, "pot_shell": 2.95021, "jns_tek": "Biogas, Biomass Combustion", "alamat": " Waru", "kecamatan": "Waru", "kab_kot": "Penajam Paser Utara", "latitude": -1.328972, "longitude": 116.544361 }, "geometry": { "type": "Point", "coordinates": [ 116.54436110000006, -1.328972221999948 ] } },
{ "type": "Feature", "properties": { "objectid": 699, "provinsi": "Sumatera Selatan", "nama_pabri": "PT Wasimusi Agroindah", "kapasitas": 60.0, "pot_pome": 1.64503, "pot_efb": 4.109049, "pot_fiber": 1.599111, "pot_shell": 2.95021, "jns_tek": "Biogas, Biomass Combustion", "alamat": " Sidomulyo", "kecamatan": "Mesuji Raya", "kab_kot": "Ogan Komering Ilir", "latitude": -3.654596, "longitude": 105.118388 }, "geometry": { "type": "Point", "coordinates": [ 105.118388500000037, -3.654596199999958 ] } },
{ "type": "Feature", "properties": { "objectid": 700, "provinsi": "Lampung", "nama_pabri": "PT Waykanan Sawitindo", "kapasitas": 60.0, "pot_pome": 1.64503, "pot_efb": 4.109049, "pot_fiber": 1.599111, "pot_shell": 2.95021, "jns_tek": "Biogas, Biomass Combustion", "alamat": " Tanjungraja Sakti", "kecamatan": "Blambangan Umpu", "kab_kot": "Way Kanan", "latitude": -4.447703, "longitude": 104.422339 }, "geometry": { "type": "Point", "coordinates": [ 104.422338900000057, -4.447702799999945 ] } },
{ "type": "Feature", "properties": { "objectid": 701, "provinsi": "Kalimantan Tengah", "nama_pabri": "PT Windu Nabatindo Lestari", "kapasitas": 90.0, "pot_pome": 2.467546, "pot_efb": 6.163573, "pot_fiber": 2.398666, "pot_shell": 4.425315, "jns_tek": "Biogas, Biomass Combustion", "alamat": " Pundu", "kecamatan": "Cempaga Hulu", "kab_kot": "Kotawaringin Timur", "latitude": -1.9975, "longitude": 113.059722 }, "geometry": { "type": "Point", "coordinates": [ 113.05972220000001, -1.9975 ] } },
{ "type": "Feature", "properties": { "objectid": 702, "provinsi": "Kalimantan Tengah", "nama_pabri": "PT Windu Nabatindo Lestari", "kapasitas": 45.0, "pot_pome": 1.233773, "pot_efb": 3.081786, "pot_fiber": 1.199333, "pot_shell": 2.212657, "jns_tek": "Biogas, Biomass Combustion", "alamat": " Pundu Keruing", "kecamatan": "Cempaga", "kab_kot": "Kotawaringin Timur", "latitude": -2.101111, "longitude": 113.033333 }, "geometry": { "type": "Point", "coordinates": [ 113.033333300000095, -2.101111110999966 ] } },
{ "type": "Feature", "properties": { "objectid": 703, "provinsi": "Kalimantan Timur", "nama_pabri": "PT Wira Inova Nusantara", "kapasitas": 60.0, "pot_pome": 1.64503, "pot_efb": 4.109049, "pot_fiber": 1.599111, "pot_shell": 2.95021, "jns_tek": "Biogas, Biomass Combustion", "alamat": " Susuk Dalam", "kecamatan": "Sandaran", "kab_kot": "Kutai Timur", "latitude": -1.752932, "longitude": 116.12037 }, "geometry": { "type": "Point", "coordinates": [ 116.12037, -1.752932 ] } },
{ "type": "Feature", "properties": { "objectid": 704, "provinsi": "Kalimantan Barat", "nama_pabri": "PT Wirata Daya Bangun Persada", "kapasitas": 45.0, "pot_pome": 1.233773, "pot_efb": 3.081786, "pot_fiber": 1.199333, "pot_shell": 2.212657, "jns_tek": "Biogas, Biomass Combustion", "alamat": " Sinar Baru", "kecamatan": "Jagoi Babang", "kab_kot": "Bengkayang", "latitude": 1.430611, "longitude": 109.603167 }, "geometry": { "type": "Point", "coordinates": [ 109.603166700000088, 1.430611111000076 ] } },
{ "type": "Feature", "properties": { "objectid": 705, "provinsi": "Irian Jaya Barat", "nama_pabri": "PT Yongjing Investindo", "kapasitas": 30.0, "pot_pome": 0.822515, "pot_efb": 2.054524, "pot_fiber": 0.799555, "pot_shell": 1.475105, "jns_tek": "Biogas, Biomass Combustion", "alamat": " Nimbay", "kecamatan": "Warmare", "kab_kot": "Manokwari", "latitude": -0.931112, "longitude": 133.855322 }, "geometry": { "type": "Point", "coordinates": [ 133.855321900000035, -0.931112095999936 ] } },
{ "type": "Feature", "properties": { "objectid": 706, "provinsi": "Kalimantan Timur", "nama_pabri": "PT Yudha Wahana Abadi", "kapasitas": 45.0, "pot_pome": 1.233773, "pot_efb": 3.081786, "pot_fiber": 1.199333, "pot_shell": 2.212657, "jns_tek": "Biogas, Biomass Combustion", "alamat": " Merapun", "kecamatan": "Kelay", "kab_kot": "Berau", "latitude": 1.44075, "longitude": 117.2127 }, "geometry": { "type": "Point", "coordinates": [ 117.2127, 1.44075 ] } },
{ "type": "Feature", "properties": { "objectid": 707, "provinsi": "Kalimantan Timur", "nama_pabri": "#N/A", "kapasitas": 0.0, "pot_pome": 0.0, "pot_efb": 0.0, "pot_fiber": 0.0, "pot_shell": 0.0, "jns_tek": "Biogas, Biomass Combustion", "alamat": "Kutai Timur", "kecamatan": "Karangan", "kab_kot": "Kutai Timur", "latitude": 0.0, "longitude": 0.0 }, "geometry": null },
{ "type": "Feature", "properties": { "objectid": 708, "provinsi": "Kalimantan Barat", "nama_pabri": "PTPN  XIII", "kapasitas": 60.0, "pot_pome": 1.64503, "pot_efb": 4.109049, "pot_fiber": 1.599111, "pot_shell": 2.95021, "jns_tek": "Biogas, Biomass Combustion", "alamat": " Meliau Hilir", "kecamatan": "Meliau", "kab_kot": "Sanggau", "latitude": -0.256944, "longitude": 110.432222 }, "geometry": { "type": "Point", "coordinates": [ 110.432222200000069, -0.256944443999942 ] } },
{ "type": "Feature", "properties": { "objectid": 709, "provinsi": "Kalimantan Timur", "nama_pabri": "PTPN  XIII", "kapasitas": 40.0, "pot_pome": 1.096687, "pot_efb": 2.739366, "pot_fiber": 1.066074, "pot_shell": 1.966806, "jns_tek": "Biogas, Biomass Combustion", "alamat": " Perigi", "kecamatan": "Long ikis", "kab_kot": "Paser", "latitude": -1.667858, "longitude": 116.137925 }, "geometry": { "type": "Point", "coordinates": [ 116.137925000000109, -1.667858299999978 ] } },
{ "type": "Feature", "properties": { "objectid": 710, "provinsi": "Kalimantan Timur", "nama_pabri": "PTPN  XIII", "kapasitas": 60.0, "pot_pome": 1.64503, "pot_efb": 4.109049, "pot_fiber": 1.599111, "pot_shell": 2.95021, "jns_tek": "Biogas, Biomass Combustion", "alamat": " Tepian Batang", "kecamatan": "Tanah Grogot", "kab_kot": "Paser", "latitude": -1.928411, "longitude": 116.122299 }, "geometry": { "type": "Point", "coordinates": [ 116.122298800000067, -1.92841059999995 ] } },
{ "type": "Feature", "properties": { "objectid": 711, "provinsi": "Sulawesi Selatan", "nama_pabri": "PTPN  XIV", "kapasitas": 40.0, "pot_pome": 1.096687, "pot_efb": 2.739366, "pot_fiber": 1.066074, "pot_shell": 1.966806, "jns_tek": "Biogas, Biomass Combustion", "alamat": " Lagego", "kecamatan": "Burau", "kab_kot": "Luwu Timur", "latitude": -2.616067, "longitude": 120.654456 }, "geometry": { "type": "Point", "coordinates": [ 120.6544556, -2.616066699999976 ] } },
{ "type": "Feature", "properties": { "objectid": 712, "provinsi": "Aceh", "nama_pabri": "PTPN I", "kapasitas": 40.0, "pot_pome": 1.096687, "pot_efb": 2.739366, "pot_fiber": 1.066074, "pot_shell": 1.966806, "jns_tek": "Biogas, Biomass Combustion", "alamat": " Perkebunan Pulau Tiga", "kecamatan": "Tamiang Hulu", "kab_kot": "Aceh Tamiang", "latitude": 4.183583, "longitude": 97.935611 }, "geometry": { "type": "Point", "coordinates": [ 97.935611110000082, 4.183583333000058 ] } },
{ "type": "Feature", "properties": { "objectid": 713, "provinsi": "Aceh", "nama_pabri": "PTPN I", "kapasitas": 60.0, "pot_pome": 1.64503, "pot_efb": 4.109049, "pot_fiber": 1.599111, "pot_shell": 2.95021, "jns_tek": "Biogas, Biomass Combustion", "alamat": " Tanjung Seumentoh", "kecamatan": "Karang Baru", "kab_kot": "Aceh Tamiang", "latitude": 4.366889, "longitude": 98.088611 }, "geometry": { "type": "Point", "coordinates": [ 98.088611110000045, 4.366888889000052 ] } },
{ "type": "Feature", "properties": { "objectid": 714, "provinsi": "Aceh", "nama_pabri": "PTPN I", "kapasitas": 45.0, "pot_pome": 1.233773, "pot_efb": 3.081786, "pot_fiber": 1.199333, "pot_shell": 2.212657, "jns_tek": "Biogas, Biomass Combustion", "alamat": "Aceh Utara", "kecamatan": " Cot Girek", "kab_kot": "Aceh Utara", "latitude": 4.928083, "longitude": 97.370556 }, "geometry": { "type": "Point", "coordinates": [ 97.370555560000071, 4.928083333000075 ] } },
{ "type": "Feature", "properties": { "objectid": 715, "provinsi": "Sumatera Utara", "nama_pabri": "PTPN II", "kapasitas": 30.0, "pot_pome": 0.822515, "pot_efb": 2.054524, "pot_fiber": 0.799555, "pot_shell": 1.475105, "jns_tek": "Biogas, Biomass Combustion", "alamat": " Gohor Lama", "kecamatan": "Wampu", "kab_kot": "Langkat", "latitude": 3.767506, "longitude": 98.385461 }, "geometry": { "type": "Point", "coordinates": [ 98.385461100000043, 3.76750560000005 ] } },
{ "type": "Feature", "properties": { "objectid": 716, "provinsi": "Sumatera Utara", "nama_pabri": "PTPN II", "kapasitas": 30.0, "pot_pome": 0.822515, "pot_efb": 2.054524, "pot_fiber": 0.799555, "pot_shell": 1.475105, "jns_tek": "Biogas, Biomass Combustion", "alamat": " Lau Mulgap", "kecamatan": "Selesai", "kab_kot": "Langkat", "latitude": 3.559644, "longitude": 98.392036 }, "geometry": { "type": "Point", "coordinates": [ 98.392036110000049, 3.559644444000071 ] } },
{ "type": "Feature", "properties": { "objectid": 717, "provinsi": "Sumatera Utara", "nama_pabri": "PTPN II", "kapasitas": 60.0, "pot_pome": 1.64503, "pot_efb": 4.109049, "pot_fiber": 1.599111, "pot_shell": 2.95021, "jns_tek": "Biogas, Biomass Combustion", "alamat": " Namo Sialang", "kecamatan": " Batang Serangan", "kab_kot": "Langkat", "latitude": 3.693056, "longitude": 98.153056 }, "geometry": { "type": "Point", "coordinates": [ 98.153055560000041, 3.693055556000047 ] } },
{ "type": "Feature", "properties": { "objectid": 718, "provinsi": "Sumatera Utara", "nama_pabri": "PTPN II", "kapasitas": 50.0, "pot_pome": 1.370859, "pot_efb": 3.424207, "pot_fiber": 1.332592, "pot_shell": 2.458508, "jns_tek": "Biogas, Biomass Combustion", "alamat": " Pagar Merbau II", "kecamatan": "Pagar Merbau", "kab_kot": "Deli Serdang", "latitude": 3.526325, "longitude": 98.899053 }, "geometry": { "type": "Point", "coordinates": [ 98.89905280000005, 3.526325099000076 ] } },
{ "type": "Feature", "properties": { "objectid": 719, "provinsi": "Sumatera Utara", "nama_pabri": "PTPN II", "kapasitas": 27.0, "pot_pome": 0.740264, "pot_efb": 1.849072, "pot_fiber": 0.7196, "pot_shell": 1.327594, "jns_tek": "Biogas, Biomass Combustion", "alamat": " Sawit Seberang", "kecamatan": "Sawit Seberang", "kab_kot": "Langkat", "latitude": 3.759722, "longitude": 98.393056 }, "geometry": { "type": "Point", "coordinates": [ 98.39305556000005, 3.75972222200005 ] } },
{ "type": "Feature", "properties": { "objectid": 720, "provinsi": "Sumatera Utara", "nama_pabri": "PTPN II", "kapasitas": 30.0, "pot_pome": 0.822515, "pot_efb": 2.054524, "pot_fiber": 0.799555, "pot_shell": 1.475105, "jns_tek": "Biogas, Biomass Combustion", "alamat": " Simpang Tiga", "kecamatan": "Sawit Seberang", "kab_kot": "Langkat", "latitude": 3.845236, "longitude": 98.234128 }, "geometry": { "type": "Point", "coordinates": [ 98.234127780000051, 3.845236111000077 ] } },
{ "type": "Feature", "properties": { "objectid": 721, "provinsi": "Papua", "nama_pabri": "PTPN II", "kapasitas": 60.0, "pot_pome": 1.64503, "pot_efb": 4.109049, "pot_fiber": 1.599111, "pot_shell": 2.95021, "jns_tek": "Biogas, Biomass Combustion", "alamat": " Warbo", "kecamatan": "Arso", "kab_kot": "Keerom", "latitude": -2.78475, "longitude": 140.722641 }, "geometry": { "type": "Point", "coordinates": [ 140.722641, -2.78475 ] } },
{ "type": "Feature", "properties": { "objectid": 722, "provinsi": "Sumatera Utara", "nama_pabri": "PTPN III", "kapasitas": 60.0, "pot_pome": 1.64503, "pot_efb": 4.109049, "pot_fiber": 1.599111, "pot_shell": 2.95021, "jns_tek": "Biogas, Biomass Combustion", "alamat": " Aek Batu", "kecamatan": "Torgamba", "kab_kot": "Labuhan Batu Selatan", "latitude": 1.792778, "longitude": 100.155833 }, "geometry": { "type": "Point", "coordinates": [ 100.15583330000004, 1.792777778000072 ] } },
{ "type": "Feature", "properties": { "objectid": 723, "provinsi": "Sumatera Utara", "nama_pabri": "PTPN III", "kapasitas": 60.0, "pot_pome": 1.64503, "pot_efb": 4.109049, "pot_fiber": 1.599111, "pot_shell": 2.95021, "jns_tek": "Biogas, Biomass Combustion", "alamat": " Aek Nabara", "kecamatan": "Bilah Hulu", "kab_kot": "Labuhan Batu", "latitude": 2.055684, "longitude": 99.955873 }, "geometry": { "type": "Point", "coordinates": [ 99.955872990000046, 2.055684281000026 ] } },
{ "type": "Feature", "properties": { "objectid": 724, "provinsi": "Sumatera Utara", "nama_pabri": "PTPN III", "kapasitas": 30.0, "pot_pome": 0.822515, "pot_efb": 2.054524, "pot_fiber": 0.799555, "pot_shell": 1.475105, "jns_tek": "Biogas, Biomass Combustion", "alamat": " Aek Raso", "kecamatan": "Torgamba", "kab_kot": "Labuhan Batu", "latitude": 1.703806, "longitude": 100.172333 }, "geometry": { "type": "Point", "coordinates": [ 100.172333300000048, 1.70380555600002 ] } },
{ "type": "Feature", "properties": { "objectid": 725, "provinsi": "Riau", "nama_pabri": "PTPN III", "kapasitas": 30.0, "pot_pome": 0.822515, "pot_efb": 2.054524, "pot_fiber": 0.799555, "pot_shell": 1.475105, "jns_tek": "Biogas, Biomass Combustion", "alamat": " Bahtera Makmur", "kecamatan": "Bagan Sinembah", "kab_kot": "Rokan Hilir", "latitude": 1.643417, "longitude": 100.419389 }, "geometry": { "type": "Point", "coordinates": [ 100.419388900000058, 1.643416667000054 ] } },
{ "type": "Feature", "properties": { "objectid": 726, "provinsi": "Sumatera Utara", "nama_pabri": "PTPN III", "kapasitas": 60.0, "pot_pome": 1.64503, "pot_efb": 4.109049, "pot_fiber": 1.599111, "pot_shell": 2.95021, "jns_tek": "Biogas, Biomass Combustion", "alamat": " Meranti", "kecamatan": "Torgamba", "kab_kot": "Labuhan Batu Selatan", "latitude": 1.678507, "longitude": 100.32842 }, "geometry": { "type": "Point", "coordinates": [ 100.328420200000039, 1.678506758000026 ] } },
{ "type": "Feature", "properties": { "objectid": 727, "provinsi": "Sumatera Utara", "nama_pabri": "PTPN III", "kapasitas": 60.0, "pot_pome": 1.64503, "pot_efb": 4.109049, "pot_fiber": 1.599111, "pot_shell": 2.95021, "jns_tek": "Biogas, Biomass Combustion", "alamat": " Paya Bagas", "kecamatan": "Tebing Tinggi", "kab_kot": "Serdang Bedagai", "latitude": 3.376667, "longitude": 99.165556 }, "geometry": { "type": "Point", "coordinates": [ 99.165555560000087, 3.376666667000052 ] } },
{ "type": "Feature", "properties": { "objectid": 728, "provinsi": "Sumatera Utara", "nama_pabri": "PTPN III", "kapasitas": 30.0, "pot_pome": 0.822515, "pot_efb": 2.054524, "pot_fiber": 0.799555, "pot_shell": 1.475105, "jns_tek": "Biogas, Biomass Combustion", "alamat": " Perkebunan Hapesong", "kecamatan": "Batang Torup", "kab_kot": "Tapanuli Selatan", "latitude": 2.079417, "longitude": 99.454194 }, "geometry": { "type": "Point", "coordinates": [ 99.454194440000038, 2.079416667000032 ] } },
{ "type": "Feature", "properties": { "objectid": 729, "provinsi": "Sumatera Utara", "nama_pabri": "PTPN III", "kapasitas": 60.0, "pot_pome": 1.64503, "pot_efb": 4.109049, "pot_fiber": 1.599111, "pot_shell": 2.95021, "jns_tek": "Biogas, Biomass Combustion", "alamat": " Sei Silau", "kecamatan": "Buntu Pane", "kab_kot": "Asahan", "latitude": 2.90387, "longitude": 99.50846 }, "geometry": { "type": "Point", "coordinates": [ 99.50846, 2.903870400000073 ] } },
{ "type": "Feature", "properties": { "objectid": 730, "provinsi": "Sumatera Utara", "nama_pabri": "PTPN III", "kapasitas": 30.0, "pot_pome": 0.822515, "pot_efb": 2.054524, "pot_fiber": 0.799555, "pot_shell": 1.475105, "jns_tek": "Biogas, Biomass Combustion", "alamat": " Sisumut", "kecamatan": "Kota Pinang", "kab_kot": "Labuhan Batu Selatan", "latitude": 1.964028, "longitude": 100.108167 }, "geometry": { "type": "Point", "coordinates": [ 100.108166700000083, 1.964027778000059 ] } },
{ "type": "Feature", "properties": { "objectid": 731, "provinsi": "Sumatera Utara", "nama_pabri": "PTPN III", "kapasitas": 60.0, "pot_pome": 1.64503, "pot_efb": 4.109049, "pot_fiber": 1.599111, "pot_shell": 2.95021, "jns_tek": "Biogas, Biomass Combustion", "alamat": " Torgamba", "kecamatan": "Torgamba", "kab_kot": "Labuhan Batu Selatan", "latitude": 1.714889, "longitude": 100.291111 }, "geometry": { "type": "Point", "coordinates": [ 100.29111110000008, 1.714888889000065 ] } },
{ "type": "Feature", "properties": { "objectid": 732, "provinsi": "Sumatera Utara", "nama_pabri": "PTPN III", "kapasitas": 70.0, "pot_pome": 1.919202, "pot_efb": 4.79389, "pot_fiber": 1.865629, "pot_shell": 3.441911, "jns_tek": "Biogas, Biomass Combustion", "alamat": "Jl. Sei Batang hari No. 2", "kecamatan": "Medan", "kab_kot": "Deli Serdang", "latitude": 3.129306, "longitude": 99.343194 }, "geometry": { "type": "Point", "coordinates": [ 99.343194440000048, 3.12930555600002 ] } },
{ "type": "Feature", "properties": { "objectid": 733, "provinsi": "Sumatera Utara", "nama_pabri": "PTPN IV", "kapasitas": 30.0, "pot_pome": 0.822515, "pot_efb": 2.054524, "pot_fiber": 0.799555, "pot_shell": 1.475105, "jns_tek": "Biogas, Biomass Combustion", "alamat": " Ajamu", "kecamatan": "Panai Jaya", "kab_kot": "Labuhan Batu", "latitude": 2.458642, "longitude": 100.1613 }, "geometry": { "type": "Point", "coordinates": [ 100.1613, 2.458641667000052 ] } },
{ "type": "Feature", "properties": { "objectid": 734, "provinsi": "Sumatera Utara", "nama_pabri": "PTPN IV", "kapasitas": 60.0, "pot_pome": 1.64503, "pot_efb": 4.109049, "pot_fiber": 1.599111, "pot_shell": 2.95021, "jns_tek": "Biogas, Biomass Combustion", "alamat": " Babolon", "kecamatan": "Dolok Batunanggar", "kab_kot": "Simalungun", "latitude": 3.122222, "longitude": 99.161667 }, "geometry": { "type": "Point", "coordinates": [ 99.161666670000045, 3.122222222000062 ] } },
{ "type": "Feature", "properties": { "objectid": 735, "provinsi": "Sumatera Utara", "nama_pabri": "PTPN IV", "kapasitas": 20.0, "pot_pome": 0.548343, "pot_efb": 1.369683, "pot_fiber": 0.533037, "pot_shell": 0.983403, "jns_tek": "Biogas, Biomass Combustion", "alamat": " Banjaran", "kecamatan": "Padang Tualang", "kab_kot": "Langkat", "latitude": 3.700273, "longitude": 98.293693 }, "geometry": { "type": "Point", "coordinates": [ 98.293693, 3.700273 ] } },
{ "type": "Feature", "properties": { "objectid": 736, "provinsi": "Sumatera Utara", "nama_pabri": "PTPN IV", "kapasitas": 45.0, "pot_pome": 1.233773, "pot_efb": 3.081786, "pot_fiber": 1.199333, "pot_shell": 2.212657, "jns_tek": "Biogas, Biomass Combustion", "alamat": " Batu Sondat", "kecamatan": "Batahan", "kab_kot": "Mandailing Natal", "latitude": 0.365883, "longitude": 99.308446 }, "geometry": { "type": "Point", "coordinates": [ 99.308446, 0.365883 ] } },
{ "type": "Feature", "properties": { "objectid": 737, "provinsi": "Sumatera Utara", "nama_pabri": "PTPN IV", "kapasitas": 40.0, "pot_pome": 1.096687, "pot_efb": 2.739366, "pot_fiber": 1.066074, "pot_shell": 1.966806, "jns_tek": "Biogas, Biomass Combustion", "alamat": " Dolok Sinumbah", "kecamatan": "Hutabayu Raja", "kab_kot": "Simalungun", "latitude": 3.111058, "longitude": 99.329597 }, "geometry": { "type": "Point", "coordinates": [ 99.329596970000068, 3.111057942000059 ] } },
{ "type": "Feature", "properties": { "objectid": 738, "provinsi": "Sumatera Utara", "nama_pabri": "PTPN IV", "kapasitas": 50.0, "pot_pome": 1.370859, "pot_efb": 3.424207, "pot_fiber": 1.332592, "pot_shell": 2.458508, "jns_tek": "Biogas, Biomass Combustion", "alamat": " Huta Raja Lama", "kecamatan": "Huta Raja Tinggi", "kab_kot": "Padang Lawas", "latitude": 1.04839, "longitude": 100.01392 }, "geometry": { "type": "Point", "coordinates": [ 100.01392, 1.04839 ] } },
{ "type": "Feature", "properties": { "objectid": 739, "provinsi": "Sumatera Utara", "nama_pabri": "PTPN IV", "kapasitas": 30.0, "pot_pome": 0.822515, "pot_efb": 2.054524, "pot_fiber": 0.799555, "pot_shell": 1.475105, "jns_tek": "Biogas, Biomass Combustion", "alamat": " Kedai Damar", "kecamatan": "Tebing Tinggi", "kab_kot": "Serdang Bedagai", "latitude": 3.286111, "longitude": 99.109167 }, "geometry": { "type": "Point", "coordinates": [ 99.109166670000036, 3.286111111000025 ] } },
{ "type": "Feature", "properties": { "objectid": 740, "provinsi": "Sumatera Utara", "nama_pabri": "PTPN IV", "kapasitas": 40.0, "pot_pome": 1.096687, "pot_efb": 2.739366, "pot_fiber": 1.066074, "pot_shell": 1.966806, "jns_tek": "Biogas, Biomass Combustion", "alamat": " Nagori Mayang", "kecamatan": "Bosar Maligas", "kab_kot": "Simalungun", "latitude": 3.032308, "longitude": 99.332803 }, "geometry": { "type": "Point", "coordinates": [ 99.332802780000065, 3.03230833300006 ] } },
{ "type": "Feature", "properties": { "objectid": 741, "provinsi": "Sumatera Utara", "nama_pabri": "PTPN IV", "kapasitas": 30.0, "pot_pome": 0.822515, "pot_efb": 2.054524, "pot_fiber": 0.799555, "pot_shell": 1.475105, "jns_tek": "Biogas, Biomass Combustion", "alamat": " Orika", "kecamatan": "Pulau Rakyat", "kab_kot": "Asahan", "latitude": 2.706302, "longitude": 99.618138 }, "geometry": { "type": "Point", "coordinates": [ 99.618138300000055, 2.706301977000066 ] } },
{ "type": "Feature", "properties": { "objectid": 742, "provinsi": "Sumatera Utara", "nama_pabri": "PTPN IV", "kapasitas": 60.0, "pot_pome": 1.64503, "pot_efb": 4.109049, "pot_fiber": 1.599111, "pot_shell": 2.95021, "jns_tek": "Biogas, Biomass Combustion", "alamat": " Pasir Mandoge", "kecamatan": "Pasir Mandoge", "kab_kot": "Simalungun", "latitude": 2.769639, "longitude": 99.319486 }, "geometry": { "type": "Point", "coordinates": [ 99.319486110000071, 2.769638889000021 ] } },
{ "type": "Feature", "properties": { "objectid": 743, "provinsi": "Sumatera Utara", "nama_pabri": "PTPN IV", "kapasitas": 30.0, "pot_pome": 0.822515, "pot_efb": 2.054524, "pot_fiber": 0.799555, "pot_shell": 1.475105, "jns_tek": "Biogas, Biomass Combustion", "alamat": " Perkebunan Berangir", "kecamatan": "0", "kab_kot": "Labuhan Batu Utara", "latitude": 2.5, "longitude": 99.666667 }, "geometry": { "type": "Point", "coordinates": [ 99.666666670000041, 2.5 ] } },
{ "type": "Feature", "properties": { "objectid": 744, "provinsi": "Sumatera Utara", "nama_pabri": "PTPN IV", "kapasitas": 45.0, "pot_pome": 1.233773, "pot_efb": 3.081786, "pot_fiber": 1.199333, "pot_shell": 2.212657, "jns_tek": "Biogas, Biomass Combustion", "alamat": " Sei Merbau", "kecamatan": "Ujung Padang", "kab_kot": "Simalungun", "latitude": 3.079599, "longitude": 99.513159 }, "geometry": { "type": "Point", "coordinates": [ 99.51315948000007, 3.079598521000037 ] } },
{ "type": "Feature", "properties": { "objectid": 745, "provinsi": "Sumatera Utara", "nama_pabri": "PTPN IV", "kapasitas": 30.0, "pot_pome": 0.822515, "pot_efb": 2.054524, "pot_fiber": 0.799555, "pot_shell": 1.475105, "jns_tek": "Biogas, Biomass Combustion", "alamat": "Jl. Lintas Sumatra KM 38", "kecamatan": "Perbaung", "kab_kot": "Serdang Bedagai", "latitude": 3.591667, "longitude": 98.941667 }, "geometry": { "type": "Point", "coordinates": [ 98.941666670000075, 3.591666667000027 ] } },
{ "type": "Feature", "properties": { "objectid": 746, "provinsi": "Sumatera Utara", "nama_pabri": "PTPN IV", "kapasitas": 30.0, "pot_pome": 0.822515, "pot_efb": 2.054524, "pot_fiber": 0.799555, "pot_shell": 1.475105, "jns_tek": "Biogas, Biomass Combustion", "alamat": "Kec. Air Batu", "kecamatan": " ", "kab_kot": "Asahan", "latitude": 2.858333, "longitude": 99.591667 }, "geometry": { "type": "Point", "coordinates": [ 99.591666670000052, 2.858333333000076 ] } },
{ "type": "Feature", "properties": { "objectid": 747, "provinsi": "Sumatera Utara", "nama_pabri": "PTPN IV", "kapasitas": 60.0, "pot_pome": 1.64503, "pot_efb": 4.109049, "pot_fiber": 1.599111, "pot_shell": 2.95021, "jns_tek": "Biogas, Biomass Combustion", "alamat": "Nagori Bah Jambi 1", "kecamatan": "Jawa Maraja", "kab_kot": "Simalungun", "latitude": 2.929167, "longitude": 99.1625 }, "geometry": { "type": "Point", "coordinates": [ 99.1625, 2.929166667000061 ] } },
{ "type": "Feature", "properties": { "objectid": 748, "provinsi": "Sumatera Utara", "nama_pabri": "PTPN IV", "kapasitas": 30.0, "pot_pome": 0.822515, "pot_efb": 2.054524, "pot_fiber": 0.799555, "pot_shell": 1.475105, "jns_tek": "Biogas, Biomass Combustion", "alamat": "Nagori Gunung Bayu", "kecamatan": "Bosar Maligas", "kab_kot": "Simalungun", "latitude": 3.166667, "longitude": 99.341667 }, "geometry": { "type": "Point", "coordinates": [ 99.341666670000052, 3.166666667000072 ] } },
{ "type": "Feature", "properties": { "objectid": 749, "provinsi": "Riau", "nama_pabri": "PTPN V", "kapasitas": 30.0, "pot_pome": 0.822515, "pot_efb": 2.054524, "pot_fiber": 0.799555, "pot_shell": 1.475105, "jns_tek": "Biogas, Biomass Combustion", "alamat": " Damai", "kecamatan": "Tapah Darussalam", "kab_kot": "Rokan Hulu", "latitude": 0.78433, "longitude": 100.61102 }, "geometry": { "type": "Point", "coordinates": [ 100.61102, 0.78433 ] } },
{ "type": "Feature", "properties": { "objectid": 750, "provinsi": "Riau", "nama_pabri": "PTPN V", "kapasitas": 30.0, "pot_pome": 0.822515, "pot_efb": 2.054524, "pot_fiber": 0.799555, "pot_shell": 1.475105, "jns_tek": "Biogas, Biomass Combustion", "alamat": " Gading Sari", "kecamatan": "Tapung", "kab_kot": "Kampar", "latitude": 0.671161, "longitude": 101.111514 }, "geometry": { "type": "Point", "coordinates": [ 101.111513900000034, 0.671161100000063 ] } },
{ "type": "Feature", "properties": { "objectid": 751, "provinsi": "Riau", "nama_pabri": "PTPN V", "kapasitas": 60.0, "pot_pome": 1.64503, "pot_efb": 4.109049, "pot_fiber": 1.599111, "pot_shell": 2.95021, "jns_tek": "Biogas, Biomass Combustion", "alamat": " Kasikan", "kecamatan": "Tapung Hulu", "kab_kot": "Kampar", "latitude": 0.579194, "longitude": 100.750778 }, "geometry": { "type": "Point", "coordinates": [ 100.750777800000037, 0.579194444000052 ] } },
{ "type": "Feature", "properties": { "objectid": 752, "provinsi": "Riau", "nama_pabri": "PTPN V", "kapasitas": 30.0, "pot_pome": 0.822515, "pot_efb": 2.054524, "pot_fiber": 0.799555, "pot_shell": 1.475105, "jns_tek": "Biogas, Biomass Combustion", "alamat": " Lubuk Dalam", "kecamatan": "Lubuk Dalam", "kab_kot": "Siak", "latitude": 0.626747, "longitude": 101.782269 }, "geometry": { "type": "Point", "coordinates": [ 101.782269400000075, 0.626747200000068 ] } },
{ "type": "Feature", "properties": { "objectid": 753, "provinsi": "Riau", "nama_pabri": "PTPN V", "kapasitas": 60.0, "pot_pome": 1.64503, "pot_efb": 4.109049, "pot_fiber": 1.599111, "pot_shell": 2.95021, "jns_tek": "Biogas, Biomass Combustion", "alamat": " Pagaran Tapah", "kecamatan": "Pagaran Tapah", "kab_kot": "Rokan Hulu", "latitude": 0.725722, "longitude": 100.578981 }, "geometry": { "type": "Point", "coordinates": [ 100.578980600000079, 0.725722222000059 ] } },
{ "type": "Feature", "properties": { "objectid": 754, "provinsi": "Riau", "nama_pabri": "PTPN V", "kapasitas": 60.0, "pot_pome": 1.64503, "pot_efb": 4.109049, "pot_fiber": 1.599111, "pot_shell": 2.95021, "jns_tek": "Biogas, Biomass Combustion", "alamat": " Pantai Cermin", "kecamatan": "Tapung", "kab_kot": "Kampar", "latitude": 0.573611, "longitude": 101.283333 }, "geometry": { "type": "Point", "coordinates": [ 101.283333300000038, 0.573611111000048 ] } },
{ "type": "Feature", "properties": { "objectid": 755, "provinsi": "Riau", "nama_pabri": "PTPN V", "kapasitas": 30.0, "pot_pome": 0.822515, "pot_efb": 2.054524, "pot_fiber": 0.799555, "pot_shell": 1.475105, "jns_tek": "Biogas, Biomass Combustion", "alamat": " Pujud", "kecamatan": "Pujud", "kab_kot": "Rokan Hilir", "latitude": 1.584528, "longitude": 100.588583 }, "geometry": { "type": "Point", "coordinates": [ 100.588583300000039, 1.584527778000052 ] } },
{ "type": "Feature", "properties": { "objectid": 756, "provinsi": "Riau", "nama_pabri": "PTPN V", "kapasitas": 60.0, "pot_pome": 1.64503, "pot_efb": 4.109049, "pot_fiber": 1.599111, "pot_shell": 2.95021, "jns_tek": "Biogas, Biomass Combustion", "alamat": " Sei Buatan", "kecamatan": "Dayun", "kab_kot": "Siak", "latitude": 0.654497, "longitude": 101.863642 }, "geometry": { "type": "Point", "coordinates": [ 101.863641700000073, 0.654497200000037 ] } },
{ "type": "Feature", "properties": { "objectid": 757, "provinsi": "Riau", "nama_pabri": "PTPN V", "kapasitas": 40.0, "pot_pome": 1.096687, "pot_efb": 2.739366, "pot_fiber": 1.066074, "pot_shell": 1.966806, "jns_tek": "Biogas, Biomass Combustion", "alamat": " Talangdanto", "kecamatan": " Kec Tapung Hulu", "kab_kot": "Kampar", "latitude": 0.59896, "longitude": 100.692784 }, "geometry": { "type": "Point", "coordinates": [ 100.692783700000064, 0.59895984700006 ] } },
{ "type": "Feature", "properties": { "objectid": 758, "provinsi": "Riau", "nama_pabri": "PTPN V", "kapasitas": 60.0, "pot_pome": 1.64503, "pot_efb": 4.109049, "pot_fiber": 1.599111, "pot_shell": 2.95021, "jns_tek": "Biogas, Biomass Combustion", "alamat": " Tanah Putih", "kecamatan": "Bagan Sinembah", "kab_kot": "Rokan Hilir", "latitude": 1.743833, "longitude": 100.51125 }, "geometry": { "type": "Point", "coordinates": [ 100.51125, 1.743833333000055 ] } },
{ "type": "Feature", "properties": { "objectid": 759, "provinsi": "Riau", "nama_pabri": "PTPN V", "kapasitas": 60.0, "pot_pome": 1.64503, "pot_efb": 4.109049, "pot_fiber": 1.599111, "pot_shell": 2.95021, "jns_tek": "Biogas, Biomass Combustion", "alamat": " Tandun dan  Sungai Kuning", "kecamatan": "Tandung", "kab_kot": "Rokan Hulu", "latitude": 0.598444, "longitude": 100.618167 }, "geometry": { "type": "Point", "coordinates": [ 100.618166700000074, 0.598444444000052 ] } },
{ "type": "Feature", "properties": { "objectid": 760, "provinsi": "Jambi", "nama_pabri": "PTPN VI", "kapasitas": 30.0, "pot_pome": 0.822515, "pot_efb": 2.054524, "pot_fiber": 0.799555, "pot_shell": 1.475105, "jns_tek": "Biogas, Biomass Combustion", "alamat": " Aur Gading", "kecamatan": "Batin XXIV", "kab_kot": "Batang Hari", "latitude": -1.905744, "longitude": 103.013585 }, "geometry": { "type": "Point", "coordinates": [ 103.013585, -1.905744 ] } },
{ "type": "Feature", "properties": { "objectid": 761, "provinsi": "Sumatera Barat", "nama_pabri": "PTPN VI", "kapasitas": 60.0, "pot_pome": 1.64503, "pot_efb": 4.109049, "pot_fiber": 1.599111, "pot_shell": 2.95021, "jns_tek": "Biogas, Biomass Combustion", "alamat": " Jorong Kanigaran", "kecamatan": "Luhak Nan Duo", "kab_kot": "Pasaman Barat", "latitude": 0.014627, "longitude": 99.832601 }, "geometry": { "type": "Point", "coordinates": [ 99.832600900000045, 0.014626600000042 ] } },
{ "type": "Feature", "properties": { "objectid": 762, "provinsi": "Jambi", "nama_pabri": "PTPN VI", "kapasitas": 30.0, "pot_pome": 0.822515, "pot_efb": 2.054524, "pot_fiber": 0.799555, "pot_shell": 1.475105, "jns_tek": "Biogas, Biomass Combustion", "alamat": " Karang Dadi", "kecamatan": "Tebo Ilir", "kab_kot": "Tebo", "latitude": -1.208333, "longitude": 101.833333 }, "geometry": { "type": "Point", "coordinates": [ 101.833333300000049, -1.208333332999928 ] } },
{ "type": "Feature", "properties": { "objectid": 763, "provinsi": "Jambi", "nama_pabri": "PTPN VI", "kapasitas": 60.0, "pot_pome": 1.64503, "pot_efb": 4.109049, "pot_fiber": 1.599111, "pot_shell": 2.95021, "jns_tek": "Biogas, Biomass Combustion", "alamat": " Markanding", "kecamatan": "Sei Bahar Utara", "kab_kot": "Muaro Jambi", "latitude": -1.910472, "longitude": 103.402667 }, "geometry": { "type": "Point", "coordinates": [ 103.402666700000054, -1.910472221999953 ] } },
{ "type": "Feature", "properties": { "objectid": 764, "provinsi": "Jambi", "nama_pabri": "PTPN VI", "kapasitas": 30.0, "pot_pome": 0.822515, "pot_efb": 2.054524, "pot_fiber": 0.799555, "pot_shell": 1.475105, "jns_tek": "Biogas, Biomass Combustion", "alamat": " Pulau Pauh", "kecamatan": "Renah Mendaluh", "kab_kot": "Tanjung Jabung Barat", "latitude": -0.903278, "longitude": 103.223667 }, "geometry": { "type": "Point", "coordinates": [ 103.223666700000081, -0.903277777999961 ] } },
{ "type": "Feature", "properties": { "objectid": 765, "provinsi": "Sumatera Barat", "nama_pabri": "PTPN VI", "kapasitas": 20.0, "pot_pome": 0.548343, "pot_efb": 1.369683, "pot_fiber": 0.533037, "pot_shell": 0.983403, "jns_tek": "Biogas, Biomass Combustion", "alamat": " Sei Kunyit", "kecamatan": "Sangir", "kab_kot": "Solok Selatan", "latitude": -1.416667, "longitude": 101.492808 }, "geometry": { "type": "Point", "coordinates": [ 101.492808300000036, -1.416666666999959 ] } },
{ "type": "Feature", "properties": { "objectid": 766, "provinsi": "Sumatera Selatan", "nama_pabri": "PTPN VII", "kapasitas": 30.0, "pot_pome": 0.822515, "pot_efb": 2.054524, "pot_fiber": 0.799555, "pot_shell": 1.475105, "jns_tek": "Biogas, Biomass Combustion", "alamat": " Jemenang", "kecamatan": "Rambang Dangku", "kab_kot": "Muara Enim", "latitude": -3.485833, "longitude": 104.033611 }, "geometry": { "type": "Point", "coordinates": [ 104.033611100000087, -3.48583333299996 ] } },
{ "type": "Feature", "properties": { "objectid": 767, "provinsi": "Lampung", "nama_pabri": "PTPN VII", "kapasitas": 60.0, "pot_pome": 1.64503, "pot_efb": 4.109049, "pot_fiber": 1.599111, "pot_shell": 2.95021, "jns_tek": "Biogas, Biomass Combustion", "alamat": " Panangjaya", "kecamatan": "Gunung Megang", "kab_kot": "Muara Enim", "latitude": -3.548622, "longitude": 103.843936 }, "geometry": { "type": "Point", "coordinates": [ 103.843936100000064, -3.548622199999954 ] } },
{ "type": "Feature", "properties": { "objectid": 768, "provinsi": "Bengkulu", "nama_pabri": "PTPN VII", "kapasitas": 30.0, "pot_pome": 0.822515, "pot_efb": 2.054524, "pot_fiber": 0.799555, "pot_shell": 1.475105, "jns_tek": "Biogas, Biomass Combustion", "alamat": " Pring Baru", "kecamatan": "Talo Kecil", "kab_kot": "Seluma", "latitude": -4.247, "longitude": 102.712 }, "geometry": { "type": "Point", "coordinates": [ 102.712, -4.247 ] } },
{ "type": "Feature", "properties": { "objectid": 769, "provinsi": "Lampung", "nama_pabri": "PTPN VII", "kapasitas": 40.0, "pot_pome": 1.096687, "pot_efb": 2.739366, "pot_fiber": 1.066074, "pot_shell": 1.966806, "jns_tek": "Biogas, Biomass Combustion", "alamat": " Sinar Banten", "kecamatan": "Bekri", "kab_kot": "Lampung Tengah", "latitude": -5.07404, "longitude": 105.13474 }, "geometry": { "type": "Point", "coordinates": [ 105.13474, -5.07404 ] } },
{ "type": "Feature", "properties": { "objectid": 770, "provinsi": "Sumatera Selatan", "nama_pabri": "PTPN VII", "kapasitas": 30.0, "pot_pome": 0.822515, "pot_efb": 2.054524, "pot_fiber": 0.799555, "pot_shell": 1.475105, "jns_tek": "Biogas, Biomass Combustion", "alamat": " Tanjung Agung Barat", "kecamatan": "Lais", "kab_kot": "Musi Banyuasin", "latitude": -2.256111, "longitude": 104.070556 }, "geometry": { "type": "Point", "coordinates": [ 104.070555600000034, -2.256111110999939 ] } },
{ "type": "Feature", "properties": { "objectid": 771, "provinsi": "Sumatera Selatan", "nama_pabri": "PTPN VII", "kapasitas": 60.0, "pot_pome": 1.64503, "pot_efb": 4.109049, "pot_fiber": 1.599111, "pot_shell": 2.95021, "jns_tek": "Biogas, Biomass Combustion", "alamat": " Teluk Kijing III", "kecamatan": "Betung", "kab_kot": "Banyuasin", "latitude": -2.848861, "longitude": 104.164028 }, "geometry": { "type": "Point", "coordinates": [ 104.164027800000042, -2.848861110999962 ] } },
{ "type": "Feature", "properties": { "objectid": 772, "provinsi": "Jawa Barat", "nama_pabri": "PTPN VIII", "kapasitas": 30.0, "pot_pome": 0.822515, "pot_efb": 2.054524, "pot_fiber": 0.799555, "pot_shell": 1.475105, "jns_tek": "Biogas, Biomass Combustion", "alamat": " Cigudeg", "kecamatan": "Cigudeg", "kab_kot": "Bogor", "latitude": -6.553056, "longitude": 106.537778 }, "geometry": { "type": "Point", "coordinates": [ 106.537777800000072, -6.553055555999947 ] } },
{ "type": "Feature", "properties": { "objectid": 773, "provinsi": "Banten", "nama_pabri": "PTPN VIII", "kapasitas": 60.0, "pot_pome": 1.64503, "pot_efb": 4.109049, "pot_fiber": 1.599111, "pot_shell": 2.95021, "jns_tek": "Biogas, Biomass Combustion", "alamat": " Leuwi Ipuh", "kecamatan": "Banjarsari", "kab_kot": "Lebak", "latitude": -6.620278, "longitude": 106.001389 }, "geometry": { "type": "Point", "coordinates": [ 106.001388900000052, -6.620277777999945 ] } },
{ "type": "Feature", "properties": { "objectid": 774, "provinsi": "Kalimantan Barat", "nama_pabri": "PTPN XIII", "kapasitas": 30.0, "pot_pome": 0.822515, "pot_efb": 2.054524, "pot_fiber": 0.799555, "pot_shell": 1.475105, "jns_tek": "Biogas, Biomass Combustion", "alamat": " Amboyo Inti", "kecamatan": "Ngabang", "kab_kot": "Landak", "latitude": 0.343161, "longitude": 109.938136 }, "geometry": { "type": "Point", "coordinates": [ 109.938136400000076, 0.343160700000055 ] } },
{ "type": "Feature", "properties": { "objectid": 775, "provinsi": "Kalimantan Barat", "nama_pabri": "PTPN XIII", "kapasitas": 60.0, "pot_pome": 1.64503, "pot_efb": 4.109049, "pot_fiber": 1.599111, "pot_shell": 2.95021, "jns_tek": "Biogas, Biomass Combustion", "alamat": " Binjai", "kecamatan": "Tayan", "kab_kot": "Sanggau", "latitude": -0.256944, "longitude": 110.432222 }, "geometry": { "type": "Point", "coordinates": [ 110.432222200000069, -0.256944443999942 ] } },
{ "type": "Feature", "properties": { "objectid": 776, "provinsi": "Kalimantan Timur", "nama_pabri": "PTPN XIII", "kapasitas": 30.0, "pot_pome": 0.822515, "pot_efb": 2.054524, "pot_fiber": 0.799555, "pot_shell": 1.475105, "jns_tek": "Biogas, Biomass Combustion", "alamat": " Munggu Toyu", "kecamatan": "Long Kali", "kab_kot": "Paser", "latitude": -1.424, "longitude": 116.249122 }, "geometry": { "type": "Point", "coordinates": [ 116.249122, -1.424 ] } },
{ "type": "Feature", "properties": { "objectid": 777, "provinsi": "Kalimantan Timur", "nama_pabri": "PTPN XIII", "kapasitas": 60.0, "pot_pome": 1.64503, "pot_efb": 4.109049, "pot_fiber": 1.599111, "pot_shell": 2.95021, "jns_tek": "Biogas, Biomass Combustion", "alamat": " Olong Pinang", "kecamatan": "Pasir Blengkong", "kab_kot": "Paser", "latitude": -1.928419, "longitude": 116.12444 }, "geometry": { "type": "Point", "coordinates": [ 116.12444, -1.92841889999994 ] } },
{ "type": "Feature", "properties": { "objectid": 778, "provinsi": "Kalimantan Selatan", "nama_pabri": "PTPN XIII", "kapasitas": 30.0, "pot_pome": 0.822515, "pot_efb": 2.054524, "pot_fiber": 0.799555, "pot_shell": 1.475105, "jns_tek": "Biogas, Biomass Combustion", "alamat": " Pemuda", "kecamatan": "Pelaihari", "kab_kot": "Tanah Laut", "latitude": -3.725, "longitude": 114.786111 }, "geometry": { "type": "Point", "coordinates": [ 114.786111100000085, -3.725 ] } },
{ "type": "Feature", "properties": { "objectid": 779, "provinsi": "Kalimantan Barat", "nama_pabri": "PTPN XIII", "kapasitas": 30.0, "pot_pome": 0.822515, "pot_efb": 2.054524, "pot_fiber": 0.799555, "pot_shell": 1.475105, "jns_tek": "Biogas, Biomass Combustion", "alamat": " Semerangkai", "kecamatan": "Kapuas", "kab_kot": "Sanggau", "latitude": -0.030038, "longitude": 110.451926 }, "geometry": { "type": "Point", "coordinates": [ 110.451925800000083, -0.030038099999956 ] } },
{ "type": "Feature", "properties": { "objectid": 780, "provinsi": "Kalimantan Timur", "nama_pabri": "PTPN XIII", "kapasitas": 45.0, "pot_pome": 1.233773, "pot_efb": 3.081786, "pot_fiber": 1.199333, "pot_shell": 2.212657, "jns_tek": "Biogas, Biomass Combustion", "alamat": " Semuntai", "kecamatan": "Longikis", "kab_kot": "Paser", "latitude": -1.673722, "longitude": 116.125111 }, "geometry": { "type": "Point", "coordinates": [ 116.125111100000026, -1.673722221999981 ] } },
{ "type": "Feature", "properties": { "objectid": 781, "provinsi": "Kalimantan Selatan", "nama_pabri": "PTPN XIII", "kapasitas": 30.0, "pot_pome": 0.822515, "pot_efb": 2.054524, "pot_fiber": 0.799555, "pot_shell": 1.475105, "jns_tek": "Biogas, Biomass Combustion", "alamat": " Sukamaju", "kecamatan": "Sampahnahan", "kab_kot": "Kotabaru", "latitude": -2.686962, "longitude": 116.202286 }, "geometry": { "type": "Point", "coordinates": [ 116.202285900000106, -2.68696239999997 ] } },
{ "type": "Feature", "properties": { "objectid": 782, "provinsi": "Kalimantan Barat", "nama_pabri": "PTPN XIII", "kapasitas": 45.0, "pot_pome": 1.233773, "pot_efb": 3.081786, "pot_fiber": 1.199333, "pot_shell": 2.212657, "jns_tek": "Biogas, Biomass Combustion", "alamat": " Tanjung Merpati", "kecamatan": "Kembayan", "kab_kot": "Sanggau", "latitude": 0.563861, "longitude": 110.410639 }, "geometry": { "type": "Point", "coordinates": [ 110.410638900000038, 0.563861111000051 ] } },
{ "type": "Feature", "properties": { "objectid": 783, "provinsi": "Sulawesi Selatan", "nama_pabri": "PTPN XIV", "kapasitas": 30.0, "pot_pome": 0.822515, "pot_efb": 2.054524, "pot_fiber": 0.799555, "pot_shell": 1.475105, "jns_tek": "Biogas, Biomass Combustion", "alamat": " Lagego", "kecamatan": "Burau", "kab_kot": "Luwu Timur", "latitude": -2.616245, "longitude": 120.654632 }, "geometry": { "type": "Point", "coordinates": [ 120.654631600000016, -2.616244799999947 ] } },
{ "type": "Feature", "properties": { "objectid": 784, "provinsi": "Sumatera Utara", "nama_pabri": "Pusat Penelitian Kelapa Sawit", "kapasitas": 10.0, "pot_pome": 0.274172, "pot_efb": 0.684841, "pot_fiber": 0.266518, "pot_shell": 0.491702, "jns_tek": "Biogas, Biomass Combustion", "alamat": " Aek Pancur", "kecamatan": "Tanjung Morawa", "kab_kot": "Deli Serdang", "latitude": 3.453394, "longitude": 98.786125 }, "geometry": { "type": "Point", "coordinates": [ 98.786125, 3.453394400000036 ] } }
]
}
